# Blender 4.4.3
# www.blender.org
mtllib glass.mtl
o ikea_pokla_glass_12oz_Cylinder.005
v 0.110240 0.000000 0.249350
v 0.066020 0.000000 0.249350
v 0.156660 0.000000 0.255690
v 0.154390 0.000000 0.256630
v 0.021870 0.000000 0.256630
v 0.115470 0.445005 0.291455
v 0.115490 0.461325 0.300360
v 0.060795 0.445005 0.291455
v 0.064240 0.461255 0.300290
v 0.063270 0.420055 0.282135
v 0.062525 0.409040 0.278930
v 0.112995 0.420055 0.282135
v 0.113740 0.409040 0.278930
v 0.159785 0.422840 0.291210
v 0.163240 0.409040 0.287460
v 0.016975 0.423400 0.291185
v 0.013045 0.409040 0.287475
v 0.146505 0.443620 0.295225
v 0.030485 0.443575 0.295075
v 0.158965 0.012405 0.259220
v 0.110205 0.012405 0.253325
v 0.066060 0.012405 0.253325
v 0.021005 0.012405 0.260755
v 0.155260 0.012405 0.260755
v 0.088130 0.000000 0.249350
v 0.088300 0.463755 0.301140
v 0.088130 0.445005 0.291455
v 0.088130 0.409040 0.278930
v 0.088130 0.420055 0.282135
v 0.088130 0.012405 0.253325
v 0.132100 0.000000 0.183345
v 0.182730 0.000000 0.219325
v 0.181755 0.000000 0.138640
v 0.151675 0.000000 0.172045
v 0.247470 0.445005 0.214130
v 0.254505 0.460425 0.218810
v 0.208805 0.445005 0.252795
v 0.214445 0.460055 0.258535
v 0.203965 0.420055 0.244455
v 0.201175 0.409040 0.242715
v 0.239130 0.420055 0.209290
v 0.237390 0.409040 0.206500
v 0.278630 0.422840 0.182625
v 0.278425 0.409040 0.177530
v 0.177630 0.423400 0.283590
v 0.172230 0.409040 0.283740
v 0.272090 0.443610 0.194860
v 0.189965 0.443570 0.276800
v 0.255430 0.012405 0.160585
v 0.216785 0.012405 0.190890
v 0.185565 0.012405 0.222110
v 0.253895 0.012405 0.164290
v 0.198365 0.000000 0.203690
v 0.235040 0.463725 0.240115
v 0.228140 0.445005 0.233465
v 0.219280 0.409040 0.224605
v 0.221545 0.420055 0.226875
v 0.201175 0.012405 0.206500
v 0.195645 0.000000 0.073285
v 0.190945 0.000000 0.117990
v 0.168470 0.000000 0.012250
v 0.190945 0.000000 0.051180
v 0.286130 0.445005 0.066120
v 0.294615 0.460920 0.066855
v 0.286130 0.445005 0.120795
v 0.293170 0.459665 0.120055
v 0.276810 0.420055 0.118320
v 0.273605 0.409040 0.119065
v 0.276810 0.420055 0.068595
v 0.273605 0.409040 0.067850
v 0.285885 0.422840 0.021805
v 0.282135 0.409040 0.018345
v 0.285860 0.423400 0.164615
v 0.282150 0.409040 0.168545
v 0.291600 0.455590 0.034435
v 0.284660 0.455850 0.011915
v 0.289890 0.443595 0.035070
v 0.289800 0.443525 0.151115
v 0.253895 0.012405 0.022625
v 0.248000 0.012405 0.071385
v 0.248000 0.012405 0.115530
v 0.255430 0.012405 0.026330
v 0.195645 0.000000 0.095885
v 0.295930 0.463775 0.093230
v 0.286130 0.445005 0.093455
v 0.273605 0.409040 0.093455
v 0.276810 0.420055 0.093455
v 0.248000 0.012405 0.093455
v 0.182730 -0.000000 -0.032410
v 0.151675 -0.000000 -0.002875
v 0.154390 -0.000000 -0.069720
v 0.156660 -0.000000 -0.068780
v 0.208805 0.445005 -0.065880
v 0.215350 0.461520 -0.072285
v 0.247470 0.445005 -0.027220
v 0.252220 0.461775 -0.035675
v 0.239130 0.420055 -0.022380
v 0.237390 0.409040 -0.019585
v 0.203965 0.420055 -0.057540
v 0.201175 0.409040 -0.055800
v 0.177300 0.422840 -0.097045
v 0.172205 0.409040 -0.096835
v 0.278265 0.423400 0.003955
v 0.278415 0.409040 0.009360
v 0.189520 0.443630 -0.090480
v 0.271445 0.443605 -0.008360
v 0.155260 0.012405 -0.073840
v 0.185565 0.012405 -0.035195
v 0.216785 0.012405 -0.003980
v 0.158965 0.012405 -0.072305
v 0.132100 -0.000000 -0.014175
v 0.234930 0.463935 -0.054430
v 0.228140 0.445005 -0.046550
v 0.219280 0.409040 -0.037695
v 0.221545 0.420055 -0.039960
v 0.201175 0.012405 -0.019585
v 0.066020 -0.000000 -0.062440
v 0.110240 -0.000000 -0.062440
v 0.019600 -0.000000 -0.068780
v 0.021870 -0.000000 -0.069720
v 0.060795 0.445005 -0.104540
v 0.060235 0.460685 -0.113610
v 0.115470 0.445005 -0.104540
v 0.111670 0.460945 -0.113570
v 0.112995 0.420055 -0.095220
v 0.113740 0.409040 -0.092020
v 0.063270 0.420055 -0.095220
v 0.062525 0.409040 -0.092020
v 0.016480 0.422840 -0.104300
v 0.013020 0.409040 -0.100550
v 0.159290 0.423400 -0.104275
v 0.163215 0.409040 -0.100560
v 0.029755 0.443610 -0.108320
v 0.145785 0.443560 -0.108165
v 0.017300 0.012405 -0.072305
v 0.066060 0.012405 -0.066410
v 0.110205 0.012405 -0.066410
v 0.021005 0.012405 -0.073840
v 0.088130 -0.000000 -0.062440
v 0.087895 0.463255 -0.112105
v 0.088130 0.445005 -0.104540
v 0.088130 0.409040 -0.092020
v 0.088130 0.420055 -0.095220
v 0.088130 0.012405 -0.066410
v 0.024590 -0.000000 -0.002875
v -0.006470 -0.000000 -0.032410
v -0.014685 0.000000 0.051180
v 0.007795 0.000000 0.012250
v -0.071205 0.445005 -0.027220
v -0.076495 0.460415 -0.033945
v -0.032545 0.445005 -0.065880
v -0.039335 0.459985 -0.070530
v -0.027705 0.420055 -0.057540
v -0.024910 0.409040 -0.055800
v -0.062865 0.420055 -0.022380
v -0.061125 0.409040 -0.019585
v -0.102370 0.422840 0.004290
v -0.102160 0.409040 0.009385
v -0.001370 0.423400 -0.096675
v 0.004035 0.409040 -0.096830
v -0.095815 0.443590 -0.007900
v -0.013670 0.443560 -0.089880
v -0.079165 0.012405 0.026330
v -0.040520 0.012405 -0.003980
v -0.009305 0.012405 -0.035195
v -0.077630 0.012405 0.022625
v 0.044160 -0.000000 -0.014175
v -0.058910 0.463770 -0.053345
v -0.051875 0.445005 -0.046550
v -0.043020 0.409040 -0.037695
v -0.045285 0.420055 -0.039960
v -0.024910 0.012405 -0.019585
v -0.014685 0.000000 0.117990
v -0.019385 0.000000 0.073285
v 0.024590 0.000000 0.172045
v -0.005490 0.000000 0.138640
v -0.109870 0.445005 0.120795
v -0.118580 0.461150 0.121705
v -0.109870 0.445005 0.066120
v -0.119075 0.461465 0.069330
v -0.100550 0.420055 0.068595
v -0.097345 0.409040 0.067850
v -0.100550 0.420055 0.118320
v -0.097345 0.409040 0.119065
v -0.109555 0.422795 0.165135
v -0.105875 0.409040 0.168565
v -0.109600 0.423400 0.022300
v -0.105885 0.409040 0.018370
v -0.115195 0.443325 0.149670
v -0.113470 0.443595 0.035815
v -0.077630 0.012405 0.164290
v -0.071735 0.012405 0.115530
v -0.071735 0.012405 0.071385
v -0.079165 0.012405 0.160585
v -0.019385 0.000000 0.095885
v -0.121215 0.464130 0.093550
v -0.109870 0.445005 0.093455
v -0.097345 0.409040 0.093455
v -0.100550 0.420055 0.093455
v -0.071735 0.012405 0.093455
v -0.006470 0.000000 0.219325
v 0.044160 0.000000 0.183345
v 0.019600 0.000000 0.255690
v -0.032545 0.445005 0.252795
v -0.039020 0.460905 0.258820
v -0.071205 0.445005 0.214130
v -0.075260 0.460810 0.222190
v -0.062865 0.420055 0.209290
v -0.061125 0.409040 0.206500
v -0.027705 0.420055 0.244455
v -0.024910 0.409040 0.242715
v -0.001035 0.422840 0.283955
v 0.004060 0.409040 0.283750
v -0.102000 0.423400 0.182955
v -0.102155 0.409040 0.177555
v -0.013245 0.443610 0.277400
v -0.095200 0.443570 0.195255
v -0.009305 0.012405 0.222110
v -0.040520 0.012405 0.190890
v 0.017300 0.012405 0.259220
v -0.022105 0.000000 0.203690
v -0.058690 0.463785 0.240515
v -0.051875 0.445005 0.233465
v -0.043020 0.409040 0.224605
v -0.045285 0.420055 0.226875
v -0.024910 0.012405 0.206500
v 0.155525 0.000000 0.256160
v 0.157110 0.012405 0.259985
v 0.168470 0.000000 0.156920
v 0.254660 0.012405 0.162435
v 0.088130 0.494580 -0.126705
v 0.131085 0.494580 -0.122475
v 0.172385 0.494580 -0.109945
v 0.210445 0.494580 -0.089600
v 0.243810 0.494580 -0.062220
v 0.271190 0.494580 -0.028860
v 0.291535 0.494580 0.009205
v 0.304060 0.494580 0.050505
v 0.308290 0.494580 0.093455
v 0.304060 0.494580 0.136410
v 0.291535 0.494580 0.177710
v 0.271190 0.494580 0.215770
v 0.243810 0.494580 0.249135
v 0.210445 0.494580 0.276515
v 0.172385 0.494580 0.296860
v 0.131085 0.494580 0.309385
v 0.088130 0.494580 0.313615
v 0.045180 0.494580 0.309385
v 0.003880 0.494580 0.296860
v -0.034185 0.494580 0.276515
v -0.067545 0.494580 0.249135
v -0.094925 0.494580 0.215770
v -0.115270 0.494580 0.177710
v -0.127800 0.494580 0.136410
v -0.132030 0.494580 0.093455
v -0.127800 0.494580 0.050505
v -0.115270 0.494580 0.009205
v -0.094925 0.494580 -0.028860
v -0.067545 0.494580 -0.062220
v -0.034185 0.494580 -0.089600
v 0.003880 0.494580 -0.109945
v 0.045180 0.494580 -0.122475
v 0.088520 0.471190 -0.121580
v 0.124655 0.465990 -0.115050
v 0.170480 0.465990 -0.104060
v 0.207455 0.465990 -0.084240
v 0.240995 0.474235 -0.058925
v 0.266430 0.465990 -0.025130
v 0.286165 0.465990 0.011890
v 0.298295 0.465990 0.052045
v 0.303590 0.471910 0.093730
v 0.298200 0.465990 0.135545
v 0.285980 0.465990 0.175675
v 0.266160 0.465990 0.212650
v 0.240560 0.472970 0.246045
v 0.207055 0.465990 0.271625
v 0.170035 0.465990 0.291360
v 0.129875 0.465990 0.303490
v 0.088125 0.474165 0.309290
v 0.046375 0.465990 0.303395
v 0.006245 0.465990 0.291175
v -0.030730 0.465990 0.271355
v -0.064270 0.473375 0.245850
v -0.089705 0.465990 0.212245
v -0.109440 0.465990 0.175225
v -0.123320 0.470000 0.126235
v -0.127130 0.472670 0.093350
v -0.123495 0.470070 0.062620
v -0.109250 0.465990 0.011440
v -0.080750 0.465990 -0.036095
v -0.063650 0.471175 -0.058710
v -0.041115 0.465990 -0.075675
v 0.006695 0.465990 -0.104245
v 0.049235 0.465990 -0.114870
v 0.167845 0.409040 -0.099735
v 0.168780 0.423095 -0.101445
v 0.281065 0.409040 0.013140
v 0.283105 0.423810 0.013080
v 0.281385 0.409040 0.173305
v 0.284500 0.445360 0.174630
v 0.283070 0.425230 0.174090
v 0.168795 0.424560 0.289085
v 0.168265 0.409040 0.287495
v 0.169500 0.445275 0.289420
v 0.008060 0.409040 0.286880
v 0.007365 0.421985 0.288105
v -0.105500 0.409040 0.173980
v -0.107025 0.424795 0.173930
v -0.104400 0.409040 0.014250
v -0.105850 0.423675 0.013510
v 0.007995 0.409040 -0.098710
v 0.007455 0.425015 -0.100380
v 0.169625 0.455620 0.289920
v 0.148160 0.455565 0.296540
v 0.189525 0.455565 0.279255
v 0.285030 0.455650 0.174940
v 0.274275 0.455570 0.194530
v 0.291215 0.455570 0.153270
v 0.181755 0.000000 0.030530
v 0.284590 0.445350 0.011985
v 0.254660 0.012405 0.024475
v 0.155525 -0.000000 -0.069250
v 0.169150 0.445030 -0.102620
v 0.157110 0.012405 -0.073075
v 0.020735 -0.000000 -0.069250
v 0.006755 0.445505 -0.102530
v 0.019150 0.012405 -0.073075
v -0.005490 0.000000 0.030530
v -0.107925 0.444835 0.012445
v -0.078400 0.012405 0.024475
v 0.007795 0.000000 0.156920
v -0.107880 0.445720 0.174840
v -0.078400 0.012405 0.162435
v 0.020735 0.000000 0.256160
v 0.007145 0.444390 0.289470
v 0.019150 0.012405 0.259985
v 0.273480 0.455590 -0.008930
v 0.169400 0.455520 -0.103020
v 0.188385 0.455555 -0.092995
v 0.148735 0.455550 -0.109270
v 0.006660 0.455705 -0.102950
v -0.012250 0.455580 -0.092805
v 0.027060 0.455580 -0.109235
v -0.108430 0.455440 0.012155
v -0.097685 0.455545 -0.008205
v -0.115140 0.455540 0.034300
v -0.108505 0.455790 0.174890
v -0.116105 0.455455 0.151325
v -0.097185 0.455570 0.195975
v 0.006825 0.455255 0.290030
v -0.014040 0.455525 0.279045
v 0.029500 0.455525 0.296920
v 0.110785 -0.000000 -0.061990
v 0.111325 -0.000000 -0.061540
v 0.123780 -0.000000 -0.026795
v 0.110610 -0.000000 -0.021160
v 0.088130 0.005810 0.084585
v 0.110610 0.000000 0.190330
v 0.131250 0.000000 0.198770
v 0.123780 0.000000 0.213710
v 0.111325 0.000000 0.248450
v 0.110785 0.000000 0.248900
v 0.088130 -0.000000 -0.061990
v 0.088130 -0.000000 -0.061540
v 0.088130 -0.000000 -0.026795
v 0.088130 -0.000000 -0.023520
v 0.088130 0.000000 0.192690
v 0.088130 0.000000 0.198770
v 0.088130 0.000000 0.213710
v 0.088130 0.000000 0.248450
v 0.088130 0.000000 0.248900
v 0.065480 -0.000000 -0.061990
v 0.064935 -0.000000 -0.061540
v 0.052485 -0.000000 -0.026795
v 0.065655 -0.000000 -0.021160
v 0.065655 0.000000 0.190330
v 0.045015 0.000000 0.198770
v 0.052485 0.000000 0.213710
v 0.064935 0.000000 0.248450
v 0.065480 0.000000 0.248900
v 0.100280 0.005675 0.111865
v 0.108235 0.005260 0.129735
v 0.116190 0.004485 0.147605
v 0.124145 0.003085 0.165475
v 0.003920 0.003085 0.111945
v 0.022525 0.004485 0.105900
v 0.041125 0.005260 0.099855
v 0.059730 0.005675 0.093815
v 0.062270 0.005675 0.099515
v 0.045330 0.005260 0.109295
v 0.028390 0.004485 0.119075
v 0.011450 0.003085 0.128855
v 0.022330 0.003085 0.143835
v 0.036865 0.004485 0.130745
v 0.051400 0.005260 0.117655
v 0.065940 0.005675 0.104565
v 0.070580 0.005675 0.108745
v 0.059080 0.005260 0.124570
v 0.047585 0.004485 0.140395
v 0.036085 0.003085 0.156220
v 0.140175 0.003085 0.156220
v 0.128680 0.004485 0.140395
v 0.117180 0.005260 0.124570
v 0.105685 0.005675 0.108745
v 0.110325 0.005675 0.104565
v 0.124860 0.005260 0.117655
v 0.139395 0.004485 0.130745
v 0.153935 0.003085 0.143835
v 0.081925 0.005675 0.055375
v 0.077855 0.005260 0.036240
v 0.073790 0.004485 0.017110
v 0.069720 0.003085 -0.002025
v 0.000070 0.003085 0.075330
v 0.019525 0.004485 0.077375
v 0.038980 0.005260 0.079420
v 0.058430 0.005675 0.081465
v 0.058430 0.005675 0.087705
v 0.038980 0.005260 0.089750
v 0.019525 0.004485 0.091795
v 0.000070 0.003085 0.093840
v 0.052115 0.003085 0.003695
v 0.060075 0.004485 0.021565
v 0.068030 0.005260 0.039435
v 0.075985 0.005675 0.057305
v 0.052115 0.003085 0.165475
v 0.060075 0.004485 0.147605
v 0.068030 0.005260 0.129735
v 0.075985 0.005675 0.111865
v 0.105685 0.005675 0.060425
v 0.117180 0.005260 0.044600
v 0.128680 0.004485 0.028775
v 0.140175 0.003085 0.012950
v 0.088130 0.005675 0.054720
v 0.088130 0.005260 0.035160
v 0.088130 0.004485 0.015600
v 0.088130 0.003085 -0.003960
v 0.164815 0.003085 0.128855
v 0.147875 0.004485 0.119075
v 0.130935 0.005260 0.109295
v 0.113995 0.005675 0.099515
v 0.176190 0.003085 0.075330
v 0.156740 0.004485 0.077375
v 0.137285 0.005260 0.079420
v 0.117830 0.005675 0.081465
v 0.116530 0.005675 0.075355
v 0.135135 0.005260 0.069310
v 0.153740 0.004485 0.063265
v 0.172345 0.003085 0.057225
v 0.036085 0.003085 0.012950
v 0.047585 0.004485 0.028775
v 0.059080 0.005260 0.044600
v 0.070580 0.005675 0.060425
v 0.065940 0.005675 0.064605
v 0.051400 0.005260 0.051515
v 0.036865 0.004485 0.038425
v 0.022330 0.003085 0.025335
v 0.069720 0.003085 0.171195
v 0.073790 0.004485 0.152060
v 0.077855 0.005260 0.132930
v 0.081925 0.005675 0.113795
v 0.164815 0.003085 0.040310
v 0.147875 0.004485 0.050095
v 0.130935 0.005260 0.059875
v 0.113995 0.005675 0.069655
v 0.110325 0.005675 0.064605
v 0.124860 0.005260 0.051515
v 0.139395 0.004485 0.038425
v 0.153935 0.003085 0.025335
v 0.124145 0.003085 0.003695
v 0.116190 0.004485 0.021565
v 0.108235 0.005260 0.039435
v 0.100280 0.005675 0.057305
v 0.094340 0.005675 0.055375
v 0.098405 0.005260 0.036240
v 0.102475 0.004485 0.017110
v 0.106540 0.003085 -0.002025
v 0.011450 0.003085 0.040310
v 0.028390 0.004485 0.050095
v 0.045330 0.005260 0.059875
v 0.062270 0.005675 0.069655
v 0.059730 0.005675 0.075355
v 0.041125 0.005260 0.069310
v 0.022525 0.004485 0.063265
v 0.003920 0.003085 0.057225
v 0.172345 0.003085 0.111945
v 0.153740 0.004485 0.105900
v 0.135135 0.005260 0.099855
v 0.116530 0.005675 0.093815
v 0.117830 0.005675 0.087705
v 0.137285 0.005260 0.089750
v 0.156740 0.004485 0.091795
v 0.176190 0.003085 0.093840
v 0.088130 0.003085 0.173130
v 0.088130 0.004485 0.153570
v 0.088130 0.005260 0.134010
v 0.088130 0.005675 0.114445
v 0.094340 0.005675 0.113795
v 0.098405 0.005260 0.132930
v 0.102475 0.004485 0.152060
v 0.106540 0.003085 0.171195
v 0.088130 0.000000 0.250420
v 0.088130 0.003985 0.252435
v 0.088130 0.000475 0.251595
v 0.066235 0.003985 0.252430
v 0.066110 0.000000 0.250420
v 0.066185 0.000475 0.251595
v 0.156620 0.001620 0.258800
v 0.155945 0.000000 0.257170
v 0.156390 0.000475 0.258250
v 0.157375 0.000000 0.256595
v 0.159980 0.003985 0.256330
v 0.158090 0.000475 0.257530
v 0.154520 0.000000 0.257745
v 0.152495 0.003985 0.259430
v 0.154680 0.000475 0.258930
v 0.110030 0.003985 0.252430
v 0.110155 0.000000 0.250420
v 0.110075 0.000475 0.251595
v 0.023765 0.003985 0.259430
v 0.021745 0.000000 0.257745
v 0.021585 0.000475 0.258930
v 0.199190 0.000000 0.204515
v 0.200545 0.003985 0.205870
v 0.199975 0.000475 0.205300
v 0.185060 0.003985 0.221350
v 0.183595 0.000000 0.220060
v 0.184450 0.000475 0.220805
v 0.253475 0.001620 0.161945
v 0.251250 0.000000 0.161750
v 0.252705 0.000475 0.161970
v 0.252215 0.000000 0.159485
v 0.254105 0.003985 0.157820
v 0.253550 0.000475 0.159840
v 0.250315 0.000000 0.163890
v 0.251005 0.003985 0.165305
v 0.251695 0.000475 0.164015
v 0.216025 0.003985 0.190385
v 0.213835 0.000000 0.189940
v 0.214965 0.000475 0.190285
v 0.244965 0.000000 0.093540
v 0.247110 0.003985 0.093455
v 0.246235 0.000475 0.093495
v 0.247105 0.003985 0.115355
v 0.244960 0.000000 0.115430
v 0.246230 0.000475 0.115375
v 0.253475 0.001620 0.024970
v 0.251215 0.000000 0.025200
v 0.252695 0.000475 0.024965
v 0.250215 0.000000 0.022900
v 0.251005 0.003985 0.021610
v 0.251640 0.000475 0.022840
v 0.252225 0.000000 0.027585
v 0.254105 0.003985 0.029090
v 0.253555 0.000475 0.027150
v 0.247105 0.003985 0.071560
v 0.244965 0.000000 0.071620
v 0.246230 0.000475 0.071605
v 0.198265 -0.000000 -0.018530
v 0.200545 0.003985 -0.018960
v 0.199495 0.000475 -0.018865
v 0.216025 0.003985 -0.003470
v 0.213695 -0.000000 -0.003170
v 0.214880 0.000475 -0.003450
v 0.156620 0.001620 -0.071890
v 0.155945 -0.000000 -0.070255
v 0.156390 0.000475 -0.071335
v 0.154520 -0.000000 -0.070830
v 0.152495 0.003985 -0.072515
v 0.154680 0.000475 -0.072020
v 0.157380 -0.000000 -0.069680
v 0.159980 0.003985 -0.069415
v 0.158090 0.000475 -0.070615
v 0.185060 0.003985 -0.034435
v 0.183600 -0.000000 -0.033150
v 0.184450 0.000475 -0.033895
v 0.088130 -0.000000 -0.063505
v 0.088130 0.003985 -0.065520
v 0.088130 0.000475 -0.064685
v 0.110030 0.003985 -0.065515
v 0.110155 -0.000000 -0.063510
v 0.110075 0.000475 -0.064685
v 0.019645 0.001620 -0.071890
v 0.020320 -0.000000 -0.070255
v 0.019870 0.000475 -0.071335
v 0.018885 -0.000000 -0.069680
v 0.016285 0.003985 -0.069415
v 0.018175 0.000475 -0.070615
v 0.021745 -0.000000 -0.070830
v 0.023765 0.003985 -0.072515
v 0.021585 0.000475 -0.072020
v 0.066235 0.003985 -0.065515
v 0.066110 -0.000000 -0.063510
v 0.066185 0.000475 -0.064685
v -0.022005 -0.000000 -0.018530
v -0.024285 0.003985 -0.018960
v -0.023230 0.000475 -0.018865
v -0.008795 0.003985 -0.034435
v -0.007335 -0.000000 -0.033150
v -0.008185 0.000475 -0.033895
v -0.077215 0.001620 0.024970
v -0.074955 0.000000 0.025200
v -0.076435 0.000475 0.024965
v -0.075960 0.000000 0.027585
v -0.077845 0.003985 0.029090
v -0.077295 0.000475 0.027150
v -0.073955 0.000000 0.022900
v -0.074740 0.003985 0.021610
v -0.075380 0.000475 0.022840
v -0.039760 0.003985 -0.003470
v -0.037430 -0.000000 -0.003170
v -0.038620 0.000475 -0.003450
v -0.068705 0.000000 0.093540
v -0.070845 0.003985 0.093455
v -0.069970 0.000475 0.093495
v -0.070840 0.003985 0.071560
v -0.068705 0.000000 0.071620
v -0.069965 0.000475 0.071605
v -0.077215 0.001620 0.161945
v -0.074990 0.000000 0.161750
v -0.076440 0.000475 0.161970
v -0.074050 0.000000 0.163890
v -0.074740 0.003985 0.165305
v -0.075435 0.000475 0.164015
v -0.075950 0.000000 0.159485
v -0.077840 0.003985 0.157820
v -0.077290 0.000475 0.159840
v -0.070840 0.003985 0.115355
v -0.068700 0.000000 0.115430
v -0.069970 0.000475 0.115375
v -0.037570 0.000000 0.189940
v -0.039760 0.003985 0.190385
v -0.038700 0.000475 0.190285
v -0.022930 0.000000 0.204515
v -0.024285 0.003985 0.205870
v -0.023710 0.000475 0.205300
v 0.018885 0.000000 0.256595
v 0.016285 0.003985 0.256330
v 0.018175 0.000475 0.257530
v -0.008795 0.003985 0.221350
v -0.007335 0.000000 0.220060
v -0.008185 0.000475 0.220805
v 0.019645 0.001620 0.258800
v 0.020320 0.000000 0.257165
v 0.019870 0.000475 0.258250
v 0.062895 0.392525 0.276250
v 0.062655 0.404635 0.277960
v 0.062765 0.398645 0.277020
v 0.113370 0.392525 0.276250
v 0.113615 0.404635 0.278015
v 0.113500 0.398645 0.277035
v 0.166150 0.392525 0.284825
v 0.163455 0.404635 0.286855
v 0.163600 0.398645 0.285500
v 0.170535 0.392525 0.281035
v 0.171565 0.404635 0.282770
v 0.170975 0.398645 0.281815
v 0.013260 0.404635 0.286320
v 0.013765 0.392525 0.284365
v 0.013520 0.398645 0.285230
v 0.088130 0.404635 0.277985
v 0.088130 0.392525 0.276250
v 0.088130 0.398645 0.277025
v 0.200580 0.404635 0.241930
v 0.199540 0.392525 0.240555
v 0.199995 0.398645 0.241190
v 0.235230 0.392525 0.204865
v 0.236655 0.404635 0.205940
v 0.235880 0.398645 0.205330
v 0.278615 0.392525 0.173605
v 0.278145 0.404635 0.176945
v 0.277290 0.398645 0.175890
v 0.279040 0.392525 0.167825
v 0.280995 0.404635 0.168325
v 0.279905 0.398645 0.168065
v 0.218615 0.404635 0.223940
v 0.217385 0.392525 0.222710
v 0.217935 0.398645 0.223260
v 0.270925 0.392525 0.118695
v 0.272635 0.404635 0.118930
v 0.271695 0.398645 0.118820
v 0.270925 0.392525 0.068220
v 0.272690 0.404635 0.067975
v 0.271710 0.398645 0.068090
v 0.279500 0.392525 0.015440
v 0.281530 0.404635 0.018130
v 0.280175 0.398645 0.017990
v 0.277445 0.404635 0.010025
v 0.275710 0.392525 0.011050
v 0.276490 0.398645 0.010610
v 0.272660 0.404635 0.093455
v 0.270925 0.392525 0.093455
v 0.271700 0.398645 0.093455
v 0.235230 0.392525 -0.017950
v 0.236605 0.404635 -0.018995
v 0.235865 0.398645 -0.018405
v 0.199540 0.392525 -0.053645
v 0.200615 0.404635 -0.055065
v 0.200005 0.398645 -0.054290
v 0.168280 0.392525 -0.097030
v 0.171620 0.404635 -0.096560
v 0.170565 0.398645 -0.095705
v 0.163000 0.404635 -0.099405
v 0.162500 0.392525 -0.097450
v 0.162740 0.398645 -0.098315
v 0.218615 0.404635 -0.037025
v 0.217385 0.392525 -0.035800
v 0.217935 0.398645 -0.036345
v 0.113370 0.392525 -0.089335
v 0.113605 0.404635 -0.091045
v 0.113495 0.398645 -0.090105
v 0.062895 0.392525 -0.089335
v 0.062650 0.404635 -0.091105
v 0.062765 0.398645 -0.090125
v 0.010115 0.392525 -0.097910
v 0.012805 0.404635 -0.099940
v 0.012665 0.398645 -0.098590
v 0.004700 0.404635 -0.095860
v 0.005725 0.392525 -0.094120
v 0.005285 0.398645 -0.094905
v 0.088130 0.404635 -0.091070
v 0.088130 0.392525 -0.089340
v 0.088130 0.398645 -0.090115
v -0.023275 0.392525 -0.053645
v -0.024320 0.404635 -0.055020
v -0.023730 0.398645 -0.054280
v -0.058970 0.392525 -0.017950
v -0.060390 0.404635 -0.019030
v -0.059615 0.398645 -0.018415
v -0.102355 0.392525 0.013305
v -0.101885 0.404635 0.009965
v -0.101030 0.398645 0.011025
v -0.104730 0.404635 0.018585
v -0.102775 0.392525 0.019090
v -0.103640 0.398645 0.018845
v -0.042350 0.404635 -0.037025
v -0.041125 0.392525 -0.035800
v -0.041670 0.398645 -0.036345
v -0.094660 0.392525 0.068220
v -0.096370 0.404635 0.067980
v -0.095430 0.398645 0.068090
v -0.094660 0.392525 0.118695
v -0.096430 0.404635 0.118940
v -0.095450 0.398645 0.118825
v -0.103235 0.392525 0.171475
v -0.105265 0.404635 0.168780
v -0.103915 0.398645 0.168925
v -0.101185 0.404635 0.176890
v -0.099445 0.392525 0.175860
v -0.100230 0.398645 0.176300
v -0.096395 0.404635 0.093455
v -0.094665 0.392525 0.093455
v -0.095440 0.398645 0.093455
v -0.058970 0.392525 0.204865
v -0.060345 0.404635 0.205905
v -0.059605 0.398645 0.205320
v -0.023275 0.392525 0.240555
v -0.024355 0.404635 0.241980
v -0.023745 0.398645 0.241205
v 0.007980 0.392525 0.283940
v 0.004640 0.404635 0.283470
v 0.005700 0.398645 0.282615
v -0.042350 0.404635 0.223940
v -0.041125 0.392525 0.222710
v -0.041670 0.398645 0.223260
v 0.168135 0.404635 0.286345
v 0.167630 0.392525 0.283900
v 0.167805 0.398645 0.284955
v 0.280640 0.404635 0.172805
v 0.279010 0.392525 0.171905
v 0.279760 0.398645 0.172335
v 0.167490 0.404635 -0.099155
v 0.166580 0.392525 -0.097425
v 0.167005 0.398645 -0.098205
v 0.280355 0.404635 0.013340
v 0.278575 0.392525 0.013955
v 0.279395 0.398645 0.013685
v 0.008580 0.404635 0.286170
v 0.009685 0.392525 0.284335
v 0.009170 0.398645 0.285140
v -0.104350 0.404635 0.173650
v -0.102310 0.392525 0.172955
v -0.103215 0.398645 0.173250
v -0.104005 0.404635 0.014450
v -0.102750 0.392525 0.015010
v -0.103375 0.398645 0.014730
v 0.008135 0.404635 -0.098270
v 0.008630 0.392525 -0.096985
v 0.008385 0.398645 -0.097630
v 0.116235 0.463275 0.301640
v 0.148205 0.445125 0.296190
v 0.014770 0.424235 0.291830
v 0.028830 0.445120 0.296070
v 0.063520 0.463190 0.301585
v 0.162010 0.423630 0.291845
v 0.165600 0.409040 0.287945
v 0.010655 0.409040 0.287940
v 0.088280 0.465755 0.302470
v 0.255935 0.462375 0.219135
v 0.273965 0.445125 0.194330
v 0.176525 0.424235 0.285600
v 0.189470 0.445120 0.278660
v 0.214775 0.461995 0.259965
v 0.280655 0.423630 0.181495
v 0.280430 0.409040 0.176200
v 0.170870 0.409040 0.285765
v 0.235950 0.465750 0.241060
v 0.295905 0.462850 0.066105
v 0.290865 0.445125 0.033385
v 0.286505 0.424235 0.166820
v 0.290745 0.445120 0.152755
v 0.294400 0.461590 0.120845
v 0.286520 0.423630 0.019575
v 0.282620 0.409040 0.015990
v 0.282615 0.409040 0.170935
v 0.297305 0.465765 0.093315
v 0.215790 0.463390 -0.073810
v 0.189005 0.445125 -0.092375
v 0.280275 0.424235 0.005060
v 0.273335 0.445120 -0.007885
v 0.253730 0.463645 -0.036150
v 0.176170 0.423630 -0.099065
v 0.170875 0.409040 -0.098845
v 0.280440 0.409040 0.010720
v 0.237275 0.465865 -0.056200
v 0.059460 0.462930 -0.114390
v 0.028060 0.445125 -0.109275
v 0.161495 0.424235 -0.104915
v 0.147430 0.445120 -0.109160
v 0.112395 0.463190 -0.114370
v 0.014250 0.423630 -0.104930
v 0.010665 0.409040 -0.101030
v 0.165610 0.409040 -0.101030
v 0.088135 0.464950 -0.115040
v -0.077940 0.462335 -0.034330
v -0.097700 0.445125 -0.007420
v -0.000265 0.424235 -0.098690
v -0.013210 0.445120 -0.091745
v -0.039700 0.461895 -0.071975
v -0.104390 0.423630 0.005415
v -0.104170 0.409040 0.010710
v 0.005395 0.409040 -0.098850
v -0.059860 0.465765 -0.054330
v -0.120080 0.462910 0.122535
v -0.116230 0.444810 0.151315
v -0.110240 0.424235 0.020095
v -0.114485 0.445120 0.034160
v -0.120575 0.463235 0.068560
v -0.110255 0.423630 0.167335
v -0.106355 0.409040 0.170925
v -0.106355 0.409040 0.015980
v -0.122925 0.465845 0.093550
v -0.039410 0.462825 0.260275
v -0.012745 0.445125 0.279290
v -0.104015 0.424235 0.181850
v -0.097070 0.445120 0.194795
v -0.076705 0.462725 0.222590
v 0.000090 0.423630 0.285980
v 0.005385 0.409040 0.285755
v -0.104175 0.409040 0.176195
v -0.059680 0.465765 0.241470
v 0.088130 0.001620 0.252185
v 0.066215 0.001620 0.252185
v 0.154780 0.001620 0.259565
v 0.110045 0.001620 0.252185
v 0.021485 0.001620 0.259565
v 0.200370 0.001620 0.205695
v 0.184870 0.001620 0.221190
v 0.252715 0.001620 0.163785
v 0.215865 0.001620 0.190200
v 0.246860 0.001620 0.093455
v 0.246860 0.001620 0.115370
v 0.254235 0.001620 0.026810
v 0.246860 0.001620 0.071540
v 0.200370 0.001620 -0.018780
v 0.215865 0.001620 -0.003285
v 0.158460 0.001620 -0.071125
v 0.184870 0.001620 -0.034280
v 0.088130 0.001620 -0.065270
v 0.110045 0.001620 -0.065270
v 0.021485 0.001620 -0.072650
v 0.066215 0.001620 -0.065270
v 0.154780 0.001620 -0.072650
v -0.024105 0.001620 -0.018780
v -0.008610 0.001620 -0.034280
v -0.076450 0.001620 0.023130
v -0.039605 0.001620 -0.003285
v 0.017805 0.001620 -0.071125
v -0.070595 0.001620 0.093455
v -0.070595 0.001620 0.071540
v -0.077975 0.001620 0.160105
v -0.070595 0.001620 0.115370
v -0.039605 0.001620 0.190200
v -0.076450 0.001620 0.163785
v -0.077975 0.001620 0.026810
v -0.024105 0.001620 0.205695
v 0.017805 0.001620 0.258040
v -0.008610 0.001620 0.221190
v 0.158460 0.001620 0.258040
v 0.254235 0.001620 0.160105
v 0.252715 0.001620 0.023130
v 0.023385 0.012550 0.260375
v 0.160380 0.012550 0.257265
v 0.152875 0.012555 0.260380
v 0.255050 0.012550 0.158200
v 0.251945 0.012555 0.165710
v 0.251940 0.012550 0.021205
v 0.255055 0.012555 0.028715
v 0.152875 0.012550 -0.073465
v 0.160385 0.012555 -0.070360
v 0.015880 0.012550 -0.070355
v 0.023390 0.012555 -0.073470
v -0.078790 0.012550 0.028715
v -0.075685 0.012555 0.021205
v -0.075680 0.012550 0.165705
v -0.078795 0.012555 0.158200
v 0.015880 0.012555 0.257270
v 0.169120 0.392525 0.282985
v 0.169555 0.398645 0.283765
v 0.170145 0.404635 0.284720
v 0.011140 0.398645 0.285600
v 0.011380 0.392525 0.284740
v 0.010880 0.404635 0.286690
v 0.163760 0.392525 0.284450
v 0.165985 0.398645 0.285880
v 0.165840 0.404635 0.287260
v 0.279415 0.392525 0.170205
v 0.280275 0.398645 0.170450
v 0.281365 0.404635 0.170710
v 0.276665 0.392525 0.175030
v 0.279250 0.398645 0.174470
v 0.280120 0.404635 0.175550
v 0.279125 0.392525 0.017825
v 0.280555 0.398645 0.015600
v 0.281935 0.404635 0.015750
v 0.165125 0.398645 -0.098690
v 0.164880 0.392525 -0.097825
v 0.165385 0.404635 -0.099780
v 0.169705 0.392525 -0.095075
v 0.169145 0.398645 -0.097660
v 0.170225 0.404635 -0.098530
v 0.278440 0.398645 0.012030
v 0.277660 0.392525 0.012470
v 0.279395 0.404635 0.011445
v 0.012500 0.392525 -0.097540
v 0.010275 0.398645 -0.098970
v 0.010425 0.404635 -0.100345
v 0.006705 0.398645 -0.096855
v 0.007145 0.392525 -0.096070
v 0.006120 0.404635 -0.097805
v -0.104015 0.398645 0.016465
v -0.103155 0.392525 0.016705
v -0.105105 0.404635 0.016205
v -0.100400 0.392525 0.011880
v -0.102985 0.398645 0.012445
v -0.103855 0.404635 0.011365
v -0.102865 0.392525 0.169085
v -0.104295 0.398645 0.171310
v -0.105670 0.404635 0.171165
v 0.006555 0.392525 0.281990
v 0.007115 0.398645 0.284575
v 0.006040 0.404635 0.285445
v -0.102180 0.398645 0.174880
v -0.101395 0.392525 0.174445
v -0.103130 0.404635 0.175470
v 0.088130 0.555645 -0.120480
v 0.129870 0.555645 -0.116370
v 0.170000 0.555645 -0.104195
v 0.206990 0.555645 -0.084425
v 0.239410 0.555645 -0.057820
v 0.266015 0.555645 -0.025400
v 0.285785 0.555645 0.011585
v 0.297960 0.555645 0.051720
v 0.302070 0.555645 0.093455
v 0.297960 0.555645 0.135195
v 0.285785 0.555645 0.175325
v 0.266015 0.555645 0.212315
v 0.239410 0.555645 0.244735
v 0.206990 0.555645 0.271340
v 0.170000 0.555645 0.291110
v 0.129870 0.555645 0.303285
v 0.088130 0.555645 0.307395
v 0.046395 0.555645 0.303285
v 0.006260 0.555645 0.291110
v -0.030725 0.555645 0.271340
v -0.063145 0.555645 0.244735
v -0.089750 0.555645 0.212315
v -0.109520 0.555645 0.175325
v -0.121695 0.555645 0.135195
v -0.125805 0.555645 0.093455
v -0.121695 0.555645 0.051720
v -0.109520 0.555645 0.011585
v -0.089750 0.555645 -0.025400
v -0.063145 0.555645 -0.057820
v -0.030725 0.555645 -0.084425
v 0.006260 0.555645 -0.104195
v 0.046395 0.555645 -0.116370
v 0.088130 0.165590 -0.069415
v 0.119905 0.165590 -0.066285
v 0.150460 0.165590 -0.057015
v 0.178615 0.165590 -0.041965
v 0.203300 0.165590 -0.021710
v 0.223555 0.165590 0.002970
v 0.238605 0.165590 0.031130
v 0.247870 0.165590 0.061680
v 0.251000 0.165590 0.093455
v 0.247870 0.165590 0.125230
v 0.238605 0.165590 0.155785
v 0.223555 0.165590 0.183940
v 0.203300 0.165590 0.208625
v 0.178615 0.165590 0.228880
v 0.150460 0.165590 0.243930
v 0.119905 0.165590 0.253195
v 0.088130 0.165590 0.256325
v 0.056355 0.165590 0.253195
v 0.025805 0.165590 0.243930
v -0.002355 0.165590 0.228880
v -0.027035 0.165590 0.208625
v -0.047290 0.165590 0.183940
v -0.062340 0.165590 0.155785
v -0.071610 0.165590 0.125230
v -0.074740 0.165590 0.093455
v -0.071610 0.165590 0.061680
v -0.062340 0.165590 0.031130
v -0.047290 0.165590 0.002970
v -0.027035 0.165590 -0.021710
v -0.002355 0.165590 -0.041965
v 0.025805 0.165590 -0.057015
v 0.056355 0.165590 -0.066285
v 0.088130 0.118470 -0.063620
v 0.088130 0.060245 0.093455
v 0.088130 0.098100 -0.059655
v 0.088130 0.080185 -0.049280
v 0.088130 0.068890 -0.031855
v 0.118775 0.118470 -0.060600
v 0.112580 0.068890 -0.029445
v 0.115980 0.080185 -0.046540
v 0.118000 0.098100 -0.056715
v 0.148240 0.118470 -0.051660
v 0.136085 0.068890 -0.022315
v 0.142755 0.080185 -0.038415
v 0.146725 0.098100 -0.048000
v 0.175400 0.118470 -0.037145
v 0.157750 0.068890 -0.010735
v 0.167435 0.080185 -0.025225
v 0.173195 0.098100 -0.033850
v 0.199200 0.118470 -0.017615
v 0.176740 0.068890 0.004850
v 0.189065 0.080185 -0.007475
v 0.196400 0.098100 -0.014810
v 0.218735 0.118470 0.006190
v 0.192325 0.068890 0.023840
v 0.206815 0.080185 0.014155
v 0.215440 0.098100 0.008390
v 0.233250 0.118470 0.033345
v 0.203905 0.068890 0.045500
v 0.220005 0.080185 0.038835
v 0.229590 0.098100 0.034865
v 0.242190 0.118470 0.062815
v 0.211035 0.068890 0.069010
v 0.228125 0.080185 0.065610
v 0.238300 0.098100 0.063585
v 0.245205 0.118470 0.093455
v 0.213440 0.068890 0.093455
v 0.230870 0.080185 0.093455
v 0.241245 0.098100 0.093455
v 0.242190 0.118470 0.124100
v 0.211035 0.068890 0.117905
v 0.228125 0.080185 0.121305
v 0.238300 0.098100 0.123325
v 0.233250 0.118470 0.153565
v 0.203905 0.068890 0.141410
v 0.220005 0.080185 0.148080
v 0.229590 0.098100 0.152050
v 0.218735 0.118470 0.180725
v 0.192325 0.068890 0.163075
v 0.206815 0.080185 0.172760
v 0.215440 0.098100 0.178520
v 0.199200 0.118470 0.204525
v 0.176740 0.068890 0.182065
v 0.189065 0.080185 0.194390
v 0.196400 0.098100 0.201725
v 0.175400 0.118470 0.224060
v 0.157750 0.068890 0.197650
v 0.167435 0.080185 0.212140
v 0.173195 0.098100 0.220765
v 0.148240 0.118470 0.238575
v 0.136085 0.068890 0.209230
v 0.142755 0.080185 0.225330
v 0.146725 0.098100 0.234915
v 0.118775 0.118470 0.247515
v 0.112580 0.068890 0.216360
v 0.115980 0.080185 0.233455
v 0.118000 0.098100 0.243625
v 0.088130 0.118470 0.250530
v 0.088130 0.068890 0.218765
v 0.088130 0.080185 0.236195
v 0.088130 0.098100 0.246570
v 0.057485 0.118470 0.247515
v 0.063685 0.068890 0.216360
v 0.060285 0.080185 0.233455
v 0.058260 0.098100 0.243625
v 0.028020 0.118470 0.238575
v 0.040175 0.068890 0.209230
v 0.033510 0.080185 0.225330
v 0.029540 0.098100 0.234915
v 0.000865 0.118470 0.224060
v 0.018515 0.068890 0.197650
v 0.008830 0.080185 0.212140
v 0.003065 0.098100 0.220765
v -0.022940 0.118470 0.204525
v -0.000475 0.068890 0.182065
v -0.012800 0.080185 0.194390
v -0.020135 0.098100 0.201725
v -0.042470 0.118470 0.180725
v -0.016060 0.068890 0.163075
v -0.030550 0.080185 0.172760
v -0.039175 0.098100 0.178520
v -0.056985 0.118470 0.153565
v -0.027640 0.068890 0.141410
v -0.043740 0.080185 0.148080
v -0.053325 0.098100 0.152050
v -0.065925 0.118470 0.124100
v -0.034770 0.068890 0.117905
v -0.051865 0.080185 0.121305
v -0.062040 0.098100 0.123325
v -0.068945 0.118470 0.093455
v -0.037180 0.068890 0.093455
v -0.054605 0.080185 0.093455
v -0.064980 0.098100 0.093455
v -0.065925 0.118470 0.062815
v -0.034770 0.068890 0.069010
v -0.051865 0.080185 0.065610
v -0.062040 0.098100 0.063585
v -0.056985 0.118470 0.033345
v -0.027640 0.068890 0.045500
v -0.043740 0.080185 0.038835
v -0.053325 0.098100 0.034865
v -0.042470 0.118470 0.006190
v -0.016060 0.068890 0.023840
v -0.030550 0.080185 0.014155
v -0.039175 0.098100 0.008390
v -0.022940 0.118470 -0.017615
v -0.000475 0.068890 0.004850
v -0.012800 0.080185 -0.007475
v -0.020135 0.098100 -0.014810
v 0.000865 0.118470 -0.037145
v 0.018515 0.068890 -0.010735
v 0.008830 0.080185 -0.025225
v 0.003065 0.098100 -0.033850
v 0.028020 0.118470 -0.051660
v 0.040175 0.068890 -0.022315
v 0.033510 0.080185 -0.038415
v 0.029540 0.098100 -0.048000
v 0.057485 0.118470 -0.060600
v 0.063685 0.068890 -0.029445
v 0.060285 0.080185 -0.046540
v 0.058260 0.098100 -0.056715
v 0.088130 0.065095 -0.011740
v 0.108655 0.065095 -0.009720
v 0.128390 0.065095 -0.003735
v 0.146575 0.065095 0.005990
v 0.162515 0.065095 0.019070
v 0.175600 0.065095 0.035010
v 0.185320 0.065095 0.053200
v 0.191305 0.065095 0.072935
v 0.193330 0.065095 0.093455
v 0.191305 0.065095 0.113980
v 0.185320 0.065095 0.133715
v 0.175600 0.065095 0.151900
v 0.162515 0.065095 0.167840
v 0.146575 0.065095 0.180925
v 0.128390 0.065095 0.190645
v 0.108655 0.065095 0.196630
v 0.088130 0.065095 0.198655
v 0.067610 0.065095 0.196630
v 0.047875 0.065095 0.190645
v 0.029685 0.065095 0.180925
v 0.013745 0.065095 0.167840
v 0.000665 0.065095 0.151900
v -0.009060 0.065095 0.133715
v -0.015045 0.065095 0.113980
v -0.017065 0.065095 0.093455
v -0.015045 0.065095 0.072935
v -0.009060 0.065095 0.053200
v 0.000665 0.065095 0.035010
v 0.013745 0.065095 0.019070
v 0.029685 0.065095 0.005990
v 0.047875 0.065095 -0.003735
v 0.067610 0.065095 -0.009720
v 0.088130 0.063465 0.013140
v 0.088130 0.061895 0.038015
v 0.088130 0.060715 0.062895
v 0.094095 0.060715 0.063480
v 0.098945 0.061895 0.039080
v 0.103800 0.063465 0.014680
v 0.099825 0.060715 0.065220
v 0.109345 0.061895 0.042235
v 0.118870 0.063465 0.019250
v 0.105110 0.060715 0.068045
v 0.118930 0.061895 0.047360
v 0.132755 0.063465 0.026675
v 0.109740 0.060715 0.071845
v 0.127335 0.061895 0.054255
v 0.144925 0.063465 0.036665
v 0.113540 0.060715 0.076475
v 0.134230 0.061895 0.062655
v 0.154915 0.063465 0.048835
v 0.116365 0.060715 0.081760
v 0.139350 0.061895 0.072240
v 0.162335 0.063465 0.062720
v 0.118105 0.060715 0.087495
v 0.142505 0.061895 0.082640
v 0.166905 0.063465 0.077785
v 0.118695 0.060715 0.093455
v 0.143570 0.061895 0.093455
v 0.168450 0.063465 0.093455
v 0.118105 0.060715 0.099420
v 0.142505 0.061895 0.104270
v 0.166905 0.063465 0.109125
v 0.116365 0.060715 0.105150
v 0.139350 0.061895 0.114670
v 0.162335 0.063465 0.124195
v 0.113540 0.060715 0.110435
v 0.134230 0.061895 0.124255
v 0.154915 0.063465 0.138080
v 0.109740 0.060715 0.115065
v 0.127335 0.061895 0.132660
v 0.144925 0.063465 0.150250
v 0.105110 0.060715 0.118865
v 0.118930 0.061895 0.139555
v 0.132755 0.063465 0.160240
v 0.099825 0.060715 0.121690
v 0.109345 0.061895 0.144675
v 0.118870 0.063465 0.167660
v 0.094095 0.060715 0.123430
v 0.098945 0.061895 0.147830
v 0.103800 0.063465 0.172230
v 0.088130 0.060715 0.124020
v 0.088130 0.061895 0.148895
v 0.088130 0.063465 0.173775
v 0.082170 0.060715 0.123430
v 0.077315 0.061895 0.147830
v 0.072460 0.063465 0.172230
v 0.076435 0.060715 0.121690
v 0.066915 0.061895 0.144675
v 0.057395 0.063465 0.167660
v 0.071150 0.060715 0.118865
v 0.057330 0.061895 0.139555
v 0.043510 0.063465 0.160240
v 0.066520 0.060715 0.115065
v 0.048930 0.061895 0.132660
v 0.031335 0.063465 0.150250
v 0.062720 0.060715 0.110435
v 0.042035 0.061895 0.124255
v 0.021350 0.063465 0.138080
v 0.059895 0.060715 0.105150
v 0.036910 0.061895 0.114670
v 0.013925 0.063465 0.124195
v 0.058155 0.060715 0.099420
v 0.033755 0.061895 0.104270
v 0.009355 0.063465 0.109125
v 0.057570 0.060715 0.093455
v 0.032690 0.061895 0.093455
v 0.007815 0.063465 0.093455
v 0.058155 0.060715 0.087495
v 0.033755 0.061895 0.082640
v 0.009355 0.063465 0.077785
v 0.059895 0.060715 0.081760
v 0.036910 0.061895 0.072240
v 0.013925 0.063465 0.062720
v 0.062720 0.060715 0.076475
v 0.042035 0.061895 0.062655
v 0.021350 0.063465 0.048835
v 0.066520 0.060715 0.071845
v 0.048930 0.061895 0.054255
v 0.031335 0.063465 0.036665
v 0.071150 0.060715 0.068045
v 0.057330 0.061895 0.047360
v 0.043510 0.063465 0.026675
v 0.076435 0.060715 0.065220
v 0.066915 0.061895 0.042235
v 0.057395 0.063465 0.019250
v 0.082170 0.060715 0.063480
v 0.077315 0.061895 0.039080
v 0.072460 0.063465 0.014680
v 0.088130 0.503475 -0.112825
v 0.088130 0.456380 -0.101315
v 0.088130 0.488570 -0.110170
v 0.088130 0.470845 -0.105840
v 0.126830 0.456380 -0.097575
v 0.128760 0.503475 -0.108860
v 0.127855 0.470845 -0.102010
v 0.128540 0.488570 -0.106260
v 0.164040 0.456380 -0.086490
v 0.167830 0.503475 -0.097120
v 0.166050 0.470845 -0.090670
v 0.167390 0.488570 -0.094670
v 0.198335 0.456380 -0.068490
v 0.203835 0.503475 -0.078060
v 0.201250 0.470845 -0.072250
v 0.203200 0.488570 -0.075855
v 0.228390 0.456380 -0.044270
v 0.235395 0.503475 -0.052405
v 0.232105 0.470845 -0.047465
v 0.234585 0.488570 -0.050530
v 0.253060 0.456380 -0.014755
v 0.261295 0.503475 -0.021145
v 0.257425 0.470845 -0.017265
v 0.260345 0.488570 -0.019675
v 0.271390 0.456380 0.018920
v 0.280540 0.503475 0.014515
v 0.276240 0.470845 0.017190
v 0.279485 0.488570 0.015530
v 0.282675 0.456380 0.055460
v 0.292395 0.503475 0.053215
v 0.287830 0.470845 0.054575
v 0.291270 0.488570 0.053730
v 0.286490 0.456380 0.093455
v 0.296395 0.503475 0.093455
v 0.291740 0.470845 0.093455
v 0.295250 0.488570 0.093455
v 0.282675 0.456380 0.131455
v 0.292395 0.503475 0.133700
v 0.287830 0.470845 0.132335
v 0.291270 0.488570 0.133180
v 0.271390 0.456380 0.167990
v 0.280540 0.503475 0.172395
v 0.276240 0.470845 0.169725
v 0.279485 0.488570 0.171380
v 0.253060 0.456380 0.201665
v 0.261295 0.503475 0.208060
v 0.257425 0.470845 0.204180
v 0.260345 0.488570 0.206585
v 0.228390 0.456380 0.231180
v 0.235395 0.503475 0.239320
v 0.232105 0.470845 0.234380
v 0.234585 0.488570 0.237445
v 0.198335 0.456380 0.255405
v 0.203835 0.503475 0.264970
v 0.201250 0.470845 0.259165
v 0.203200 0.488570 0.262765
v 0.164040 0.456380 0.273400
v 0.167830 0.503475 0.284035
v 0.166050 0.470845 0.277580
v 0.167390 0.488570 0.281585
v 0.126830 0.456380 0.284485
v 0.128760 0.503475 0.295775
v 0.127855 0.470845 0.288925
v 0.128540 0.488570 0.293170
v 0.088130 0.456380 0.288230
v 0.088130 0.503475 0.299735
v 0.088130 0.470845 0.292755
v 0.088130 0.488570 0.297085
v 0.049435 0.456380 0.284485
v 0.047500 0.503475 0.295775
v 0.048410 0.470845 0.288925
v 0.047725 0.488570 0.293170
v 0.012225 0.456380 0.273400
v 0.008430 0.503475 0.284035
v 0.010215 0.470845 0.277580
v 0.008870 0.488570 0.281585
v -0.022070 0.456380 0.255405
v -0.027575 0.503475 0.264970
v -0.024990 0.470845 0.259165
v -0.026935 0.488570 0.262765
v -0.052130 0.456380 0.231180
v -0.059135 0.503475 0.239320
v -0.055840 0.470845 0.234380
v -0.058325 0.488570 0.237445
v -0.076795 0.456380 0.201665
v -0.085035 0.503475 0.208060
v -0.081165 0.470845 0.204180
v -0.084080 0.488570 0.206585
v -0.095125 0.456380 0.167990
v -0.104280 0.503475 0.172395
v -0.099980 0.470845 0.169725
v -0.103220 0.488570 0.171380
v -0.106415 0.456380 0.131455
v -0.116130 0.503475 0.133700
v -0.111565 0.470845 0.132335
v -0.115005 0.488570 0.133180
v -0.110225 0.456380 0.093455
v -0.120135 0.503475 0.093455
v -0.115480 0.470845 0.093455
v -0.118985 0.488570 0.093455
v -0.106415 0.456380 0.055460
v -0.116130 0.503475 0.053215
v -0.111565 0.470845 0.054575
v -0.115005 0.488570 0.053730
v -0.095125 0.456380 0.018920
v -0.104280 0.503475 0.014515
v -0.099980 0.470845 0.017190
v -0.103220 0.488570 0.015530
v -0.076795 0.456380 -0.014755
v -0.085035 0.503475 -0.021145
v -0.081165 0.470845 -0.017265
v -0.084080 0.488570 -0.019675
v -0.052130 0.456380 -0.044270
v -0.059135 0.503475 -0.052405
v -0.055840 0.470845 -0.047465
v -0.058325 0.488570 -0.050530
v -0.022070 0.456380 -0.068490
v -0.027575 0.503475 -0.078060
v -0.024990 0.470845 -0.072250
v -0.026935 0.488570 -0.075855
v 0.012225 0.456380 -0.086490
v 0.008430 0.503475 -0.097120
v 0.010215 0.470845 -0.090670
v 0.008870 0.488570 -0.094670
v 0.049435 0.456380 -0.097575
v 0.047500 0.503475 -0.108860
v 0.048410 0.470845 -0.102010
v 0.047725 0.488570 -0.106260
v 0.088130 0.436445 -0.094410
v 0.088130 0.389315 -0.083160
v 0.088130 0.421975 -0.089910
v 0.088130 0.404235 -0.085680
v 0.122590 0.389315 -0.079765
v 0.125080 0.436445 -0.090800
v 0.123080 0.404235 -0.082235
v 0.123985 0.421975 -0.086390
v 0.155720 0.389315 -0.069715
v 0.160610 0.436445 -0.080110
v 0.156685 0.404235 -0.072040
v 0.158460 0.421975 -0.075955
v 0.186255 0.389315 -0.053395
v 0.193355 0.436445 -0.062750
v 0.187655 0.404235 -0.055490
v 0.190235 0.421975 -0.059010
v 0.213020 0.389315 -0.031430
v 0.222055 0.436445 -0.039385
v 0.214800 0.404235 -0.033210
v 0.218085 0.421975 -0.036205
v 0.234985 0.389315 -0.004665
v 0.245610 0.436445 -0.010915
v 0.237075 0.404235 -0.006065
v 0.240940 0.421975 -0.008420
v 0.251305 0.389315 0.025870
v 0.263115 0.436445 0.021565
v 0.253630 0.404235 0.024905
v 0.257920 0.421975 0.023285
v 0.261355 0.389315 0.059000
v 0.273890 0.436445 0.056805
v 0.263825 0.404235 0.058510
v 0.268380 0.421975 0.057685
v 0.264750 0.389315 0.093455
v 0.277530 0.436445 0.093455
v 0.267265 0.404235 0.093455
v 0.271910 0.421975 0.093455
v 0.261355 0.389315 0.127915
v 0.273890 0.436445 0.130110
v 0.263825 0.404235 0.128405
v 0.268380 0.421975 0.129230
v 0.251305 0.389315 0.161045
v 0.263115 0.436445 0.165350
v 0.253630 0.404235 0.162010
v 0.257920 0.421975 0.163630
v 0.234985 0.389315 0.191580
v 0.245610 0.436445 0.197830
v 0.237075 0.404235 0.192980
v 0.240940 0.421975 0.195330
v 0.213020 0.389315 0.218345
v 0.222055 0.436445 0.226300
v 0.214800 0.404235 0.220125
v 0.218085 0.421975 0.223120
v 0.186255 0.389315 0.240310
v 0.193355 0.436445 0.249660
v 0.187655 0.404235 0.242400
v 0.190235 0.421975 0.245920
v 0.155720 0.389315 0.256630
v 0.160610 0.436445 0.267025
v 0.156685 0.404235 0.258955
v 0.158460 0.421975 0.262865
v 0.122590 0.389315 0.266680
v 0.125080 0.436445 0.277715
v 0.123080 0.404235 0.269150
v 0.123985 0.421975 0.273300
v 0.088130 0.389315 0.270075
v 0.088130 0.436445 0.281325
v 0.088130 0.404235 0.272590
v 0.088130 0.421975 0.276825
v 0.053675 0.389315 0.266680
v 0.051180 0.436445 0.277715
v 0.053185 0.404235 0.269150
v 0.052280 0.421975 0.273300
v 0.020545 0.389315 0.256630
v 0.015650 0.436445 0.267025
v 0.019580 0.404235 0.258955
v 0.017800 0.421975 0.262865
v -0.009990 0.389315 0.240310
v -0.017095 0.436445 0.249660
v -0.011390 0.404235 0.242400
v -0.013970 0.421975 0.245920
v -0.036755 0.389315 0.218345
v -0.045795 0.436445 0.226300
v -0.038535 0.404235 0.220125
v -0.041820 0.421975 0.223120
v -0.058720 0.389315 0.191580
v -0.069350 0.436445 0.197830
v -0.060815 0.404235 0.192980
v -0.064675 0.421975 0.195330
v -0.075040 0.389315 0.161045
v -0.086850 0.436445 0.165350
v -0.077365 0.404235 0.162010
v -0.081660 0.421975 0.163630
v -0.085090 0.389315 0.127915
v -0.097630 0.436445 0.130110
v -0.087560 0.404235 0.128405
v -0.092115 0.421975 0.129230
v -0.088485 0.389315 0.093455
v -0.101270 0.436445 0.093455
v -0.091005 0.404235 0.093455
v -0.095650 0.421975 0.093455
v -0.085090 0.389315 0.059000
v -0.097630 0.436445 0.056805
v -0.087560 0.404235 0.058510
v -0.092115 0.421975 0.057685
v -0.075040 0.389315 0.025870
v -0.086850 0.436445 0.021565
v -0.077365 0.404235 0.024905
v -0.081660 0.421975 0.023285
v -0.058720 0.389315 -0.004665
v -0.069350 0.436445 -0.010915
v -0.060815 0.404235 -0.006065
v -0.064675 0.421975 -0.008420
v -0.036755 0.389315 -0.031430
v -0.045795 0.436445 -0.039385
v -0.038535 0.404235 -0.033210
v -0.041820 0.421975 -0.036205
v -0.009990 0.389315 -0.053395
v -0.017095 0.436445 -0.062750
v -0.011390 0.404235 -0.055490
v -0.013970 0.421975 -0.059010
v 0.020545 0.389315 -0.069715
v 0.015650 0.436445 -0.080110
v 0.019580 0.404235 -0.072040
v 0.017800 0.421975 -0.075955
v 0.053675 0.389315 -0.079765
v 0.051180 0.436445 -0.090800
v 0.053185 0.404235 -0.082235
v 0.052280 0.421975 -0.086390
v 0.088130 0.694085 -0.145940
v 0.088130 0.700205 -0.140390
v 0.088130 0.697285 -0.145690
v 0.088130 0.699585 -0.143605
v 0.133755 0.700205 -0.135900
v 0.134835 0.694085 -0.141340
v 0.134380 0.699585 -0.139050
v 0.134785 0.697285 -0.141095
v 0.177620 0.700205 -0.122590
v 0.179745 0.694085 -0.127720
v 0.178850 0.699585 -0.125560
v 0.179650 0.697285 -0.127490
v 0.218050 0.700205 -0.100980
v 0.221135 0.694085 -0.105595
v 0.219835 0.699585 -0.103650
v 0.220995 0.697285 -0.105390
v 0.253485 0.700205 -0.071900
v 0.257410 0.694085 -0.075825
v 0.255760 0.699585 -0.074170
v 0.257235 0.697285 -0.075645
v 0.282570 0.700205 -0.036465
v 0.287185 0.694085 -0.039545
v 0.285240 0.699585 -0.038245
v 0.286975 0.697285 -0.039405
v 0.304180 0.700205 0.003965
v 0.309305 0.694085 0.001845
v 0.307145 0.699585 0.002740
v 0.309075 0.697285 0.001940
v 0.317485 0.700205 0.047835
v 0.322930 0.694085 0.046750
v 0.320635 0.699585 0.047210
v 0.322685 0.697285 0.046800
v 0.321980 0.700205 0.093455
v 0.327530 0.694085 0.093455
v 0.325190 0.699585 0.093455
v 0.327280 0.697285 0.093455
v 0.317485 0.700205 0.139080
v 0.322930 0.694085 0.140160
v 0.320635 0.699585 0.139705
v 0.322685 0.697285 0.140110
v 0.304180 0.700205 0.182945
v 0.309305 0.694085 0.185070
v 0.307145 0.699585 0.184175
v 0.309075 0.697285 0.184975
v 0.282570 0.700205 0.223375
v 0.287185 0.694085 0.226460
v 0.285240 0.699585 0.225160
v 0.286975 0.697285 0.226320
v 0.253485 0.700205 0.258810
v 0.257410 0.694085 0.262735
v 0.255760 0.699585 0.261085
v 0.257235 0.697285 0.262560
v 0.218050 0.700205 0.287895
v 0.221135 0.694085 0.292510
v 0.219835 0.699585 0.290565
v 0.220995 0.697285 0.292300
v 0.177620 0.700205 0.309505
v 0.179745 0.694085 0.314630
v 0.178850 0.699585 0.312470
v 0.179650 0.697285 0.314400
v 0.133755 0.700205 0.322810
v 0.134835 0.694085 0.328255
v 0.134380 0.699585 0.325960
v 0.134785 0.697285 0.328010
v 0.088130 0.700205 0.327305
v 0.088130 0.694085 0.332855
v 0.088130 0.699585 0.330515
v 0.088130 0.697285 0.332605
v 0.042510 0.700205 0.322810
v 0.041425 0.694085 0.328255
v 0.041885 0.699585 0.325960
v 0.041475 0.697285 0.328010
v -0.001360 0.700205 0.309505
v -0.003480 0.694085 0.314630
v -0.002590 0.699585 0.312470
v -0.003385 0.697285 0.314400
v -0.041790 0.700205 0.287895
v -0.044870 0.694085 0.292510
v -0.043570 0.699585 0.290565
v -0.044735 0.697285 0.292300
v -0.077225 0.700205 0.258810
v -0.081150 0.694085 0.262735
v -0.079495 0.699585 0.261085
v -0.080970 0.697285 0.262560
v -0.106305 0.700205 0.223375
v -0.110920 0.694085 0.226460
v -0.108975 0.699585 0.225160
v -0.110715 0.697285 0.226320
v -0.127915 0.700205 0.182945
v -0.133045 0.694085 0.185070
v -0.130885 0.699585 0.184175
v -0.132815 0.697285 0.184975
v -0.141225 0.700205 0.139080
v -0.146665 0.694085 0.140160
v -0.144375 0.699585 0.139705
v -0.146420 0.697285 0.140110
v -0.145715 0.700205 0.093455
v -0.151265 0.694085 0.093455
v -0.148930 0.699585 0.093455
v -0.151015 0.697285 0.093455
v -0.141225 0.700205 0.047835
v -0.146665 0.694085 0.046750
v -0.144375 0.699585 0.047210
v -0.146420 0.697285 0.046800
v -0.127915 0.700205 0.003965
v -0.133045 0.694085 0.001845
v -0.130885 0.699585 0.002740
v -0.132815 0.697285 0.001940
v -0.106305 0.700205 -0.036465
v -0.110920 0.694085 -0.039545
v -0.108975 0.699585 -0.038245
v -0.110715 0.697285 -0.039405
v -0.077225 0.700205 -0.071900
v -0.081150 0.694085 -0.075825
v -0.079495 0.699585 -0.074170
v -0.080970 0.697285 -0.075645
v -0.041790 0.700205 -0.100980
v -0.044870 0.694085 -0.105595
v -0.043570 0.699585 -0.103650
v -0.044735 0.697285 -0.105390
v -0.001360 0.700205 -0.122590
v -0.003480 0.694085 -0.127720
v -0.002590 0.699585 -0.125560
v -0.003385 0.697285 -0.127490
v 0.042510 0.700205 -0.135900
v 0.041425 0.694085 -0.141340
v 0.041885 0.699585 -0.139050
v 0.041475 0.697285 -0.141095
v 0.088130 0.694090 -0.133305
v 0.088130 0.699590 -0.137025
v 0.088130 0.697285 -0.134360
v 0.132370 0.694090 -0.128950
v 0.132575 0.697285 -0.129980
v 0.133095 0.699590 -0.132595
v 0.174910 0.694090 -0.116045
v 0.175310 0.697285 -0.117015
v 0.176335 0.699590 -0.119480
v 0.214115 0.694090 -0.095090
v 0.214700 0.697285 -0.095965
v 0.216180 0.699590 -0.098180
v 0.248475 0.694090 -0.066890
v 0.249220 0.697285 -0.067635
v 0.251105 0.699590 -0.069520
v 0.276680 0.694090 -0.032525
v 0.277550 0.697285 -0.033110
v 0.279770 0.699590 -0.034590
v 0.297635 0.694090 0.006680
v 0.298605 0.697285 0.006275
v 0.301070 0.699590 0.005255
v 0.310535 0.694090 0.049215
v 0.311570 0.697285 0.049010
v 0.314185 0.699590 0.048490
v 0.314895 0.694090 0.093455
v 0.315945 0.697285 0.093455
v 0.318615 0.699590 0.093455
v 0.310535 0.694090 0.137695
v 0.311570 0.697285 0.137900
v 0.314185 0.699590 0.138420
v 0.297635 0.694090 0.180235
v 0.298605 0.697285 0.180635
v 0.301070 0.699590 0.181660
v 0.276680 0.694090 0.219440
v 0.277550 0.697285 0.220025
v 0.279770 0.699590 0.221505
v 0.248475 0.694090 0.253800
v 0.249220 0.697285 0.254545
v 0.251105 0.699590 0.256430
v 0.214115 0.694090 0.282005
v 0.214700 0.697285 0.282880
v 0.216180 0.699590 0.285095
v 0.174910 0.694090 0.302960
v 0.175310 0.697285 0.303930
v 0.176335 0.699590 0.306395
v 0.132370 0.694090 0.315860
v 0.132575 0.697285 0.316895
v 0.133095 0.699590 0.319510
v 0.088130 0.694090 0.320220
v 0.088130 0.697285 0.321270
v 0.088130 0.699590 0.323940
v 0.043890 0.694090 0.315860
v 0.043685 0.697285 0.316895
v 0.043165 0.699590 0.319510
v 0.001355 0.694090 0.302960
v 0.000950 0.697285 0.303930
v -0.000070 0.699590 0.306395
v -0.037850 0.694090 0.282005
v -0.038435 0.697285 0.282880
v -0.039915 0.699590 0.285095
v -0.072215 0.694090 0.253800
v -0.072960 0.697285 0.254545
v -0.074845 0.699590 0.256430
v -0.100415 0.694090 0.219440
v -0.101290 0.697285 0.220025
v -0.103505 0.699590 0.221505
v -0.121370 0.694090 0.180235
v -0.122340 0.697285 0.180635
v -0.124805 0.699590 0.181660
v -0.134275 0.694090 0.137695
v -0.135305 0.697285 0.137900
v -0.137920 0.699590 0.138420
v -0.138630 0.694090 0.093455
v -0.139685 0.697285 0.093455
v -0.142350 0.699590 0.093455
v -0.134275 0.694090 0.049215
v -0.135305 0.697285 0.049010
v -0.137920 0.699590 0.048490
v -0.121370 0.694090 0.006680
v -0.122340 0.697285 0.006275
v -0.124805 0.699590 0.005255
v -0.100415 0.694090 -0.032525
v -0.101290 0.697285 -0.033110
v -0.103505 0.699590 -0.034590
v -0.072215 0.694090 -0.066890
v -0.072960 0.697285 -0.067635
v -0.074845 0.699590 -0.069520
v -0.037850 0.694090 -0.095090
v -0.038435 0.697285 -0.095965
v -0.039915 0.699590 -0.098180
v 0.001355 0.694090 -0.116045
v 0.000950 0.697285 -0.117015
v -0.000070 0.699590 -0.119480
v 0.043890 0.694090 -0.128950
v 0.043685 0.697285 -0.129980
v 0.043165 0.699590 -0.132595
vn -0.0748 -0.3088 0.9482
vn -0.1746 -0.3015 0.9373
vn -0.1548 -0.3738 0.9145
vn -0.0736 -0.4020 0.9127
vn -0.0000 -0.0828 0.9966
vn -0.0001 -0.0931 0.9957
vn 0.0811 -0.0925 0.9924
vn 0.0818 -0.0816 0.9933
vn 0.7602 -0.0815 0.6445
vn 0.7591 -0.0926 0.6444
vn 0.8079 -0.0934 0.5818
vn 0.8097 -0.0792 0.5815
vn 0.4011 -0.1779 0.8986
vn 0.0756 -0.1954 0.9778
vn 0.0817 -0.2015 0.9761
vn 0.4614 -0.2176 0.8601
vn -0.0000 -0.3149 0.9491
vn -0.0000 -0.4100 0.9121
vn -0.0815 -0.0816 0.9933
vn -0.0807 -0.0979 0.9919
vn 0.0008 -0.5122 0.8589
vn 0.0616 -0.5018 0.8628
vn 0.0763 -0.4083 0.9096
vn -0.0846 -0.1822 0.9796
vn -0.1695 -0.1834 0.9683
vn -0.1738 -0.2281 0.9580
vn -0.0863 -0.2371 0.9677
vn -0.0003 -0.2446 0.9696
vn -0.0660 -0.4960 0.8658
vn 0.1531 -0.3804 0.9121
vn 0.1735 -0.3004 0.9379
vn 0.0743 -0.3080 0.9485
vn 0.1592 -0.0935 0.9828
vn 0.1614 -0.0792 0.9837
vn 0.1681 -0.2641 0.9497
vn 0.0844 -0.2518 0.9641
vn -0.1601 -0.0793 0.9839
vn -0.1583 -0.1088 0.9814
vn -0.0000 -1.0000 -0.0000
vn -0.0147 -0.9834 0.1808
vn -0.0000 -0.9817 0.1902
vn -0.3647 -0.2984 0.8820
vn -0.1065 -0.2937 0.9500
vn -0.0977 -0.0895 0.9912
vn -0.3461 -0.0934 0.9335
vn 0.0727 -0.9813 0.1785
vn 0.0228 -0.9762 0.2157
vn 0.1384 -0.9752 0.1728
vn -0.0000 -0.1044 0.9945
vn 0.0804 -0.1034 0.9914
vn 0.1619 -0.2019 0.9659
vn 0.0816 -0.1889 0.9786
vn -0.0006 -0.1839 0.9829
vn 0.6175 -0.3089 0.7234
vn 0.5407 -0.3010 0.7855
vn 0.5391 -0.3677 0.7577
vn 0.5965 -0.3967 0.6977
vn -0.1234 -0.2222 0.9672
vn -0.3418 -0.1543 0.9270
vn -0.2797 -0.1902 0.9410
vn -0.0506 -0.2159 0.9751
vn 0.9933 -0.0816 -0.0818
vn 0.9924 -0.0925 -0.0811
vn 0.9828 -0.0935 -0.1592
vn 0.9838 -0.0793 -0.1611
vn 0.9263 -0.1530 0.3444
vn 0.8104 -0.1832 0.5565
vn 0.8144 -0.1836 0.5505
vn 0.9408 -0.1818 0.2862
vn 0.6711 -0.3149 0.6711
vn 0.6457 -0.4073 0.6459
vn 0.6447 -0.0816 0.7600
vn 0.6443 -0.0981 0.7585
vn 0.7040 -0.0933 0.7041
vn 0.7047 -0.0828 0.7047
vn 0.6108 -0.5040 0.6106
vn 0.6618 -0.4869 0.5700
vn 0.6977 -0.3992 0.5949
vn 0.6329 -0.1822 0.7525
vn 0.5646 -0.1834 0.8047
vn 0.5547 -0.2281 0.8002
vn 0.6232 -0.2372 0.7452
vn 0.6854 -0.2448 0.6858
vn 0.5691 -0.4845 0.6644
vn 0.7555 -0.3713 0.5397
vn 0.7851 -0.2996 0.5421
vn 0.7232 -0.3082 0.6180
vn 0.4153 -0.0934 0.9049
vn 0.6319 -0.0895 0.7699
vn 0.6655 -0.1052 0.7390
vn 0.4820 -0.1098 0.8693
vn 0.7903 -0.2641 0.5529
vn 0.7414 -0.2520 0.6220
vn 0.5824 -0.0792 0.8091
vn 0.5819 -0.1089 0.8059
vn -0.0297 -0.9973 -0.0666
vn 0.1360 -0.9788 0.1529
vn 0.1429 -0.9793 0.1432
vn -0.0694 -0.9973 -0.0225
vn -0.0726 -0.9973 -0.0076
vn 0.1778 -0.9841 -0.0000
vn 0.1685 -0.9856 -0.0135
vn -0.0429 -0.9973 -0.0590
vn -0.0542 -0.9973 -0.0488
vn 0.1518 -0.9861 0.0671
vn 0.1662 -0.9706 0.1743
vn 0.1431 -0.9822 0.1219
vn 0.7032 -0.1046 0.7032
vn 0.7578 -0.1036 0.6442
vn 0.6946 -0.1839 0.6955
vn 0.9482 -0.3088 0.0748
vn 0.9374 -0.3015 0.1745
vn 0.9144 -0.3736 0.1560
vn 0.9133 -0.4006 0.0731
vn 0.9659 -0.2019 -0.1621
vn 0.9786 -0.1889 -0.0815
vn 0.9641 -0.2517 -0.0844
vn 0.9498 -0.2641 -0.1680
vn 0.6344 -0.1890 -0.7496
vn 0.6955 -0.1840 -0.6946
vn 0.6858 -0.2446 -0.6855
vn 0.6220 -0.2519 -0.7414
vn 0.9006 -0.1484 -0.4085
vn 0.9664 -0.1810 -0.1824
vn 0.9658 -0.1803 -0.1864
vn 0.8700 -0.1753 -0.4608
vn 0.9491 -0.3149 -0.0000
vn 0.9145 -0.4046 0.0037
vn 0.9933 -0.0816 0.0815
vn 0.9919 -0.0979 0.0807
vn 0.9957 -0.0931 0.0001
vn 0.9966 -0.0828 -0.0000
vn 0.8582 -0.5133 0.0089
vn 0.8765 -0.4782 -0.0547
vn 0.9191 -0.3877 -0.0699
vn 0.9796 -0.1822 0.0846
vn 0.9683 -0.1834 0.1696
vn 0.9579 -0.2280 0.1743
vn 0.9677 -0.2371 0.0863
vn 0.9695 -0.2449 0.0003
vn 0.8648 -0.4982 0.0628
vn 0.9188 -0.3631 -0.1548
vn 0.9388 -0.2992 -0.1707
vn 0.9484 -0.3083 -0.0745
vn 0.9829 -0.1839 0.0006
vn 0.9839 -0.0793 0.1603
vn 0.9813 -0.1087 0.1587
vn -0.0726 -0.9973 0.0076
vn 0.1697 -0.9854 0.0132
vn -0.0429 -0.9973 0.0590
vn -0.0297 -0.9973 0.0666
vn 0.1426 -0.9794 -0.1429
vn 0.1371 -0.9787 -0.1531
vn -0.0694 -0.9973 0.0225
vn -0.0632 -0.9973 0.0365
vn 0.1491 -0.9866 -0.0658
vn 0.1936 -0.9810 -0.0129
vn -0.0632 -0.9973 -0.0365
vn 0.1935 -0.9810 0.0157
vn 0.9945 -0.1047 -0.0000
vn 0.9914 -0.1036 -0.0804
vn 0.7234 -0.3087 -0.6176
vn 0.7863 -0.3016 -0.5392
vn 0.7557 -0.3819 -0.5321
vn 0.6946 -0.4073 -0.5929
vn 0.5685 -0.2019 -0.7975
vn 0.5526 -0.2641 -0.7905
vn -0.0815 -0.1892 -0.9786
vn 0.0007 -0.1841 -0.9829
vn 0.0003 -0.2448 -0.9696
vn -0.0844 -0.2521 -0.9640
vn 0.3465 -0.1483 -0.9263
vn 0.5594 -0.1817 -0.8088
vn 0.5559 -0.1791 -0.8117
vn 0.2869 -0.1739 -0.9421
vn 0.6711 -0.3149 -0.6712
vn 0.6423 -0.4176 -0.6427
vn 0.7600 -0.0816 -0.6447
vn 0.7585 -0.0980 -0.6443
vn 0.7041 -0.0931 -0.7040
vn 0.7047 -0.0828 -0.7047
vn 0.5483 -0.6325 -0.5470
vn 0.5330 -0.5756 -0.6202
vn 0.5897 -0.4126 -0.6943
vn 0.7525 -0.1822 -0.6329
vn 0.8046 -0.1833 -0.5649
vn 0.8005 -0.2281 -0.5542
vn 0.7452 -0.2372 -0.6232
vn 0.6253 -0.5705 -0.5324
vn 0.5317 -0.3883 -0.7527
vn 0.5402 -0.3006 -0.7860
vn 0.6181 -0.3080 -0.7232
vn 0.7949 -0.2220 -0.5646
vn 0.7558 -0.2124 -0.6194
vn 0.8090 -0.0793 -0.5824
vn 0.8059 -0.1089 -0.5819
vn 0.1430 -0.9822 -0.1218
vn -0.0000 -0.9818 -0.1902
vn -0.0148 -0.9834 -0.1810
vn 0.0727 -0.9813 -0.1783
vn 0.1385 -0.9751 -0.1731
vn -0.0542 -0.9973 0.0488
vn 0.1669 -0.9697 -0.1783
vn 0.7032 -0.1047 -0.7032
vn 0.6445 -0.0817 -0.7602
vn 0.6442 -0.1035 -0.7579
vn 0.6444 -0.0925 -0.7591
vn 0.0749 -0.3087 -0.9482
vn 0.1737 -0.3012 -0.9376
vn 0.1357 -0.3479 -0.9276
vn 0.0825 -0.3987 -0.9134
vn 0.3458 -0.0934 -0.9336
vn 0.0972 -0.0895 -0.9912
vn 0.0606 -0.1031 -0.9928
vn 0.2745 -0.1040 -0.9559
vn -0.7496 -0.1890 -0.6343
vn -0.6946 -0.1841 -0.6955
vn -0.6854 -0.2446 -0.6858
vn -0.7414 -0.2518 -0.6220
vn -0.3827 -0.1110 -0.9172
vn -0.2691 -0.1648 -0.9489
vn -0.2634 -0.1635 -0.9507
vn -0.4334 -0.1408 -0.8902
vn -0.0000 -0.3147 -0.9492
vn -0.0003 -0.3955 -0.9185
vn 0.0815 -0.0817 -0.9933
vn 0.0807 -0.0981 -0.9919
vn 0.0001 -0.0932 -0.9957
vn -0.0000 -0.0828 -0.9966
vn 0.0009 -0.5686 -0.8226
vn -0.0690 -0.5103 -0.8572
vn -0.0849 -0.4071 -0.9094
vn 0.0846 -0.1822 -0.9796
vn 0.1694 -0.1834 -0.9683
vn 0.1740 -0.2281 -0.9580
vn 0.0863 -0.2372 -0.9676
vn 0.0709 -0.5078 -0.8586
vn -0.1352 -0.3536 -0.9256
vn -0.1731 -0.3002 -0.9380
vn -0.0743 -0.3079 -0.9485
vn 0.1559 -0.2214 -0.9626
vn 0.0876 -0.2110 -0.9736
vn -0.1681 -0.2640 -0.9497
vn 0.1598 -0.0794 -0.9839
vn 0.1582 -0.1088 -0.9814
vn 0.0148 -0.9834 -0.1810
vn 0.0297 -0.9973 0.0666
vn -0.1427 -0.9794 -0.1430
vn -0.1431 -0.9822 -0.1219
vn -0.0728 -0.9812 -0.1787
vn -0.0228 -0.9761 -0.2159
vn 0.0229 -0.9761 -0.2160
vn -0.0000 -0.1047 -0.9945
vn -0.0818 -0.0816 -0.9933
vn -0.0805 -0.1034 -0.9914
vn -0.0810 -0.0925 -0.9924
vn -0.6176 -0.3087 -0.7233
vn -0.5385 -0.3019 -0.7867
vn -0.5358 -0.3771 -0.7555
vn -0.5915 -0.4055 -0.6969
vn -0.7975 -0.2017 -0.5686
vn -0.7903 -0.2641 -0.5529
vn -0.9785 -0.1892 0.0815
vn -0.9829 -0.1841 -0.0007
vn -0.9696 -0.2447 -0.0003
vn -0.9640 -0.2522 0.0844
vn -0.9189 -0.1092 -0.3791
vn -0.8620 -0.1641 -0.4796
vn -0.8591 -0.1629 -0.4852
vn -0.9359 -0.1395 -0.3234
vn -0.6711 -0.3149 -0.6711
vn -0.6441 -0.4108 -0.6452
vn -0.6448 -0.0817 -0.7600
vn -0.6443 -0.0978 -0.7585
vn -0.7040 -0.0929 -0.7041
vn -0.7047 -0.0827 -0.7047
vn -0.6030 -0.5193 -0.6055
vn -0.6555 -0.4999 -0.5661
vn -0.6969 -0.4043 -0.5923
vn -0.6329 -0.1822 -0.7525
vn -0.5650 -0.1833 -0.8044
vn -0.5543 -0.2280 -0.8005
vn -0.6233 -0.2370 -0.7452
vn -0.5628 -0.5032 -0.6558
vn -0.7545 -0.3770 -0.5372
vn -0.7857 -0.3004 -0.5407
vn -0.7232 -0.3081 -0.6181
vn -0.4655 -0.2056 -0.8608
vn -0.5274 -0.2012 -0.8254
vn -0.5825 -0.0794 -0.8090
vn -0.5819 -0.1086 -0.8059
vn 0.0429 -0.9973 0.0590
vn -0.1370 -0.9787 -0.1531
vn 0.0725 -0.9973 0.0076
vn 0.0725 -0.9973 -0.0076
vn -0.1779 -0.9840 -0.0000
vn -0.1694 -0.9855 0.0131
vn 0.0542 -0.9973 0.0488
vn 0.0632 -0.9973 0.0365
vn -0.1490 -0.9867 -0.0657
vn -0.1669 -0.9697 -0.1782
vn -0.1385 -0.9751 -0.1731
vn -0.7032 -0.1047 -0.7032
vn -0.7602 -0.0817 -0.6445
vn -0.7578 -0.1033 -0.6442
vn -0.7591 -0.0925 -0.6444
vn -0.9449 -0.3176 -0.0791
vn -0.9278 -0.3294 -0.1751
vn -0.8918 -0.4131 -0.1843
vn -0.9051 -0.4163 -0.0865
vn -0.9335 -0.0934 -0.3461
vn -0.9912 -0.0895 -0.0974
vn -0.9923 -0.0996 -0.0734
vn -0.9562 -0.0957 -0.2767
vn -0.6343 -0.1890 0.7496
vn -0.6955 -0.1839 0.6946
vn -0.6859 -0.2446 0.6854
vn -0.6220 -0.2519 0.7414
vn -0.8937 -0.1704 0.4151
vn -0.9743 -0.1910 0.1192
vn -0.9718 -0.1989 0.1270
vn -0.8558 -0.2109 0.4723
vn -0.9491 -0.3149 -0.0000
vn -0.9053 -0.4249 0.0011
vn -0.9933 -0.0817 -0.0815
vn -0.9919 -0.0981 -0.0807
vn -0.9957 -0.0932 -0.0001
vn -0.9966 -0.0828 -0.0000
vn -0.8003 -0.5996 0.0026
vn -0.8246 -0.5630 0.0553
vn -0.9057 -0.4179 0.0716
vn -0.9796 -0.1823 -0.0846
vn -0.9684 -0.1834 -0.1693
vn -0.9575 -0.2277 -0.1770
vn -0.9677 -0.2368 -0.0862
vn -0.8318 -0.5481 -0.0872
vn -0.9043 -0.3958 0.1598
vn -0.9376 -0.3008 0.1745
vn -0.9485 -0.3079 0.0742
vn -0.9374 -0.2044 -0.2820
vn -0.9566 -0.2008 -0.2112
vn -0.9497 -0.2641 0.1683
vn -0.9840 -0.0794 -0.1598
vn -0.9814 -0.1089 -0.1579
vn 0.0694 -0.9973 -0.0225
vn -0.1682 -0.9857 -0.0134
vn 0.0297 -0.9973 -0.0666
vn -0.1430 -0.9793 0.1433
vn -0.1361 -0.9788 0.1530
vn 0.0632 -0.9973 -0.0365
vn 0.0542 -0.9973 -0.0488
vn -0.1516 -0.9862 0.0671
vn -0.1935 -0.9810 0.0156
vn 0.0694 -0.9973 0.0225
vn -0.1934 -0.9810 -0.0129
vn -0.9945 -0.1047 -0.0000
vn -0.9933 -0.0816 0.0818
vn -0.9914 -0.1037 0.0804
vn -0.9924 -0.0925 0.0810
vn -0.7233 -0.3088 0.6176
vn -0.7866 -0.3018 0.5387
vn -0.7553 -0.3775 0.5357
vn -0.6966 -0.4056 0.5919
vn -0.5685 -0.2020 0.7975
vn -0.5528 -0.2641 0.7903
vn 0.7496 -0.1891 0.6344
vn -0.5813 -0.1836 0.7927
vn -0.5808 -0.1873 0.7922
vn -0.6712 -0.3149 0.6711
vn -0.6451 -0.4116 0.6437
vn -0.7600 -0.0817 0.6447
vn -0.7585 -0.0978 0.6443
vn -0.7041 -0.0932 0.7040
vn -0.7047 -0.0828 0.7047
vn -0.6048 -0.5215 0.6019
vn -0.5653 -0.5050 0.6523
vn -0.5904 -0.4073 0.6968
vn -0.7524 -0.1824 0.6329
vn -0.8047 -0.1833 0.5647
vn -0.8005 -0.2280 0.5543
vn -0.7452 -0.2370 0.6232
vn -0.6559 -0.5053 0.5609
vn -0.5361 -0.3804 0.7536
vn -0.5405 -0.3003 0.7859
vn -0.6182 -0.3080 0.7232
vn -0.7496 -0.2283 0.6212
vn -0.7056 -0.2238 0.6723
vn -0.8091 -0.0793 0.5824
vn -0.8058 -0.1088 0.5820
vn -0.1431 -0.9822 0.1219
vn -0.5965 -0.2905 0.7481
vn -0.6019 -0.0907 0.7934
vn -0.0228 -0.9761 0.2160
vn -0.0725 -0.9813 0.1783
vn 0.0429 -0.9973 -0.0590
vn -0.1659 -0.9707 0.1741
vn -0.1384 -0.9752 0.1729
vn -0.6444 -0.0926 0.7591
vn -0.6445 -0.0815 0.7602
vn 0.8086 -0.1014 0.5796
vn 0.6482 -0.2292 0.7261
vn 0.6956 -0.2216 0.6835
vn 0.9816 -0.1017 -0.1618
vn 0.9618 -0.2232 0.1586
vn 0.9718 -0.2159 0.0943
vn -0.1925 -0.1715 -0.9662
vn -0.1951 -0.0091 -0.9807
vn -0.0000 -0.0090 -1.0000
vn -0.0000 -0.1713 -0.9852
vn 0.9888 -0.1493 -0.0001
vn 0.9698 -0.1490 0.1928
vn 0.9504 -0.2819 0.1315
vn 0.9032 -0.4292 0.0010
vn -0.1930 -0.1522 0.9693
vn -0.3784 -0.1530 0.9129
vn -0.3779 -0.1637 0.9113
vn -0.1442 -0.2563 0.9558
vn -0.9094 -0.1751 -0.3773
vn -0.8221 -0.1688 -0.5438
vn -0.7233 -0.3638 -0.5869
vn -0.9118 -0.1449 -0.3843
vn 0.6987 -0.1516 -0.6991
vn 0.8218 -0.1509 -0.5494
vn 0.7871 -0.2420 -0.5674
vn 0.6660 -0.3406 -0.6637
vn 0.5492 -0.1496 0.8222
vn 0.3782 -0.1501 0.9135
vn 0.3763 -0.1723 0.9104
vn 0.5728 -0.2683 0.7746
vn -0.9134 -0.1629 0.3731
vn -0.9666 -0.1647 0.1966
vn -0.9565 -0.2593 0.1337
vn -0.9166 -0.1473 0.3716
vn 0.1932 -0.1732 -0.9658
vn 0.1448 -0.2327 -0.9617
vn 0.0013 -0.4238 -0.9057
vn -0.1570 -0.2219 -0.9623
vn 0.9136 -0.1489 0.3784
vn 0.9104 -0.1667 0.3786
vn -0.5492 -0.1538 0.8214
vn -0.5711 -0.2495 0.7821
vn -0.6985 -0.1569 -0.6982
vn -0.6335 -0.4437 -0.6339
vn 0.9133 -0.1502 -0.3785
vn 0.9114 -0.1692 -0.3751
vn 0.1926 -0.1506 0.9696
vn 0.1506 -0.2511 0.9562
vn -0.9876 -0.1568 -0.0000
vn -0.9393 -0.3431 -0.0005
vn 0.3705 -0.1643 -0.9142
vn 0.3638 -0.1605 -0.9175
vn 0.8222 -0.1490 0.5494
vn 0.7759 -0.2649 0.5726
vn -0.6988 -0.1546 0.6984
vn -0.6526 -0.3866 0.6516
vn -0.5437 -0.1684 -0.8222
vn -0.5867 -0.3529 -0.7289
vn 0.9697 -0.1496 -0.1930
vn 0.9540 -0.2642 -0.1418
vn -0.0002 -0.1514 0.9885
vn -0.0006 -0.3841 0.9233
vn -0.9659 -0.1675 -0.1974
vn -0.9552 -0.2638 -0.1341
vn 0.5489 -0.1523 -0.8219
vn 0.5642 -0.2357 -0.7913
vn 0.6991 -0.1492 0.6992
vn 0.6455 -0.4065 0.6466
vn -0.8215 -0.1553 0.5487
vn -0.7777 -0.2557 0.5743
vn -0.3777 -0.1742 -0.9094
vn -0.3769 -0.1498 -0.9140
vn 0.7935 -0.0907 0.6018
vn 0.9336 -0.0934 0.3459
vn 0.9560 -0.1027 0.2747
vn 0.8204 -0.1153 0.5601
vn -0.9827 -0.0935 0.1596
vn -0.9838 -0.0792 0.1608
vn -0.7934 -0.0907 -0.6019
vn -0.8262 -0.1115 -0.5523
vn 0.7977 -0.2021 0.5682
vn 0.1357 -0.0907 0.9866
vn 0.1725 -0.1194 0.9777
vn -0.1595 -0.0935 -0.9828
vn -0.1608 -0.0793 -0.9838
vn 0.6020 -0.0907 -0.7933
vn 0.5621 -0.1159 -0.8189
vn -0.4156 -0.0934 -0.9048
vn -0.6322 -0.0896 -0.7696
vn -0.6497 -0.1000 -0.7536
vn -0.4807 -0.0962 -0.8716
vn -0.1355 -0.0907 -0.9866
vn -0.1938 -0.1116 -0.9747
vn -0.0579 -0.1038 0.9929
vn -0.2741 -0.1058 0.9559
vn -0.5645 -0.1170 0.8171
vn 0.9049 -0.0935 -0.4153
vn 0.7700 -0.0896 -0.6318
vn 0.7457 -0.1028 -0.6584
vn 0.8702 -0.1031 -0.4818
vn 0.9867 -0.0908 -0.1351
vn 0.9763 -0.1156 -0.1830
vn -0.9048 -0.0934 0.4156
vn -0.7698 -0.0895 0.6320
vn -0.7422 -0.1041 0.6621
vn -0.8696 -0.1068 0.4822
vn -0.9866 -0.0907 0.1356
vn -0.9770 -0.1174 0.1779
vn 0.9912 -0.0896 0.0979
vn 0.9928 -0.1026 0.0626
vn 0.3891 -0.0671 0.9188
vn 0.0979 -0.1765 0.9794
vn 0.6297 -0.1726 0.7574
vn 0.6399 -0.2386 0.7305
vn 0.3897 -0.0264 0.9206
vn 0.0741 -0.2308 0.9702
vn 0.3839 -0.0927 0.9187
vn 0.2279 -0.1524 0.9617
vn 0.5251 -0.1666 0.8346
vn 0.6193 -0.5353 0.5744
vn 0.5685 -0.5942 0.5690
vn 0.9762 -0.1774 0.1246
vn 0.9254 -0.0655 0.3732
vn 0.7854 -0.1810 0.5920
vn 0.9261 -0.0392 0.3752
vn 0.7352 -0.2345 0.6360
vn 0.9683 -0.2438 0.0552
vn 0.9639 -0.1724 0.2029
vn 0.9213 -0.0917 0.3779
vn 0.8358 -0.1559 0.5265
vn 0.8290 -0.5583 -0.0312
vn 0.5750 -0.5356 0.6185
vn 0.5817 -0.0793 -0.8095
vn 0.5795 -0.1014 -0.8086
vn 0.5823 -0.0935 -0.8076
vn -0.1618 -0.1014 -0.9816
vn -0.1622 -0.2019 -0.9659
vn -0.8093 -0.0794 -0.5820
vn -0.8086 -0.1016 -0.5795
vn -0.8077 -0.0934 -0.5821
vn -0.9816 -0.1015 0.1618
vn -0.9659 -0.2019 0.1621
vn -0.6442 -0.1033 0.7579
vn -0.5815 -0.0792 0.8097
vn -0.5797 -0.1015 0.8085
vn -0.5820 -0.0936 0.8078
vn 0.9169 -0.0772 -0.3916
vn 0.9747 -0.1818 -0.1300
vn 0.7729 -0.1807 -0.6083
vn 0.7309 -0.2432 -0.6377
vn 0.9207 -0.0309 -0.3891
vn 0.9704 -0.2306 -0.0717
vn 0.9191 -0.0815 -0.3856
vn 0.9638 -0.1605 -0.2131
vn 0.8355 -0.1562 -0.5268
vn 0.7810 -0.6244 0.0053
vn 0.8254 -0.5637 0.0310
vn 0.5861 -0.5444 -0.6000
vn 0.5509 -0.6258 -0.5521
vn 0.3725 -0.0746 -0.9250
vn 0.5973 -0.1754 -0.7826
vn 0.1188 -0.1727 -0.9778
vn 0.0834 -0.2013 -0.9760
vn 0.3751 -0.0271 -0.9266
vn 0.6310 -0.2360 -0.7390
vn 0.3677 -0.0613 -0.9279
vn 0.5108 -0.1370 -0.8487
vn 0.2183 -0.0778 -0.9728
vn 0.6026 -0.5355 -0.5917
vn -0.3845 -0.0535 -0.9216
vn -0.1814 -0.1779 -0.9672
vn -0.5637 -0.1752 -0.8072
vn -0.6338 -0.2434 -0.7342
vn -0.3899 -0.0333 -0.9203
vn -0.0996 -0.1913 -0.9765
vn -0.3874 -0.0399 -0.9211
vn -0.2299 -0.0697 -0.9707
vn -0.5314 -0.1018 -0.8410
vn 0.0022 -0.5283 -0.8491
vn -0.0086 -0.5504 -0.8348
vn -0.0029 -0.6530 -0.7573
vn -0.9229 -0.0555 -0.3811
vn -0.8092 -0.1765 -0.5604
vn -0.9706 -0.1737 -0.1664
vn -0.9653 -0.2502 -0.0749
vn -0.9263 -0.0385 -0.3748
vn -0.7442 -0.2359 -0.6250
vn -0.9231 -0.0427 -0.3821
vn -0.8389 -0.0998 -0.5350
vn -0.9686 -0.1134 -0.2214
vn -0.5964 -0.5006 -0.6275
vn -0.5427 -0.6388 -0.5453
vn -0.6251 -0.5074 -0.5931
vn -0.9156 -0.0628 0.3971
vn -0.9716 -0.1932 0.1366
vn -0.7682 -0.1732 0.6163
vn -0.7335 -0.2418 0.6352
vn -0.9155 -0.0310 0.4011
vn -0.9665 -0.2485 0.0641
vn -0.9202 -0.0544 0.3877
vn -0.9698 -0.0833 0.2291
vn -0.8332 -0.1516 0.5318
vn -0.8869 -0.4618 -0.0087
vn -0.8180 -0.5752 0.0020
vn -0.8720 -0.4895 -0.0065
vn -0.3710 -0.0741 0.9257
vn -0.6015 -0.1712 0.7803
vn -0.1148 -0.1691 0.9789
vn -0.0723 -0.2429 0.9673
vn -0.3749 -0.0335 0.9265
vn -0.6276 -0.2327 0.7430
vn -0.3785 -0.0845 0.9217
vn -0.5247 -0.1477 0.8384
vn -0.2143 -0.1621 0.9632
vn -0.6214 -0.5249 0.5816
vn -0.5775 -0.5791 0.5754
vn -0.5780 -0.5317 0.6190
vn -0.0287 -0.5264 0.8498
vn 0.0316 -0.5316 0.8464
vn 0.0002 -0.5763 0.8173
vn -0.0804 -0.1034 0.9914
vn 0.3647 -0.2986 0.8819
vn 0.5966 -0.2904 0.7482
vn -0.1618 -0.1014 0.9816
vn 0.1622 -0.1012 0.9815
vn 0.0147 -0.9834 0.1808
vn 0.6442 -0.1033 0.7579
vn 0.8675 -0.3387 0.3643
vn 0.9422 -0.3154 0.1127
vn 0.5796 -0.1015 0.8085
vn 0.9914 -0.1034 0.0804
vn 0.8658 -0.3444 -0.3629
vn 0.7616 -0.3099 -0.5691
vn 0.9816 -0.1019 0.1616
vn 0.7578 -0.1035 -0.6442
vn 0.3647 -0.2985 -0.8820
vn 0.1063 -0.2931 -0.9502
vn 0.8084 -0.1017 -0.5798
vn 0.0804 -0.1035 -0.9914
vn -0.3645 -0.2985 -0.8821
vn -0.5968 -0.2907 -0.7479
vn 0.1616 -0.1016 -0.9816
vn -0.6442 -0.1033 -0.7578
vn -0.8658 -0.3440 -0.3634
vn -0.9413 -0.3171 -0.1157
vn -0.5798 -0.1014 -0.8084
vn -0.9914 -0.1035 -0.0805
vn -0.8675 -0.3387 0.3642
vn -0.7610 -0.3063 0.5719
vn -0.9816 -0.1016 -0.1615
vn -0.7032 -0.1045 0.7032
vn -0.8085 -0.1015 0.5797
vn -0.7579 -0.1035 0.6442
vn 0.1069 -0.2939 0.9499
vn 0.7613 -0.3061 0.5717
vn 0.9413 -0.3172 -0.1157
vn 0.5967 -0.2907 -0.7479
vn -0.1065 -0.2934 -0.9500
vn -0.7617 -0.3094 -0.5693
vn -0.9423 -0.3153 0.1126
vn -0.0152 -0.9973 0.0713
vn -0.0000 -0.9973 0.0730
vn 0.0152 -0.9973 0.0714
vn -0.0474 -0.9932 0.1064
vn -0.0242 -0.9932 0.1139
vn 0.0295 -0.9995 0.0096
vn 0.0269 -0.9995 0.0155
vn 0.0116 -0.9999 0.0067
vn 0.0128 -0.9999 0.0041
vn 0.0538 -0.9984 0.0175
vn 0.0490 -0.9984 0.0283
vn 0.1108 -0.9932 0.0360
vn 0.1009 -0.9932 0.0582
vn -0.0308 -0.9995 -0.0032
vn -0.0295 -0.9995 -0.0096
vn -0.0128 -0.9999 -0.0041
vn -0.0133 -0.9999 -0.0014
vn -0.0562 -0.9984 -0.0059
vn -0.0538 -0.9984 -0.0175
vn -0.1158 -0.9932 -0.0122
vn -0.1108 -0.9932 -0.0360
vn -0.0064 -0.9995 -0.0303
vn -0.0000 -0.9995 -0.0310
vn -0.0000 -0.9999 -0.0134
vn -0.0028 -0.9999 -0.0131
vn -0.0118 -0.9984 -0.0553
vn -0.0000 -0.9984 -0.0566
vn -0.0242 -0.9932 -0.1139
vn -0.0000 -0.9932 -0.1165
vn -0.0152 -0.9973 -0.0713
vn -0.0000 -0.9973 -0.0730
vn -0.0079 -0.9999 -0.0109
vn -0.0055 -0.9999 -0.0123
vn -0.0116 -0.9999 -0.0067
vn -0.0100 -0.9999 -0.0090
vn 0.0100 -0.9999 -0.0090
vn 0.0116 -0.9999 -0.0067
vn 0.0128 -0.9999 -0.0041
vn 0.0134 -0.9999 -0.0014
vn 0.0100 -0.9999 0.0090
vn 0.0134 -0.9999 0.0014
vn 0.0055 -0.9999 -0.0123
vn 0.0079 -0.9999 -0.0109
vn 0.0055 -0.9999 0.0123
vn 0.0028 -0.9999 0.0131
vn -0.0116 -0.9999 0.0067
vn -0.0128 -0.9999 0.0041
vn -0.0000 -0.9999 0.0134
vn -0.0055 -0.9999 0.0123
vn -0.0079 -0.9999 0.0109
vn 0.0079 -0.9999 0.0109
vn 0.0028 -0.9999 -0.0131
vn -0.0100 -0.9999 0.0090
vn -0.0133 -0.9999 0.0014
vn -0.0028 -0.9999 0.0131
vn 0.0152 -0.9973 -0.0714
vn -0.0230 -0.9984 0.0517
vn -0.0118 -0.9984 0.0553
vn -0.0126 -0.9995 0.0283
vn -0.0064 -0.9995 0.0303
vn -0.1009 -0.9932 0.0582
vn -0.0866 -0.9932 0.0780
vn -0.0490 -0.9984 0.0283
vn -0.0420 -0.9984 0.0378
vn -0.0269 -0.9995 0.0155
vn -0.0230 -0.9995 0.0208
vn 0.0242 -0.9932 -0.1139
vn 0.0118 -0.9984 -0.0553
vn 0.0065 -0.9995 -0.0303
vn 0.0685 -0.9932 0.0942
vn 0.0866 -0.9932 0.0779
vn 0.0332 -0.9984 0.0458
vn 0.0420 -0.9984 0.0378
vn 0.0182 -0.9995 0.0251
vn 0.0230 -0.9995 0.0207
vn -0.1158 -0.9932 0.0122
vn -0.1108 -0.9932 0.0360
vn -0.0562 -0.9984 0.0059
vn -0.0538 -0.9984 0.0175
vn -0.0308 -0.9995 0.0032
vn -0.0295 -0.9995 0.0096
vn -0.1009 -0.9932 -0.0582
vn -0.0490 -0.9984 -0.0283
vn -0.0269 -0.9995 -0.0155
vn -0.0000 -0.9932 0.1165
vn -0.0000 -0.9984 0.0566
vn -0.0000 -0.9995 0.0310
vn -0.0685 -0.9932 0.0942
vn -0.0332 -0.9984 0.0458
vn -0.0182 -0.9995 0.0251
vn 0.0474 -0.9932 -0.1064
vn 0.0230 -0.9984 -0.0517
vn 0.0126 -0.9995 -0.0283
vn 0.0474 -0.9932 0.1064
vn 0.0230 -0.9984 0.0517
vn 0.0126 -0.9995 0.0283
vn 0.1158 -0.9932 0.0122
vn 0.1158 -0.9932 -0.0122
vn 0.0562 -0.9984 0.0059
vn 0.0562 -0.9984 -0.0059
vn 0.0308 -0.9995 0.0032
vn 0.0308 -0.9995 -0.0032
vn 0.0242 -0.9932 0.1139
vn 0.0118 -0.9984 0.0553
vn 0.0065 -0.9995 0.0303
vn -0.0685 -0.9932 -0.0942
vn -0.0866 -0.9932 -0.0779
vn -0.0332 -0.9984 -0.0458
vn -0.0420 -0.9984 -0.0378
vn -0.0182 -0.9995 -0.0251
vn -0.0230 -0.9995 -0.0208
vn 0.0866 -0.9932 -0.0779
vn 0.0685 -0.9932 -0.0942
vn 0.0420 -0.9984 -0.0378
vn 0.0332 -0.9984 -0.0458
vn 0.0230 -0.9995 -0.0207
vn 0.0182 -0.9995 -0.0251
vn 0.1108 -0.9932 -0.0360
vn 0.1009 -0.9932 -0.0582
vn 0.0538 -0.9984 -0.0175
vn 0.0490 -0.9984 -0.0283
vn 0.0295 -0.9995 -0.0096
vn 0.0269 -0.9995 -0.0155
vn -0.0474 -0.9932 -0.1064
vn -0.0230 -0.9984 -0.0517
vn -0.0126 -0.9995 -0.0283
vn -0.0000 -0.2856 0.9583
vn 0.0783 -0.2899 0.9539
vn 0.0539 -0.7489 0.6605
vn -0.0000 -0.7387 0.6740
vn 0.4350 -0.7179 0.5435
vn 0.2556 -0.7404 0.6217
vn -0.0783 -0.2900 0.9538
vn -0.0539 -0.7487 0.6607
vn 0.0750 -0.7224 0.6874
vn -0.0749 -0.7225 0.6873
vn 0.6793 -0.2777 0.6793
vn 0.7312 -0.2836 0.6204
vn 0.5125 -0.7398 0.4358
vn 0.4869 -0.7250 0.4871
vn 0.6565 -0.7517 0.0623
vn 0.5688 -0.7845 0.2469
vn 0.6163 -0.2476 0.7476
vn 0.4610 -0.7074 0.5358
vn 0.5178 -0.7081 0.4800
vn 0.9545 -0.2982 -0.0000
vn 0.9502 -0.3017 -0.0785
vn 0.6411 -0.7657 -0.0519
vn 0.6544 -0.7561 -0.0000
vn 0.5165 -0.7065 -0.4838
vn 0.5632 -0.7895 -0.2441
vn 0.9508 -0.2992 0.0799
vn 0.6438 -0.7634 0.0516
vn 0.6567 -0.7520 -0.0571
vn 0.6792 -0.2782 -0.6792
vn 0.6158 -0.2432 -0.7494
vn 0.4638 -0.7038 -0.5381
vn 0.4879 -0.7237 -0.4881
vn 0.0751 -0.7223 -0.6875
vn 0.2558 -0.7405 -0.6215
vn 0.7314 -0.2831 -0.6204
vn 0.5129 -0.7394 -0.4362
vn 0.4351 -0.7178 -0.5436
vn -0.0000 -0.2854 -0.9584
vn -0.0783 -0.2898 -0.9539
vn -0.0539 -0.7488 -0.6606
vn -0.0000 -0.7389 -0.6738
vn -0.4354 -0.7177 -0.5434
vn -0.2559 -0.7402 -0.6217
vn 0.0783 -0.2898 -0.9539
vn 0.0539 -0.7487 -0.6607
vn -0.0751 -0.7223 -0.6875
vn -0.6791 -0.2787 -0.6790
vn -0.7313 -0.2830 -0.6205
vn -0.5129 -0.7394 -0.4361
vn -0.4877 -0.7239 -0.4879
vn -0.6565 -0.7522 -0.0571
vn -0.5631 -0.7895 -0.2442
vn -0.6159 -0.2431 -0.7494
vn -0.4637 -0.7038 -0.5381
vn -0.5164 -0.7064 -0.4840
vn -0.9545 -0.2981 -0.0000
vn -0.9508 -0.2992 0.0800
vn -0.6439 -0.7634 0.0516
vn -0.6544 -0.7561 -0.0000
vn -0.5177 -0.7084 0.4798
vn -0.5688 -0.7846 0.2469
vn -0.9502 -0.3014 -0.0786
vn -0.6411 -0.7657 -0.0519
vn -0.6567 -0.7516 0.0623
vn -0.6163 -0.2481 0.7474
vn -0.4609 -0.7075 0.5357
vn -0.6792 -0.2783 0.6792
vn -0.4870 -0.7248 0.4873
vn -0.7312 -0.2837 0.6204
vn -0.5126 -0.7397 0.4359
vn -0.4350 -0.7180 0.5434
vn -0.2556 -0.7405 0.6216
vn -0.0828 -0.1559 0.9843
vn -0.0004 -0.1421 0.9899
vn 0.6907 -0.1657 0.7039
vn 0.5054 -0.1785 0.8442
vn 0.0816 -0.1423 0.9865
vn 0.1583 -0.1470 0.9764
vn -0.1605 -0.1827 0.9700
vn 0.6374 -0.1560 0.7546
vn 0.6996 -0.1419 0.7003
vn 0.9857 -0.1577 0.0597
vn 0.9577 -0.1531 0.2436
vn 0.5723 -0.1826 0.7995
vn 0.7552 -0.1423 0.6399
vn 0.9843 -0.1559 0.0828
vn 0.9899 -0.1421 0.0004
vn 0.9700 -0.1827 0.1605
vn 0.9865 -0.1423 -0.0816
vn 0.9764 -0.1470 -0.1582
vn 0.7546 -0.1559 -0.6374
vn 0.7003 -0.1421 -0.6996
vn -0.0815 -0.1422 -0.9865
vn -0.1583 -0.1471 -0.9764
vn 0.7993 -0.1826 -0.5725
vn 0.6399 -0.1423 -0.7552
vn 0.5785 -0.1469 -0.8024
vn 0.0828 -0.1559 -0.9843
vn 0.0005 -0.1420 -0.9899
vn 0.1602 -0.1826 -0.9701
vn -0.7552 -0.1423 -0.6398
vn -0.8023 -0.1471 -0.5786
vn -0.6374 -0.1559 -0.7546
vn -0.6996 -0.1420 -0.7002
vn -0.9865 -0.1422 0.0815
vn -0.9764 -0.1470 0.1584
vn -0.5726 -0.1827 -0.7992
vn -0.9843 -0.1559 -0.0828
vn -0.9899 -0.1420 -0.0005
vn -0.9701 -0.1826 -0.1602
vn -0.7546 -0.1558 0.6374
vn -0.7003 -0.1419 0.6996
vn -0.7993 -0.1826 0.5725
vn -0.6399 -0.1423 0.7552
vn -0.5784 -0.1471 0.8024
vn 0.8025 -0.1470 0.5783
vn 0.1486 -0.1997 0.9685
vn 0.8218 -0.1860 0.5385
vn -0.8449 -0.1671 0.5082
vn -0.7184 -0.1625 0.6764
vn -0.9570 -0.1331 -0.2578
vn -0.9825 -0.1501 -0.1100
vn 0.2420 -0.1578 -0.9574
vn 0.0496 -0.1594 -0.9860
vn -0.4944 -0.1331 -0.8590
vn -0.6169 -0.1502 -0.7726
vn -0.2398 -0.1644 0.9568
vn -0.0357 -0.1615 0.9862
vn 0.8491 -0.1552 -0.5049
vn 0.7365 -0.1583 -0.6577
vn 0.9624 -0.1874 -0.1966
vn 0.5457 -0.1887 -0.8165
vn -0.2384 -0.1760 -0.9551
vn -0.8438 -0.1760 -0.5070
vn -0.9656 -0.1934 0.1738
vn -0.5563 -0.1922 0.8085
vn -1.0000 -0.0090 -0.0000
vn -0.9807 -0.0091 -0.1951
vn 0.3827 -0.0092 -0.9238
vn 0.5556 -0.0092 -0.8314
vn 0.8314 -0.0090 0.5555
vn 0.7071 -0.0090 0.7071
vn -0.7071 -0.0090 0.7070
vn -0.8314 -0.0092 0.5556
vn -0.5555 -0.0093 -0.8314
vn -0.3828 -0.0089 -0.9238
vn 0.9807 -0.0091 -0.1951
vn 1.0000 -0.0091 -0.0000
vn -0.0000 -0.0090 1.0000
vn -0.1951 -0.0091 0.9807
vn -0.9238 -0.0092 -0.3827
vn 0.7071 -0.0089 -0.7071
vn 0.5555 -0.0090 0.8314
vn -0.9238 -0.0092 0.3827
vn 0.9807 -0.0091 0.1951
vn -0.3827 -0.0091 0.9238
vn -0.8314 -0.0090 -0.5556
vn 0.8314 -0.0089 -0.5555
vn 0.3827 -0.0090 0.9238
vn -0.9807 -0.0091 0.1951
vn -0.1909 0.2051 0.9599
vn -0.0000 0.2053 0.9787
vn -0.0000 0.1184 0.9930
vn -0.1931 0.1177 0.9741
vn 0.9238 -0.0090 0.3827
vn -0.5555 -0.0091 0.8315
vn -0.7071 -0.0089 -0.7071
vn 0.9238 -0.0090 -0.3827
vn 0.1951 -0.0091 0.9807
vn 0.1951 -0.0091 -0.9807
vn -0.9043 0.2050 -0.3746
vn -0.9599 0.2053 -0.1909
vn -0.9756 0.1010 -0.1947
vn -0.9185 0.1030 -0.3818
vn 0.9787 0.2053 -0.0000
vn 0.9599 0.2051 -0.1910
vn 0.9756 0.1010 -0.1947
vn 0.9950 0.1003 -0.0000
vn -0.8138 0.2049 -0.5438
vn -0.8259 0.1060 -0.5537
vn 0.9599 0.2051 0.1910
vn 0.9756 0.1010 0.1947
vn -0.6921 0.2052 -0.6920
vn -0.7017 0.1094 -0.7041
vn 0.9042 0.2051 0.3745
vn 0.9185 0.1030 0.3818
vn -0.5438 0.2052 -0.8138
vn -0.5507 0.1129 -0.8270
vn 0.8138 0.2053 0.5437
vn 0.8259 0.1059 0.5537
vn -0.3745 0.2051 -0.9042
vn -0.3790 0.1158 -0.9181
vn 0.6920 0.2054 0.6920
vn 0.7017 0.1094 0.7041
vn -0.1909 0.2053 -0.9599
vn -0.1931 0.1177 -0.9741
vn 0.1910 0.2051 0.9599
vn 0.1931 0.1177 0.9741
vn 0.5437 0.2053 0.8138
vn 0.5507 0.1129 0.8270
vn -0.0000 0.2053 -0.9787
vn -0.0000 0.1184 -0.9930
vn -0.5437 0.2052 0.8138
vn -0.3746 0.2050 0.9043
vn -0.3790 0.1158 0.9181
vn -0.5507 0.1129 0.8270
vn 0.3745 0.2051 0.9042
vn 0.3790 0.1158 0.9181
vn 0.1909 0.2053 -0.9599
vn 0.1931 0.1177 -0.9741
vn -0.6921 0.2052 0.6921
vn -0.7017 0.1094 0.7041
vn 0.3745 0.2053 -0.9042
vn 0.3790 0.1158 -0.9181
vn -0.8138 0.2050 0.5438
vn -0.8259 0.1060 0.5538
vn 0.5437 0.2053 -0.8138
vn 0.5507 0.1129 -0.8270
vn -0.9042 0.2051 0.3745
vn -0.9185 0.1030 0.3818
vn 0.6920 0.2054 -0.6920
vn 0.7017 0.1094 -0.7041
vn -0.9599 0.2053 0.1909
vn -0.9756 0.1010 0.1947
vn 0.8138 0.2052 -0.5437
vn 0.8259 0.1059 -0.5537
vn -0.9787 0.2053 -0.0000
vn -0.9950 0.1003 -0.0000
vn 0.9043 0.2050 -0.3746
vn 0.9185 0.1030 -0.3818
vn -0.5184 0.3325 -0.7878
vn -0.6588 0.3443 -0.6689
vn -0.6589 0.3501 -0.6658
vn -0.5195 0.3361 -0.7856
vn 0.7733 0.3560 0.5247
vn 0.8579 0.3658 0.3609
vn 0.8549 0.3756 0.3578
vn 0.7720 0.3640 0.5211
vn -0.3576 0.3224 -0.8765
vn -0.3588 0.3241 -0.8753
vn 0.6588 0.3443 0.6690
vn 0.6589 0.3501 0.6658
vn -0.1825 0.3156 -0.9312
vn -0.1833 0.3160 -0.9309
vn -0.0000 0.3132 0.9497
vn 0.1824 0.3156 0.9312
vn 0.1833 0.3160 0.9309
vn 0.5184 0.3325 0.7878
vn 0.5195 0.3361 0.7856
vn -0.0000 0.3133 -0.9497
vn -0.0000 0.3132 -0.9497
vn -0.5184 0.3325 0.7878
vn -0.3576 0.3224 0.8765
vn -0.3588 0.3241 0.8753
vn -0.5195 0.3361 0.7856
vn 0.3576 0.3224 0.8765
vn 0.3589 0.3240 0.8753
vn 0.1825 0.3156 -0.9312
vn 0.1833 0.3160 -0.9309
vn -0.6588 0.3443 0.6690
vn -0.6589 0.3501 0.6658
vn 0.3575 0.3224 -0.8765
vn 0.3589 0.3241 -0.8753
vn -0.7733 0.3560 0.5247
vn -0.7719 0.3640 0.5212
vn -0.1938 0.1144 0.9743
vn -0.0000 0.1144 0.9934
vn -0.0000 0.0916 0.9958
vn -0.1943 0.0916 0.9767
vn 0.5184 0.3325 -0.7878
vn 0.5195 0.3361 -0.7856
vn -0.8579 0.3657 0.3609
vn -0.8549 0.3756 0.3578
vn -0.1824 0.3156 0.9312
vn -0.1832 0.3160 0.9309
vn 0.6588 0.3443 -0.6689
vn 0.6589 0.3501 -0.6658
vn -0.9098 0.3723 0.1838
vn -0.9055 0.3833 0.1820
vn 0.7733 0.3560 -0.5247
vn 0.7720 0.3640 -0.5212
vn -0.9272 0.3745 -0.0000
vn -0.9225 0.3860 -0.0000
vn 0.8579 0.3658 -0.3609
vn 0.8549 0.3756 -0.3578
vn -0.9098 0.3722 -0.1838
vn -0.9055 0.3833 -0.1820
vn 0.9098 0.3722 -0.1838
vn 0.9055 0.3833 -0.1820
vn -0.8579 0.3657 -0.3609
vn -0.8549 0.3756 -0.3578
vn 0.9272 0.3745 -0.0000
vn 0.9225 0.3860 -0.0000
vn -0.7733 0.3560 -0.5247
vn -0.7719 0.3639 -0.5212
vn 0.9098 0.3722 0.1838
vn 0.9055 0.3833 0.1820
vn -0.3750 0.1500 -0.9148
vn -0.1907 0.1570 -0.9690
vn -0.1908 0.1570 0.9690
vn -0.3750 0.1500 0.9148
vn 0.6977 0.1269 0.7051
vn 0.5461 0.1395 0.8260
vn -0.0000 0.1595 -0.9872
vn -0.5461 0.1395 0.8260
vn 0.3750 0.1500 0.9148
vn 0.1907 0.1570 -0.9690
vn -0.6977 0.1268 0.7051
vn 0.1908 0.1570 0.9690
vn 0.3750 0.1501 -0.9148
vn -0.8233 0.1140 0.5560
vn -0.0000 0.1594 0.9872
vn 0.5461 0.1395 -0.8260
vn -0.9175 0.1031 0.3841
vn 0.6977 0.1269 -0.7051
vn -0.9759 0.0958 0.1962
vn 0.8233 0.1141 -0.5560
vn -0.9956 0.0932 -0.0000
vn 0.9175 0.1032 -0.3841
vn -0.9759 0.0958 -0.1962
vn 0.9759 0.0958 -0.1962
vn -0.9175 0.1031 -0.3841
vn 0.9956 0.0932 -0.0000
vn -0.8233 0.1141 -0.5560
vn 0.9759 0.0958 0.1962
vn -0.6977 0.1269 -0.7051
vn 0.9175 0.1032 0.3841
vn -0.5461 0.1395 -0.8260
vn 0.8233 0.1141 0.5560
vn 0.5519 0.1144 -0.8260
vn 0.3802 0.1144 -0.9178
vn 0.3811 0.0916 -0.9200
vn 0.5532 0.0916 -0.8280
vn -0.9178 0.1144 0.3802
vn -0.8260 0.1144 0.5519
vn -0.8280 0.0916 0.5532
vn -0.9200 0.0916 0.3810
vn -0.3802 0.1144 0.9178
vn -0.3811 0.0916 0.9200
vn 0.7025 0.1144 -0.7025
vn 0.7042 0.0916 -0.7041
vn -0.9743 0.1144 0.1938
vn -0.9767 0.0916 0.1943
vn 0.8260 0.1144 -0.5519
vn 0.8280 0.0916 -0.5532
vn -0.9934 0.1144 -0.0000
vn -0.9958 0.0916 -0.0000
vn 0.9178 0.1144 -0.3802
vn 0.9200 0.0916 -0.3811
vn -0.9743 0.1144 -0.1938
vn -0.9767 0.0916 -0.1942
vn 0.9743 0.1144 -0.1938
vn 0.9767 0.0916 -0.1943
vn -0.9178 0.1144 -0.3802
vn -0.9200 0.0916 -0.3811
vn 0.9934 0.1144 -0.0000
vn 0.9958 0.0916 -0.0000
vn -0.8260 0.1144 -0.5519
vn -0.8280 0.0916 -0.5532
vn 0.9743 0.1144 0.1938
vn 0.9767 0.0916 0.1943
vn -0.7025 0.1144 -0.7025
vn -0.7041 0.0916 -0.7041
vn 0.9178 0.1144 0.3802
vn 0.9200 0.0916 0.3811
vn -0.5519 0.1144 -0.8260
vn -0.5532 0.0916 -0.8280
vn 0.8260 0.1144 0.5519
vn 0.8280 0.0916 0.5532
vn -0.3802 0.1144 -0.9178
vn -0.3811 0.0916 -0.9200
vn 0.7025 0.1144 0.7025
vn 0.7041 0.0916 0.7041
vn -0.1938 0.1144 -0.9743
vn -0.1942 0.0916 -0.9767
vn 0.1938 0.1144 0.9743
vn 0.1943 0.0916 0.9767
vn 0.5519 0.1144 0.8260
vn 0.5532 0.0916 0.8280
vn -0.0000 0.1144 -0.9934
vn -0.0000 0.0916 -0.9958
vn -0.5519 0.1144 0.8260
vn -0.5532 0.0916 0.8280
vn 0.3802 0.1144 0.9178
vn 0.3811 0.0916 0.9200
vn 0.1938 0.1144 -0.9743
vn 0.1943 0.0916 -0.9767
vn -0.7025 0.1144 0.7025
vn -0.7041 0.0916 0.7042
vn 0.8213 0.1563 -0.5487
vn 0.9125 0.1563 -0.3780
vn -0.9877 0.1563 -0.0000
vn -0.9687 0.1563 -0.1927
vn 0.9687 0.1563 -0.1927
vn -0.9125 0.1563 -0.3780
vn 0.9877 0.1563 -0.0000
vn -0.8213 0.1563 -0.5487
vn 0.9687 0.1563 0.1927
vn -0.6984 0.1563 -0.6984
vn 0.9125 0.1563 0.3780
vn -0.5487 0.1563 -0.8213
vn 0.8213 0.1563 0.5487
vn -0.3780 0.1563 -0.9125
vn 0.6984 0.1563 0.6984
vn -0.1927 0.1563 -0.9687
vn -0.1927 0.1563 0.9687
vn -0.3780 0.1563 0.9125
vn 0.5487 0.1563 0.8213
vn -0.0000 0.1563 -0.9877
vn -0.5487 0.1563 0.8213
vn 0.3780 0.1563 0.9125
vn 0.1927 0.1563 -0.9687
vn -0.6984 0.1563 0.6984
vn 0.1927 0.1563 0.9687
vn 0.3780 0.1563 -0.9125
vn -0.8213 0.1563 0.5487
vn 0.5487 0.1563 -0.8213
vn -0.9125 0.1563 0.3780
vn -0.0000 0.1563 0.9877
vn 0.6984 0.1563 -0.6984
vn -0.9687 0.1563 0.1927
vn -0.0000 0.3476 0.9377
vn -0.1829 0.3475 0.9197
vn -0.0000 0.6820 0.7314
vn -0.1427 0.6820 0.7173
vn -0.0000 0.9242 0.3819
vn -0.0745 0.9242 0.3746
vn -0.0000 0.9916 0.1293
vn -0.0252 0.9916 0.1269
vn -0.3589 0.3475 0.8663
vn -0.2799 0.6820 0.6757
vn -0.1462 0.9242 0.3529
vn -0.0495 0.9916 0.1195
vn -0.5209 0.3475 0.7797
vn -0.4063 0.6819 0.6081
vn -0.2122 0.9242 0.3176
vn -0.0719 0.9916 0.1075
vn -0.6630 0.3475 0.6630
vn -0.5172 0.6820 0.5172
vn -0.2700 0.9242 0.2701
vn -0.0915 0.9916 0.0915
vn -0.7797 0.3475 0.5209
vn -0.6081 0.6820 0.4063
vn -0.3176 0.9242 0.2122
vn -0.1075 0.9916 0.0719
vn -0.8663 0.3476 0.3588
vn -0.6757 0.6820 0.2799
vn -0.3529 0.9242 0.1462
vn -0.1195 0.9916 0.0495
vn -0.9196 0.3476 0.1829
vn -0.7173 0.6820 0.1427
vn -0.3746 0.9242 0.0745
vn -0.1268 0.9916 0.0252
vn -0.9377 0.3476 -0.0000
vn -0.7314 0.6820 -0.0000
vn -0.3819 0.9242 -0.0000
vn -0.1293 0.9916 -0.0000
vn -0.9196 0.3476 -0.1829
vn -0.7173 0.6820 -0.1427
vn -0.3746 0.9242 -0.0745
vn -0.1268 0.9916 -0.0252
vn -0.8663 0.3475 -0.3588
vn -0.6757 0.6819 -0.2799
vn -0.3529 0.9242 -0.1461
vn -0.1195 0.9916 -0.0495
vn -0.7797 0.3475 -0.5209
vn -0.6081 0.6819 -0.4063
vn -0.3176 0.9242 -0.2122
vn -0.1075 0.9916 -0.0719
vn -0.6630 0.3475 -0.6630
vn -0.5172 0.6819 -0.5172
vn -0.2700 0.9242 -0.2700
vn -0.0914 0.9916 -0.0914
vn -0.5209 0.3475 -0.7797
vn -0.4063 0.6819 -0.6081
vn -0.2122 0.9242 -0.3176
vn -0.0719 0.9916 -0.1075
vn -0.3588 0.3475 -0.8663
vn -0.2799 0.6819 -0.6757
vn -0.1462 0.9242 -0.3528
vn -0.0495 0.9916 -0.1195
vn -0.1829 0.3475 -0.9197
vn -0.1427 0.6819 -0.7174
vn -0.0745 0.9242 -0.3746
vn -0.0252 0.9916 -0.1268
vn -0.0000 0.3475 -0.9377
vn -0.0000 0.6820 -0.7314
vn -0.0000 0.9242 -0.3819
vn -0.0000 0.9916 -0.1293
vn 0.1829 0.3475 -0.9197
vn 0.1427 0.6819 -0.7174
vn 0.0745 0.9242 -0.3746
vn 0.0252 0.9916 -0.1268
vn 0.3588 0.3475 -0.8663
vn 0.2799 0.6820 -0.6757
vn 0.1462 0.9242 -0.3529
vn 0.0495 0.9916 -0.1195
vn 0.5209 0.3475 -0.7797
vn 0.4063 0.6820 -0.6081
vn 0.2122 0.9242 -0.3176
vn 0.0719 0.9916 -0.1075
vn 0.6630 0.3475 -0.6630
vn 0.5172 0.6820 -0.5172
vn 0.2701 0.9242 -0.2700
vn 0.0915 0.9916 -0.0915
vn 0.7797 0.3475 -0.5209
vn 0.6081 0.6819 -0.4063
vn 0.3176 0.9242 -0.2122
vn 0.1075 0.9916 -0.0719
vn 0.8663 0.3475 -0.3589
vn 0.6757 0.6820 -0.2799
vn 0.3529 0.9242 -0.1462
vn 0.1195 0.9916 -0.0495
vn 0.9197 0.3475 -0.1829
vn 0.7173 0.6820 -0.1427
vn 0.3746 0.9242 -0.0745
vn 0.1269 0.9916 -0.0252
vn 0.9377 0.3476 -0.0000
vn 0.7314 0.6820 -0.0000
vn 0.3819 0.9242 -0.0000
vn 0.1293 0.9916 -0.0000
vn 0.9196 0.3475 0.1830
vn 0.7173 0.6820 0.1427
vn 0.3746 0.9242 0.0745
vn 0.1269 0.9916 0.0252
vn 0.8663 0.3475 0.3588
vn 0.6757 0.6820 0.2799
vn 0.3529 0.9242 0.1462
vn 0.1195 0.9916 0.0495
vn 0.7797 0.3476 0.5209
vn 0.6081 0.6820 0.4063
vn 0.3176 0.9242 0.2122
vn 0.1075 0.9916 0.0719
vn 0.6630 0.3476 0.6630
vn 0.5172 0.6820 0.5172
vn 0.2701 0.9242 0.2701
vn 0.0915 0.9916 0.0915
vn 0.5209 0.3476 0.7797
vn 0.4063 0.6820 0.6081
vn 0.2122 0.9242 0.3176
vn 0.0719 0.9916 0.1075
vn 0.3588 0.3475 0.8663
vn 0.2799 0.6820 0.6757
vn 0.1462 0.9242 0.3529
vn 0.0495 0.9916 0.1195
vn 0.1829 0.3475 0.9196
vn 0.1427 0.6820 0.7173
vn 0.0745 0.9242 0.3746
vn 0.0252 0.9916 0.1269
vn -0.0000 0.9979 0.0643
vn -0.0125 0.9979 0.0630
vn -0.0246 0.9979 0.0594
vn -0.0357 0.9979 0.0534
vn -0.0454 0.9979 0.0454
vn -0.0534 0.9979 0.0357
vn -0.0594 0.9979 0.0246
vn -0.0630 0.9979 0.0125
vn -0.0643 0.9979 -0.0000
vn -0.0630 0.9979 -0.0125
vn -0.0594 0.9979 -0.0246
vn -0.0534 0.9979 -0.0357
vn -0.0454 0.9979 -0.0454
vn -0.0357 0.9979 -0.0534
vn -0.0246 0.9979 -0.0594
vn -0.0125 0.9979 -0.0630
vn -0.0000 0.9979 -0.0643
vn 0.0125 0.9979 -0.0630
vn 0.0246 0.9979 -0.0594
vn 0.0357 0.9979 -0.0534
vn 0.0454 0.9979 -0.0454
vn 0.0534 0.9979 -0.0357
vn 0.0594 0.9979 -0.0246
vn 0.0630 0.9979 -0.0125
vn 0.0643 0.9979 -0.0000
vn 0.0630 0.9979 0.0125
vn 0.0594 0.9979 0.0246
vn 0.0534 0.9979 0.0357
vn 0.0454 0.9979 0.0454
vn 0.0357 0.9979 0.0534
vn 0.0246 0.9979 0.0594
vn 0.0125 0.9979 0.0630
vn -0.0000 1.0000 -0.0000
vn -0.0000 0.9995 0.0324
vn 0.0063 0.9995 0.0318
vn -0.0000 0.9984 0.0557
vn 0.0109 0.9984 0.0546
vn 0.0124 0.9995 0.0299
vn 0.0213 0.9984 0.0514
vn 0.0180 0.9995 0.0269
vn 0.0309 0.9984 0.0463
vn 0.0229 0.9995 0.0229
vn 0.0394 0.9984 0.0394
vn 0.0269 0.9995 0.0180
vn 0.0463 0.9984 0.0309
vn 0.0299 0.9995 0.0124
vn 0.0514 0.9984 0.0213
vn 0.0318 0.9995 0.0063
vn 0.0546 0.9984 0.0109
vn 0.0324 0.9995 -0.0000
vn 0.0557 0.9984 -0.0000
vn 0.0318 0.9995 -0.0063
vn 0.0549 0.9984 -0.0110
vn 0.0299 0.9995 -0.0124
vn 0.0514 0.9984 -0.0213
vn 0.0269 0.9995 -0.0180
vn 0.0463 0.9984 -0.0309
vn 0.0229 0.9995 -0.0229
vn 0.0394 0.9984 -0.0394
vn 0.0180 0.9995 -0.0269
vn 0.0309 0.9984 -0.0463
vn 0.0124 0.9995 -0.0299
vn 0.0213 0.9984 -0.0514
vn 0.0063 0.9995 -0.0318
vn 0.0109 0.9984 -0.0546
vn -0.0000 0.9995 -0.0324
vn -0.0000 0.9984 -0.0557
vn -0.0063 0.9995 -0.0318
vn -0.0109 0.9984 -0.0546
vn -0.0124 0.9995 -0.0299
vn -0.0213 0.9984 -0.0514
vn -0.0180 0.9995 -0.0269
vn -0.0309 0.9984 -0.0463
vn -0.0229 0.9995 -0.0229
vn -0.0394 0.9984 -0.0394
vn -0.0269 0.9995 -0.0180
vn -0.0463 0.9984 -0.0309
vn -0.0299 0.9995 -0.0124
vn -0.0514 0.9984 -0.0213
vn -0.0318 0.9995 -0.0063
vn -0.0546 0.9984 -0.0109
vn -0.0324 0.9995 -0.0000
vn -0.0557 0.9984 -0.0000
vn -0.0318 0.9995 0.0063
vn -0.0546 0.9984 0.0109
vn -0.0299 0.9995 0.0124
vn -0.0514 0.9984 0.0213
vn -0.0269 0.9995 0.0180
vn -0.0463 0.9984 0.0309
vn -0.0229 0.9995 0.0229
vn -0.0394 0.9984 0.0394
vn -0.0180 0.9995 0.0269
vn -0.0309 0.9984 0.0463
vn -0.0124 0.9995 0.0299
vn -0.0213 0.9984 0.0514
vn -0.0063 0.9995 0.0318
vn -0.0110 0.9984 0.0549
vn -0.1885 0.2027 0.9609
vn -0.0000 0.2675 0.9636
vn -0.1851 0.2675 0.9456
vn -0.3709 0.1953 0.9079
vn -0.3637 0.2675 0.8923
vn -0.5408 0.1842 0.8207
vn -0.5293 0.2676 0.8051
vn -0.6918 0.1710 0.7015
vn -0.6758 0.2675 0.6868
vn -0.8175 0.1576 0.5539
vn -0.7971 0.2675 0.5413
vn -0.9121 0.1462 0.3831
vn -0.8881 0.2675 0.3739
vn -0.9708 0.1386 0.1958
vn -0.9445 0.2674 0.1909
vn -0.9907 0.1359 -0.0000
vn -0.9636 0.2674 -0.0000
vn -0.9708 0.1386 -0.1958
vn -0.9445 0.2674 -0.1909
vn -0.9121 0.1462 -0.3831
vn -0.8881 0.2675 -0.3739
vn -0.8175 0.1576 -0.5539
vn -0.7971 0.2675 -0.5413
vn -0.6918 0.1710 -0.7015
vn -0.6758 0.2676 -0.6868
vn -0.5408 0.1842 -0.8207
vn -0.5293 0.2676 -0.8051
vn -0.3709 0.1954 -0.9079
vn -0.3637 0.2676 -0.8923
vn -0.1885 0.2027 -0.9609
vn -0.1851 0.2676 -0.9456
vn -0.0000 0.2675 -0.9635
vn 0.1885 0.2027 -0.9609
vn 0.1851 0.2676 -0.9456
vn 0.3709 0.1954 -0.9079
vn 0.3636 0.2676 -0.8923
vn 0.5408 0.1843 -0.8207
vn 0.5293 0.2676 -0.8051
vn 0.6918 0.1710 -0.7015
vn 0.6758 0.2676 -0.6868
vn 0.8175 0.1577 -0.5539
vn 0.7971 0.2675 -0.5413
vn 0.9121 0.1462 -0.3830
vn 0.8881 0.2674 -0.3739
vn 0.9708 0.1386 -0.1958
vn 0.9445 0.2673 -0.1909
vn 0.9907 0.1359 -0.0000
vn 0.9636 0.2673 -0.0000
vn 0.9708 0.1386 0.1958
vn 0.9445 0.2673 0.1910
vn 0.9121 0.1462 0.3831
vn 0.8881 0.2674 0.3738
vn 0.8175 0.1577 0.5539
vn 0.7971 0.2675 0.5413
vn 0.6918 0.1711 0.7015
vn 0.6758 0.2675 0.6868
vn 0.5408 0.1843 0.8207
vn 0.5293 0.2676 0.8051
vn 0.3709 0.1954 0.9079
vn 0.3637 0.2676 0.8923
vn 0.1885 0.2027 0.9609
vn 0.1851 0.2675 0.9456
vn -0.0000 0.2656 0.9641
vn -0.1871 0.2673 0.9453
vn -0.0000 0.1999 0.9798
vn -0.1909 0.2003 0.9609
vn -0.3667 0.2720 0.8897
vn -0.3744 0.2015 0.9051
vn -0.5317 0.2790 0.7997
vn -0.5435 0.2032 0.8145
vn -0.6756 0.2873 0.6790
vn -0.6916 0.2052 0.6925
vn -0.7931 0.2956 0.5326
vn -0.8131 0.2073 0.5440
vn -0.8799 0.3026 0.3663
vn -0.9033 0.2089 0.3747
vn -0.9332 0.3072 0.1865
vn -0.9589 0.2101 0.1910
vn -0.9511 0.3088 -0.0000
vn -0.9776 0.2105 -0.0000
vn -0.9332 0.3072 -0.1865
vn -0.9589 0.2101 -0.1910
vn -0.8799 0.3026 -0.3663
vn -0.9033 0.2089 -0.3747
vn -0.7931 0.2956 -0.5325
vn -0.8131 0.2072 -0.5440
vn -0.6756 0.2873 -0.6790
vn -0.6916 0.2052 -0.6925
vn -0.5317 0.2790 -0.7997
vn -0.5435 0.2031 -0.8145
vn -0.3667 0.2720 -0.8897
vn -0.3744 0.2014 -0.9051
vn -0.1871 0.2673 -0.9453
vn -0.1909 0.2002 -0.9610
vn -0.0000 0.2657 -0.9641
vn -0.0000 0.1998 -0.9798
vn 0.1871 0.2673 -0.9453
vn 0.1909 0.2002 -0.9610
vn 0.3667 0.2721 -0.8897
vn 0.3744 0.2014 -0.9051
vn 0.5316 0.2791 -0.7997
vn 0.5435 0.2031 -0.8145
vn 0.6756 0.2874 -0.6790
vn 0.6916 0.2052 -0.6925
vn 0.7931 0.2956 -0.5325
vn 0.8131 0.2073 -0.5440
vn 0.8799 0.3026 -0.3663
vn 0.9033 0.2090 -0.3746
vn 0.9332 0.3072 -0.1866
vn 0.9588 0.2101 -0.1910
vn 0.9511 0.3089 -0.0000
vn 0.9776 0.2106 -0.0000
vn 0.9332 0.3072 0.1866
vn 0.9588 0.2101 0.1910
vn 0.8799 0.3026 0.3663
vn 0.9033 0.2090 0.3746
vn 0.7931 0.2956 0.5326
vn 0.8131 0.2073 0.5440
vn 0.6756 0.2874 0.6790
vn 0.6916 0.2053 0.6925
vn 0.5317 0.2791 0.7996
vn 0.5435 0.2032 0.8144
vn 0.3667 0.2721 0.8897
vn 0.3744 0.2015 0.9051
vn 0.1871 0.2673 0.9453
vn 0.1909 0.2003 0.9609
vn -0.0000 0.3889 -0.9213
vn 0.1798 0.3886 -0.9037
vn -0.0000 0.8631 -0.5051
vn 0.0985 0.8631 -0.4953
vn -0.0000 0.9999 -0.0160
vn 0.0031 0.9999 -0.0155
vn 0.3526 0.3887 -0.8512
vn 0.1931 0.8633 -0.4663
vn 0.0061 0.9999 -0.0148
vn 0.5119 0.3888 -0.7661
vn 0.2806 0.8631 -0.4200
vn 0.0088 0.9999 -0.0132
vn 0.6515 0.3887 -0.6515
vn 0.3570 0.8632 -0.3570
vn 0.0112 0.9999 -0.0112
vn 0.7660 0.3890 -0.5118
vn 0.4201 0.8629 -0.2808
vn 0.0132 0.9999 -0.0088
vn 0.8512 0.3888 -0.3526
vn 0.4663 0.8633 -0.1932
vn 0.0148 0.9999 -0.0061
vn 0.9036 0.3889 -0.1797
vn 0.4952 0.8632 -0.0985
vn 0.0157 0.9999 -0.0031
vn 0.9213 0.3890 -0.0000
vn 0.5051 0.8631 -0.0000
vn 0.0159 0.9999 -0.0000
vn 0.9036 0.3889 0.1797
vn 0.4952 0.8632 0.0985
vn 0.0157 0.9999 0.0031
vn 0.8512 0.3888 0.3526
vn 0.4663 0.8633 0.1932
vn 0.0147 0.9999 0.0061
vn 0.7660 0.3889 0.5119
vn 0.4200 0.8631 0.2807
vn 0.0134 0.9999 0.0090
vn 0.6515 0.3887 0.6515
vn 0.3570 0.8632 0.3570
vn 0.0114 0.9999 0.0114
vn 0.5119 0.3887 0.7660
vn 0.2808 0.8630 0.4201
vn 0.0089 0.9999 0.0133
vn 0.3526 0.3888 0.8512
vn 0.1933 0.8631 0.4666
vn 0.0061 0.9999 0.0147
vn 0.1797 0.3887 0.9037
vn 0.0985 0.8631 0.4954
vn 0.0031 0.9999 0.0156
vn -0.0000 0.3890 0.9213
vn -0.0000 0.8631 0.5050
vn -0.0000 0.9999 0.0159
vn -0.1797 0.3889 0.9036
vn -0.0984 0.8633 0.4949
vn -0.0031 0.9999 0.0156
vn -0.3526 0.3889 0.8511
vn -0.1932 0.8633 0.4663
vn -0.0062 0.9999 0.0149
vn -0.5119 0.3889 0.7660
vn -0.2806 0.8631 0.4199
vn -0.0089 0.9999 0.0133
vn -0.6514 0.3889 0.6514
vn -0.3571 0.8631 0.3571
vn -0.0113 0.9999 0.0113
vn -0.7659 0.3892 0.5117
vn -0.4199 0.8631 0.2806
vn -0.0133 0.9999 0.0089
vn -0.8511 0.3891 0.3525
vn -0.4663 0.8633 0.1931
vn -0.0148 0.9999 0.0061
vn -0.9036 0.3889 0.1797
vn -0.4953 0.8631 0.0985
vn -0.0156 0.9999 0.0031
vn -0.9213 0.3889 -0.0000
vn -0.5051 0.8631 -0.0000
vn -0.0159 0.9999 -0.0000
vn -0.9035 0.3890 -0.1797
vn -0.4952 0.8632 -0.0985
vn -0.0156 0.9999 -0.0031
vn -0.8511 0.3891 -0.3525
vn -0.4663 0.8633 -0.1931
vn -0.0147 0.9999 -0.0061
vn -0.7661 0.3887 -0.5119
vn -0.4198 0.8632 -0.2806
vn -0.0133 0.9999 -0.0089
vn -0.6515 0.3888 -0.6515
vn -0.3571 0.8631 -0.3571
vn -0.0113 0.9999 -0.0113
vn -0.5118 0.3892 -0.7659
vn -0.2806 0.8631 -0.4199
vn -0.0089 0.9999 -0.0133
vn -0.3525 0.3890 -0.8511
vn -0.1932 0.8633 -0.4663
vn -0.0061 0.9999 -0.0147
vn -0.1797 0.3890 -0.9036
vn -0.0985 0.8631 -0.4953
vn -0.0031 0.9999 -0.0155
vn -0.0000 0.9082 0.4185
vn -0.0816 0.9082 0.4104
vn -0.0000 0.5628 0.8266
vn -0.1613 0.5629 0.8106
vn -0.1601 0.9083 0.3865
vn -0.3163 0.5627 0.7637
vn -0.2325 0.9082 0.3480
vn -0.4592 0.5628 0.6873
vn -0.2959 0.9082 0.2959
vn -0.5845 0.5628 0.5845
vn -0.3481 0.9081 0.2326
vn -0.6875 0.5624 0.4594
vn -0.3868 0.9081 0.1603
vn -0.7637 0.5628 0.3163
vn -0.4107 0.9081 0.0817
vn -0.8108 0.5627 0.1613
vn -0.4184 0.9083 -0.0000
vn -0.8266 0.5627 -0.0000
vn -0.4108 0.9080 -0.0818
vn -0.8108 0.5627 -0.1613
vn -0.3865 0.9083 -0.1601
vn -0.7639 0.5625 -0.3164
vn -0.3481 0.9081 -0.2326
vn -0.6873 0.5628 -0.4592
vn -0.2960 0.9082 -0.2960
vn -0.5844 0.5629 -0.5844
vn -0.2325 0.9082 -0.3480
vn -0.4594 0.5625 -0.6874
vn -0.1602 0.9082 -0.3866
vn -0.3163 0.5625 -0.7639
vn -0.0816 0.9083 -0.4104
vn -0.1613 0.5627 -0.8108
vn -0.0000 0.9083 -0.4184
vn -0.0000 0.5627 -0.8266
vn 0.0816 0.9082 -0.4104
vn 0.1613 0.5627 -0.8108
vn 0.1601 0.9082 -0.3866
vn 0.3164 0.5626 -0.7638
vn 0.2325 0.9082 -0.3480
vn 0.4593 0.5625 -0.6874
vn 0.2960 0.9082 -0.2960
vn 0.5846 0.5625 -0.5846
vn 0.3480 0.9082 -0.2325
vn 0.6872 0.5629 -0.4592
vn 0.3865 0.9083 -0.1601
vn 0.7637 0.5628 -0.3163
vn 0.4108 0.9080 -0.0818
vn 0.8107 0.5628 -0.1613
vn 0.4185 0.9082 -0.0000
vn 0.8268 0.5625 -0.0000
vn 0.4110 0.9080 0.0818
vn 0.8107 0.5628 0.1613
vn 0.3866 0.9082 0.1601
vn 0.7639 0.5624 0.3165
vn 0.3480 0.9082 0.2325
vn 0.6875 0.5625 0.4593
vn 0.2960 0.9082 0.2960
vn 0.5846 0.5625 0.5846
vn 0.2325 0.9082 0.3480
vn 0.4592 0.5629 0.6872
vn 0.1601 0.9082 0.3866
vn 0.3163 0.5629 0.7637
vn 0.0816 0.9082 0.4104
vn 0.1613 0.5628 0.8107
vt 0.000000 0.000000
vt 1.000000 0.000000
vt 1.000000 1.000000
vt 0.000000 1.000000
vt 0.030457 0.013401
vt 0.175577 0.227429
vt 0.148014 0.247033
vt 0.006619 0.030512
vt 0.150796 0.258858
vt 0.149174 0.259720
vt 0.147965 0.256937
vt 0.149414 0.256088
vt 0.667686 0.660997
vt 0.662193 0.661096
vt 0.661935 0.646780
vt 0.667429 0.646795
vt 0.176925 0.270484
vt 0.161699 0.263738
vt 0.186342 0.243275
vt 0.194541 0.259499
vt 0.004084 0.032110
vt 0.005229 0.031379
vt 0.146676 0.247985
vt 0.145681 0.248635
vt 0.153968 0.256792
vt 0.181714 0.236998
vt 0.039552 0.000166
vt 0.042811 0.004904
vt 0.027299 0.008593
vt 0.003512 0.025560
vt 0.205268 0.294808
vt 0.180308 0.309524
vt 0.170342 0.292499
vt 0.194925 0.277869
vt 0.155208 0.323822
vt 0.145536 0.306699
vt 0.129978 0.337975
vt 0.123164 0.325570
vt 0.104308 0.351885
vt 0.095219 0.334178
vt 0.230260 0.279541
vt 0.222035 0.266859
vt 0.152404 0.254121
vt 0.180103 0.234391
vt 0.155930 0.268142
vt 0.151298 0.270074
vt 0.160789 0.265111
vt 0.152627 0.257777
vt 0.176574 0.272132
vt 0.163310 0.280143
vt 0.150079 0.287663
vt 0.166843 0.286274
vt 0.153531 0.293872
vt 0.180078 0.278349
vt 0.200827 0.269894
vt 0.136214 0.308879
vt 0.119943 0.318933
vt 0.667942 0.675203
vt 0.662452 0.675415
vt 0.000166 0.025864
vt 0.001311 0.025146
vt 0.660859 0.618740
vt 0.666453 0.618887
vt 0.148927 0.251540
vt 0.147724 0.252325
vt 0.177864 0.230937
vt 0.150251 0.250588
vt 0.146243 0.253130
vt 0.147427 0.252405
vt 0.026372 0.007271
vt 0.660899 0.617174
vt 0.667942 0.617360
vt 0.193853 0.450560
vt 0.169035 0.466781
vt 0.299728 0.396366
vt 0.271523 0.408426
vt 0.144894 0.485172
vt 0.078763 0.366206
vt 0.244974 0.421756
vt 0.013605 0.913193
vt 0.011151 0.884043
vt 0.101122 0.886110
vt 0.101092 0.912502
vt 0.219143 0.435656
vt 0.057639 0.645903
vt 0.069788 0.617608
vt 0.153613 0.656082
vt 0.143024 0.680396
vt 0.046815 0.674779
vt 0.133635 0.705208
vt 0.572464 0.319739
vt 0.550368 0.320066
vt 0.552347 0.250805
vt 0.573196 0.250497
vt 0.029175 0.733630
vt 0.037291 0.704041
vt 0.125504 0.730430
vt 0.118553 0.755942
vt 0.022540 0.763579
vt 0.112667 0.781688
vt 0.582838 0.326896
vt 0.603720 0.328388
vt 0.602149 0.397979
vt 0.582449 0.396571
vt 0.011398 0.854148
vt 0.102279 0.859958
vt 0.017239 0.793719
vt 0.108112 0.807680
vt 0.013512 0.823941
vt 0.104621 0.833774
vt 0.351057 0.724178
vt 0.330216 0.722218
vt 0.333344 0.652679
vt 0.353009 0.654528
vt 0.516221 0.328388
vt 0.538230 0.326896
vt 0.540365 0.396571
vt 0.519597 0.397979
vt 0.417694 0.724178
vt 0.395654 0.725177
vt 0.395083 0.655471
vt 0.415875 0.654528
vt 0.114671 0.538379
vt 0.132732 0.515298
vt 0.205988 0.564298
vt 0.191408 0.586527
vt 0.403402 0.828294
vt 0.401787 0.849305
vt 0.332406 0.847670
vt 0.333931 0.827844
vt 0.098280 0.563544
vt 0.177841 0.609093
vt 0.403948 0.806117
vt 0.334446 0.806922
vt 0.083314 0.590084
vt 0.165273 0.632325
vt 0.615892 0.451024
vt 0.629984 0.453827
vt 0.626782 0.464215
vt 0.613334 0.461512
vt 0.590062 0.198628
vt 0.572125 0.199952
vt 0.571615 0.189057
vt 0.588906 0.187803
vt 0.599389 0.448942
vt 0.597585 0.459503
vt 0.606255 0.196338
vt 0.604513 0.185625
vt 0.581114 0.447660
vt 0.580140 0.458266
vt 0.374819 0.604348
vt 0.355489 0.603482
vt 0.356697 0.592900
vt 0.375154 0.593731
vt 0.320795 0.599339
vt 0.306766 0.596223
vt 0.310201 0.585909
vt 0.323584 0.588912
vt 0.561767 0.447227
vt 0.561669 0.457849
vt 0.431887 0.601829
vt 0.413767 0.603505
vt 0.412349 0.592910
vt 0.429658 0.591289
vt 0.337247 0.601791
vt 0.339284 0.591273
vt 0.542094 0.447660
vt 0.542883 0.458266
vt 0.448158 0.599391
vt 0.445207 0.588934
vt 0.522849 0.448942
vt 0.524502 0.459503
vt 0.126648 0.723624
vt 0.140666 0.726714
vt 0.138156 0.737284
vt 0.124625 0.734334
vt 0.393238 0.569212
vt 0.375712 0.569212
vt 0.376521 0.457368
vt 0.392681 0.457368
vt 0.504772 0.451024
vt 0.507233 0.461512
vt 0.110304 0.721329
vt 0.108855 0.732141
vt 0.394498 0.604356
vt 0.393946 0.593734
vt 0.488557 0.453827
vt 0.491742 0.464215
vt 0.092261 0.719915
vt 0.091450 0.730792
vt 0.481235 0.191665
vt 0.467745 0.187476
vt 0.470913 0.177077
vt 0.483939 0.181087
vt 0.073217 0.719437
vt 0.073079 0.730336
vt 0.497165 0.195156
vt 0.499313 0.184431
vt 0.053898 0.719915
vt 0.054445 0.730792
vt 0.514918 0.197815
vt 0.516442 0.186980
vt 0.035051 0.721329
vt 0.036270 0.732142
vt 0.533817 0.199538
vt 0.534675 0.188638
vt 0.017396 0.723624
vt 0.019248 0.734334
vt 0.553132 0.200260
vt 0.553304 0.189339
vt 0.001615 0.726714
vt 0.004034 0.737284
vt 0.601281 0.424505
vt 0.582097 0.423147
vt 0.394912 0.628884
vt 0.415149 0.627979
vt 0.315618 0.649994
vt 0.300510 0.646577
vt 0.302822 0.620288
vt 0.317541 0.623587
vt 0.561586 0.396095
vt 0.561786 0.422689
vt 0.435435 0.652678
vt 0.434180 0.626200
vt 0.334805 0.626179
vt 0.541129 0.423147
vt 0.453008 0.649994
vt 0.451276 0.623614
vt 0.353954 0.627966
vt 0.520918 0.424505
vt 0.329930 0.865633
vt 0.326598 0.881049
vt 0.300510 0.878648
vt 0.303754 0.863793
vt 0.373855 0.655471
vt 0.374249 0.628880
vt 0.500086 0.400267
vt 0.501931 0.426711
vt 0.306164 0.846479
vt 0.482577 0.403345
vt 0.484897 0.429679
vt 0.307649 0.827367
vt 0.467745 0.407095
vt 0.470472 0.433295
vt 0.308150 0.807196
vt 0.490860 0.245229
vt 0.473342 0.241442
vt 0.476701 0.215513
vt 0.493581 0.219188
vt 0.333931 0.785704
vt 0.307649 0.786737
vt 0.510372 0.248119
vt 0.512389 0.221990
vt 0.332406 0.765011
vt 0.306164 0.766779
vt 0.531136 0.250002
vt 0.532407 0.223811
vt 0.329930 0.745631
vt 0.303754 0.748087
vt 0.552861 0.224579
vt 0.326598 0.728314
vt 0.300510 0.731381
vt 0.572971 0.224268
vt 0.619933 0.400267
vt 0.635114 0.403345
vt 0.633388 0.429679
vt 0.618599 0.426711
vt 0.592877 0.249090
vt 0.591957 0.222887
vt 0.610637 0.246639
vt 0.609095 0.220491
vt 0.510891 0.485818
vt 0.526999 0.483930
vt 0.531394 0.595642
vt 0.516538 0.597383
vt 0.410402 0.568433
vt 0.408512 0.456650
vt 0.496436 0.488359
vt 0.503209 0.599727
vt 0.090324 0.755475
vt 0.106690 0.756734
vt 0.105623 0.868044
vt 0.090532 0.866884
vt 0.488532 0.156904
vt 0.476276 0.153158
vt 0.485817 0.043069
vt 0.497120 0.046524
vt 0.073052 0.755050
vt 0.074603 0.866492
vt 0.055535 0.755475
vt 0.058451 0.866884
vt 0.038451 0.756734
vt 0.042695 0.868044
vt 0.536243 0.163970
vt 0.519101 0.162416
vt 0.525310 0.051607
vt 0.541116 0.053041
vt 0.022453 0.758778
vt 0.027944 0.869929
vt 0.553755 0.164633
vt 0.557266 0.053652
vt 0.595149 0.483930
vt 0.609830 0.485818
vt 0.607776 0.597383
vt 0.594240 0.595642
vt 0.601876 0.161194
vt 0.587214 0.163218
vt 0.588121 0.052346
vt 0.601641 0.050480
vt 0.578886 0.482767
vt 0.579241 0.594570
vt 0.358502 0.568433
vt 0.360650 0.456650
vt 0.327635 0.564691
vt 0.315162 0.561870
vt 0.320684 0.450597
vt 0.332185 0.453198
vt 0.561661 0.482374
vt 0.563358 0.594208
vt 0.426549 0.566907
vt 0.423400 0.455242
vt 0.342269 0.566907
vt 0.345681 0.455242
vt 0.544142 0.482767
vt 0.547201 0.594570
vt 0.510453 0.049406
vt 0.499868 0.023011
vt 0.512731 0.025791
vt 0.074826 0.890326
vt 0.059248 0.890704
vt 0.527057 0.027913
vt 0.044054 0.891824
vt 0.542302 0.029296
vt 0.029825 0.893641
vt 0.557875 0.029885
vt 0.014758 0.872466
vt 0.017112 0.896088
vt 0.573136 0.053417
vt 0.573183 0.029659
vt 0.619335 0.599727
vt 0.617573 0.623420
vt 0.606429 0.621160
vt 0.587633 0.028626
vt 0.593371 0.619481
vt 0.600674 0.026827
vt 0.578907 0.618446
vt 0.392411 0.433479
vt 0.407677 0.432787
vt 0.322974 0.426950
vt 0.334067 0.429458
vt 0.563588 0.618098
vt 0.422039 0.431429
vt 0.347082 0.431429
vt 0.548006 0.618446
vt 0.436781 0.453198
vt 0.434940 0.429458
vt 0.361519 0.432787
vt 0.532760 0.619481
vt 0.119300 0.869929
vt 0.131035 0.872466
vt 0.129251 0.896088
vt 0.117933 0.893641
vt 0.518435 0.621160
vt 0.104743 0.891824
vt 0.376825 0.433479
vt 0.505578 0.623420
vt 0.090186 0.890704
vt 0.488971 0.019680
vt 0.377025 0.422985
vt 0.392217 0.422985
vt 0.377519 0.412965
vt 0.391684 0.412966
vt 0.798032 0.916009
vt 0.790167 0.904230
vt 0.797809 0.900073
vt 0.804716 0.910412
vt 0.806740 0.895274
vt 0.812537 0.903954
vt 0.407099 0.422310
vt 0.405556 0.412336
vt 0.808045 0.926023
vt 0.813504 0.919204
vt 0.819915 0.911336
vt 0.421096 0.420986
vt 0.418606 0.411102
vt 0.819818 0.933893
vt 0.823839 0.926113
vt 0.828593 0.917134
vt 0.433674 0.419065
vt 0.430331 0.409311
vt 0.832898 0.939314
vt 0.835324 0.930872
vt 0.838232 0.921129
vt 0.127921 0.906429
vt 0.116890 0.904044
vt 0.124120 0.916133
vt 0.113835 0.913910
vt 0.846785 0.942077
vt 0.847516 0.933298
vt 0.848467 0.923167
vt 0.104031 0.902272
vt 0.101848 0.912258
vt 0.860945 0.942078
vt 0.859945 0.933300
vt 0.858903 0.923167
vt 0.089844 0.901181
vt 0.088622 0.911241
vt 0.874831 0.939314
vt 0.872137 0.930874
vt 0.869138 0.921130
vt 0.074870 0.900812
vt 0.074663 0.910897
vt 0.887912 0.933897
vt 0.883620 0.926116
vt 0.878778 0.917138
vt 0.059686 0.901181
vt 0.060506 0.911241
vt 0.899687 0.926027
vt 0.893958 0.919209
vt 0.887455 0.911338
vt 0.044874 0.902272
vt 0.046699 0.912258
vt 0.909699 0.916014
vt 0.902748 0.910418
vt 0.894835 0.903958
vt 0.031006 0.904044
vt 0.033769 0.913910
vt 0.917568 0.904238
vt 0.909654 0.900080
vt 0.900633 0.895280
vt 0.018611 0.906429
vt 0.022215 0.916133
vt 0.922987 0.891154
vt 0.914412 0.888592
vt 0.904626 0.885636
vt 0.616248 0.633782
vt 0.605382 0.631579
vt 0.612413 0.643458
vt 0.602285 0.641404
vt 0.925750 0.877263
vt 0.916838 0.876397
vt 0.906663 0.875398
vt 0.592656 0.629942
vt 0.590419 0.639879
vt 0.925750 0.863099
vt 0.916839 0.863962
vt 0.906664 0.864961
vt 0.578555 0.628934
vt 0.577276 0.638939
vt 0.922990 0.849208
vt 0.914414 0.851769
vt 0.904628 0.854724
vt 0.563624 0.628593
vt 0.563355 0.638622
vt 0.917570 0.836122
vt 0.909656 0.840280
vt 0.900636 0.845078
vt 0.548436 0.628934
vt 0.549196 0.638939
vt 0.909706 0.824345
vt 0.902752 0.829941
vt 0.894838 0.836401
vt 0.533576 0.629942
vt 0.535342 0.639879
vt 0.899693 0.814331
vt 0.893963 0.821148
vt 0.887460 0.829019
vt 0.519609 0.631579
vt 0.522322 0.641405
vt 0.887920 0.806461
vt 0.883629 0.814241
vt 0.878784 0.823218
vt 0.507079 0.633782
vt 0.510640 0.643458
vt 0.874840 0.801040
vt 0.872144 0.809482
vt 0.869142 0.819224
vt 0.490907 0.009466
vt 0.501533 0.012713
vt 0.495327 -0.000000
vt 0.505232 0.003027
vt 0.860953 0.798276
vt 0.859952 0.807055
vt 0.858909 0.817188
vt 0.514068 0.015423
vt 0.516919 0.005554
vt 0.846793 0.798276
vt 0.847521 0.807055
vt 0.848473 0.817185
vt 0.528035 0.017492
vt 0.529938 0.007483
vt 0.832906 0.801037
vt 0.835331 0.809480
vt 0.838239 0.819221
vt 0.542894 0.018839
vt 0.543792 0.008738
vt 0.819823 0.806458
vt 0.823845 0.814237
vt 0.828597 0.823216
vt 0.558075 0.019414
vt 0.557944 0.009274
vt 0.808050 0.814325
vt 0.813510 0.821145
vt 0.819921 0.829014
vt 0.572995 0.019194
vt 0.571853 0.009069
vt 0.798039 0.824340
vt 0.804718 0.829937
vt 0.812541 0.836394
vt 0.587083 0.018187
vt 0.584986 0.008130
vt 0.790170 0.836116
vt 0.797814 0.840274
vt 0.806743 0.845075
vt 0.599792 0.016432
vt 0.596835 0.006495
vt 0.784751 0.849200
vt 0.793056 0.851762
vt 0.802749 0.854717
vt 0.324533 0.416620
vt 0.335345 0.419065
vt 0.610637 0.013998
vt 0.606946 0.004225
vt 0.781988 0.863091
vt 0.790630 0.863957
vt 0.800713 0.864953
vt 0.348033 0.420987
vt 0.338664 0.409311
vt 0.350492 0.411103
vt 0.781988 0.877255
vt 0.790628 0.876389
vt 0.800712 0.875394
vt 0.362105 0.422310
vt 0.363611 0.412337
vt 0.784749 0.891146
vt 0.793054 0.888585
vt 0.802748 0.885631
vt 0.817824 0.889338
vt 0.822249 0.895966
vt 0.827883 0.901603
vt 0.834508 0.906030
vt 0.841869 0.909079
vt 0.849683 0.910635
vt 0.857650 0.910635
vt 0.865463 0.909081
vt 0.872825 0.906032
vt 0.879450 0.901604
vt 0.885085 0.895968
vt 0.889512 0.889343
vt 0.892561 0.881980
vt 0.894116 0.874164
vt 0.894116 0.866195
vt 0.892561 0.858378
vt 0.889513 0.851014
vt 0.885086 0.844387
vt 0.879453 0.838752
vt 0.872830 0.834324
vt 0.865468 0.831273
vt 0.857655 0.829719
vt 0.849688 0.829717
vt 0.841872 0.831272
vt 0.834512 0.834323
vt 0.827886 0.838749
vt 0.822252 0.844383
vt 0.817827 0.851011
vt 0.814777 0.858371
vt 0.813222 0.866190
vt 0.813221 0.874160
vt 0.814774 0.881975
vt 0.853629 0.870176
vt 0.839996 0.877467
vt 0.838836 0.874667
vt 0.828907 0.883403
vt 0.826803 0.878321
vt 0.838245 0.871692
vt 0.825730 0.872926
vt 0.838245 0.868659
vt 0.825731 0.867424
vt 0.838836 0.865685
vt 0.826805 0.862029
vt 0.839996 0.862884
vt 0.828909 0.856947
vt 0.841681 0.860362
vt 0.831964 0.852373
vt 0.843826 0.858217
vt 0.835853 0.848483
vt 0.846346 0.856534
vt 0.840426 0.845427
vt 0.849147 0.855372
vt 0.845506 0.843323
vt 0.852120 0.854782
vt 0.850900 0.842250
vt 0.855152 0.854782
vt 0.856400 0.842251
vt 0.858125 0.855374
vt 0.861796 0.843324
vt 0.860925 0.856534
vt 0.866876 0.845429
vt 0.863446 0.858219
vt 0.871447 0.848486
vt 0.865591 0.860364
vt 0.875336 0.852376
vt 0.867275 0.862884
vt 0.878391 0.856950
vt 0.868435 0.865688
vt 0.880495 0.862032
vt 0.869025 0.868661
vt 0.881567 0.867427
vt 0.869025 0.871694
vt 0.881569 0.872927
vt 0.868433 0.874668
vt 0.880496 0.878324
vt 0.867273 0.877468
vt 0.878390 0.883408
vt 0.865588 0.879990
vt 0.875333 0.887980
vt 0.863446 0.882134
vt 0.871444 0.891869
vt 0.860925 0.883821
vt 0.866872 0.894925
vt 0.858124 0.884979
vt 0.861791 0.897030
vt 0.855150 0.885571
vt 0.856398 0.898103
vt 0.852117 0.885571
vt 0.850899 0.898104
vt 0.849145 0.884979
vt 0.845505 0.897030
vt 0.846345 0.883819
vt 0.840424 0.894923
vt 0.843823 0.882133
vt 0.835850 0.891867
vt 0.841680 0.879991
vt 0.831962 0.887977
vt 0.374384 0.621229
vt 0.394933 0.621237
vt 0.374598 0.611996
vt 0.394798 0.612006
vt 0.415052 0.620347
vt 0.414575 0.611137
vt 0.433973 0.618594
vt 0.433171 0.609422
vt 0.450966 0.616044
vt 0.449871 0.606928
vt 0.127939 0.715984
vt 0.142280 0.719155
vt 0.111218 0.713627
vt 0.092760 0.712176
vt 0.073273 0.711686
vt 0.053506 0.712176
vt 0.034216 0.713627
vt 0.016150 0.715984
vt -0.000000 0.719155
vt 0.633051 0.437240
vt 0.618336 0.434311
vt 0.631849 0.446329
vt 0.617377 0.443461
vt 0.601105 0.432133
vt 0.600436 0.441331
vt 0.582025 0.430793
vt 0.581676 0.440019
vt 0.561823 0.430340
vt 0.561816 0.439575
vt 0.541282 0.430793
vt 0.541623 0.440019
vt 0.521185 0.432133
vt 0.521870 0.441331
vt 0.502310 0.434311
vt 0.503316 0.443461
vt 0.485377 0.437240
vt 0.486678 0.446329
vt 0.471042 0.440810
vt 0.472588 0.449823
vt 0.474830 0.457242
vt 0.194093 0.647617
vt 0.206027 0.625730
vt 0.213801 0.630684
vt 0.202073 0.652108
vt 0.223272 0.636446
vt 0.211754 0.657332
vt 0.495760 0.202794
vt 0.479465 0.199214
vt 0.183198 0.669922
vt 0.191415 0.673900
vt 0.201327 0.678584
vt 0.513927 0.205518
vt 0.173347 0.692671
vt 0.181818 0.696105
vt 0.191949 0.700215
vt 0.533263 0.207283
vt 0.164581 0.715847
vt 0.173241 0.718711
vt 0.183606 0.722251
vt 0.553028 0.208020
vt 0.156903 0.739409
vt 0.165736 0.741726
vt 0.176293 0.744709
vt 0.572462 0.207701
vt 0.150321 0.763326
vt 0.159294 0.765143
vt 0.170020 0.767588
vt 0.590819 0.206338
vt 0.591544 0.215444
vt 0.608471 0.213054
vt 0.607392 0.203984
vt 0.303329 0.612736
vt 0.317977 0.615995
vt 0.304737 0.603677
vt 0.319138 0.606867
vt 0.335152 0.618556
vt 0.336029 0.609377
vt 0.354199 0.620324
vt 0.354755 0.611109
vt 0.375374 0.586083
vt 0.393609 0.586084
vt 0.375583 0.576854
vt 0.393359 0.576854
vt 0.411469 0.585277
vt 0.410770 0.576064
vt 0.428270 0.583693
vt 0.427146 0.574516
vt 0.443364 0.581392
vt 0.441861 0.572268
vt 0.136540 0.744878
vt 0.123331 0.742015
vt 0.135073 0.753989
vt 0.122166 0.751199
vt 0.107933 0.739889
vt 0.107124 0.749126
vt 0.090941 0.738578
vt 0.090524 0.747849
vt 0.073010 0.738136
vt 0.073006 0.747418
vt 0.054824 0.738578
vt 0.055240 0.747849
vt 0.037085 0.739889
vt 0.037911 0.749126
vt 0.020475 0.742015
vt 0.021685 0.751199
vt 0.005629 0.744878
vt 0.007186 0.753989
vt 0.624790 0.471713
vt 0.611746 0.469075
vt 0.623185 0.480801
vt 0.610474 0.478224
vt 0.596468 0.467115
vt 0.595584 0.476309
vt 0.579544 0.465907
vt 0.579088 0.475129
vt 0.561621 0.465500
vt 0.561618 0.474731
vt 0.543393 0.465907
vt 0.543850 0.475129
vt 0.525553 0.467115
vt 0.526461 0.476309
vt 0.508794 0.469075
vt 0.510123 0.478224
vt 0.493755 0.471713
vt 0.495463 0.480801
vt 0.472996 0.169600
vt 0.485718 0.173496
vt 0.475009 0.160612
vt 0.487438 0.164411
vt 0.500728 0.176746
vt 0.502105 0.167582
vt 0.251091 0.676664
vt 0.261569 0.657378
vt 0.269774 0.662001
vt 0.259509 0.680982
vt 0.517454 0.179227
vt 0.518445 0.170002
vt 0.241434 0.696495
vt 0.250064 0.700454
vt 0.535249 0.180842
vt 0.535831 0.171579
vt 0.553430 0.181528
vt 0.553591 0.172251
vt 0.571301 0.181262
vt 0.571048 0.171993
vt 0.217880 0.758292
vt 0.224801 0.737374
vt 0.233734 0.740563
vt 0.226910 0.761061
vt 0.588174 0.180051
vt 0.587528 0.170815
vt 0.211959 0.779445
vt 0.221069 0.781771
vt 0.603398 0.177943
vt 0.602399 0.168762
vt 0.312363 0.578457
vt 0.325343 0.581387
vt 0.314171 0.569407
vt 0.326821 0.572269
vt 0.340572 0.583688
vt 0.341664 0.574516
vt 0.357467 0.585274
vt 0.358130 0.576065
vt 0.412577 0.773340
vt 0.413109 0.797063
vt 0.411734 0.796995
vt 0.411207 0.773479
vt 0.648699 0.499235
vt 0.639700 0.477503
vt 0.641264 0.477032
vt 0.650140 0.498471
vt 0.411003 0.750126
vt 0.409646 0.750468
vt 0.661763 0.518792
vt 0.663028 0.517761
vt 0.019752 0.974177
vt 0.008114 0.945630
vt 0.010072 0.944849
vt 0.021697 0.973365
vt 0.408446 0.728314
vt 0.407112 0.728847
vt 0.678393 0.535423
vt 0.679431 0.534167
vt 0.037304 0.999834
vt 0.023526 0.972461
vt 0.039001 0.998676
vt 0.697945 0.548490
vt 0.698717 0.547056
vt 0.719671 0.557489
vt 0.720148 0.555936
vt 0.417439 0.842398
vt 0.414465 0.862207
vt 0.413109 0.861572
vt 0.416057 0.841934
vt 0.742735 0.562075
vt 0.742900 0.560461
vt 0.419270 0.820423
vt 0.417872 0.820151
vt 0.766250 0.562073
vt 0.766098 0.560457
vt 0.419889 0.797128
vt 0.418485 0.797060
vt 0.789313 0.557483
vt 0.788849 0.555930
vt 0.419270 0.773407
vt 0.417872 0.773545
vt 0.811040 0.548480
vt 0.810282 0.547047
vt 0.417439 0.750170
vt 0.416057 0.750513
vt 0.830593 0.535410
vt 0.829569 0.534156
vt 0.414465 0.728314
vt 0.413109 0.728848
vt 0.847222 0.518777
vt 0.845973 0.517748
vt 0.860289 0.499219
vt 0.858860 0.498453
vt 0.300554 0.398353
vt 0.272399 0.410309
vt 0.301236 0.400319
vt 0.273238 0.412131
vt 0.869287 0.477486
vt 0.867740 0.477015
vt 0.245908 0.423555
vt 0.145401 0.731501
vt 0.148402 0.711686
vt 0.149721 0.712353
vt 0.146747 0.731996
vt 0.873875 0.454415
vt 0.872266 0.454257
vt 0.220136 0.437422
vt 0.143333 0.753484
vt 0.144698 0.753785
vt 0.873876 0.430894
vt 0.872266 0.431055
vt 0.194936 0.452301
vt 0.142280 0.776787
vt 0.143653 0.776886
vt 0.869288 0.407823
vt 0.867741 0.408296
vt 0.170229 0.468469
vt 0.142280 0.800516
vt 0.143653 0.800406
vt 0.860290 0.386094
vt 0.858864 0.386861
vt 0.146266 0.486752
vt 0.143334 0.823757
vt 0.144698 0.823448
vt 0.847225 0.366535
vt 0.845977 0.367568
vt 0.123072 0.506638
vt 0.124640 0.508052
vt 0.145401 0.845623
vt 0.146747 0.845118
vt 0.830599 0.349906
vt 0.829575 0.351162
vt 0.104000 0.530697
vt 0.105727 0.531944
vt 0.148402 0.865265
vt 0.149721 0.864592
vt 0.811047 0.336838
vt 0.810286 0.338273
vt 0.086896 0.556623
vt 0.088677 0.557780
vt 0.854449 0.017231
vt 0.858175 0.000000
vt 0.859487 0.000776
vt 0.855795 0.017858
vt 0.789321 0.327839
vt 0.788856 0.329396
vt 0.851681 0.037313
vt 0.853051 0.037765
vt 0.766256 0.323251
vt 0.766104 0.324871
vt 0.849977 0.059475
vt 0.851361 0.059732
vt 0.742740 0.323252
vt 0.742908 0.324871
vt 0.849402 0.082863
vt 0.850791 0.082917
vt 0.719675 0.327843
vt 0.720155 0.329402
vt 0.849977 0.106579
vt 0.851361 0.106425
vt 0.697951 0.336846
vt 0.698723 0.338281
vt 0.851681 0.129712
vt 0.853051 0.129356
vt 0.678398 0.349916
vt 0.679434 0.351176
vt 0.854449 0.151373
vt 0.855795 0.150829
vt 0.661769 0.366551
vt 0.663031 0.367584
vt 0.858175 0.170731
vt 0.859487 0.170018
vt 0.648703 0.386110
vt 0.650143 0.386877
vt 0.638663 0.407529
vt 0.647745 0.385607
vt 0.639704 0.407843
vt 0.641266 0.408314
vt 0.411003 0.842405
vt 0.408446 0.862285
vt 0.407112 0.861645
vt 0.409646 0.841943
vt 0.635113 0.430911
vt 0.636740 0.431072
vt 0.412577 0.820384
vt 0.411207 0.820111
vt 0.635113 0.454435
vt 0.636738 0.454276
vt 0.642887 0.476536
vt 0.651636 0.497664
vt 0.395847 0.728314
vt 0.372977 0.728314
vt 0.373103 0.726873
vt 0.395707 0.726872
vt 0.011444 0.913547
vt 0.008936 0.884126
vt 0.664338 0.516680
vt 0.418249 0.727298
vt 0.417848 0.725868
vt 0.680505 0.532848
vt 0.439319 0.725306
vt 0.438677 0.723899
vt 0.029533 0.969487
vt 0.018377 0.942145
vt 0.020473 0.941467
vt 0.031524 0.968501
vt 0.699513 0.545552
vt 0.681333 0.531801
vt 0.700122 0.544357
vt 0.044433 0.994776
vt 0.046275 0.993615
vt 0.720637 0.554303
vt 0.721001 0.553004
vt 0.743060 0.558763
vt 0.743165 0.557414
vt 0.765923 0.558761
vt 0.406557 0.828740
vt 0.404914 0.850097
vt 0.403475 0.849515
vt 0.405099 0.828405
vt 0.788347 0.554299
vt 0.407112 0.806200
vt 0.405647 0.806125
vt 0.809471 0.545545
vt 0.406557 0.783342
vt 0.405099 0.783533
vt 0.828483 0.532837
vt 0.404914 0.761045
vt 0.403475 0.761496
vt 0.844649 0.516665
vt 0.827597 0.531789
vt 0.843579 0.515802
vt 0.857351 0.497648
vt 0.856134 0.497007
vt 0.866102 0.476519
vt 0.864785 0.476123
vt 0.870564 0.454090
vt 0.869193 0.453951
vt 0.870564 0.431219
vt 0.869194 0.431346
vt 0.582954 0.325201
vt 0.603932 0.326701
vt 0.866104 0.408789
vt 0.560831 0.323251
vt 0.583307 0.323763
vt 0.560738 0.324695
vt 0.857355 0.387662
vt 0.537967 0.323763
vt 0.538139 0.325201
vt 0.175182 0.475446
vt 0.199433 0.459505
vt 0.200563 0.461341
vt 0.176455 0.477234
vt 0.844654 0.368648
vt 0.515596 0.325280
vt 0.516026 0.326701
vt 0.828487 0.352480
vt 0.843583 0.369499
vt 0.827605 0.353517
vt 0.131103 0.513841
vt 0.151961 0.493298
vt 0.153401 0.494950
vt 0.809476 0.339774
vt 0.808813 0.340959
vt 0.112863 0.537086
vt 0.788354 0.331026
vt 0.787936 0.332311
vt 0.096333 0.562363
vt 0.765931 0.326565
vt 0.765770 0.327904
vt 0.081289 0.589015
vt 0.743066 0.326568
vt 0.505211 0.320357
vt 0.484186 0.317243
vt 0.484879 0.315828
vt 0.505658 0.318906
vt 0.067698 0.616644
vt 0.720642 0.331030
vt 0.527578 0.322386
vt 0.527767 0.320912
vt 0.055504 0.645045
vt 0.699519 0.339785
vt 0.550432 0.323251
vt 0.550356 0.321766
vt 0.044631 0.674015
vt 0.680509 0.352491
vt 0.572891 0.322919
vt 0.572556 0.321438
vt 0.664343 0.368663
vt 0.594094 0.321403
vt 0.593514 0.319940
vt 0.026945 0.733076
vt 0.035087 0.703381
vt 0.651638 0.387679
vt 0.665358 0.369513
vt 0.652800 0.388309
vt 0.020295 0.763133
vt 0.642890 0.408809
vt 0.644153 0.409195
vt 0.014978 0.793383
vt 0.638428 0.431238
vt 0.639744 0.431365
vt 0.011248 0.823722
vt 0.638427 0.454107
vt 0.350519 0.727298
vt 0.329334 0.725306
vt 0.329964 0.723899
vt 0.350904 0.725868
vt 0.009135 0.854058
s 1
usemtl glass_accurate
f 12/1/1 14/2/2 18/3/3 6/4/4
f 30/1/5 661/2/6 645/3/7 22/4/8
f 51/5/9 664/6/10 654/7/11 902/8/12
f 303/9/13 795/10/14 925/11/15 765/12/16
f 29/1/17 12/2/1 6/3/4 27/4/18
f 21/1/19 648/2/20 661/3/6 30/4/5
f 26/1/21 9/2/22 8/3/23 27/4/18
f 649/1/24 652/2/25 15/3/26 13/4/27
f 28/1/28 13/2/27 12/3/1 29/4/17
f 18/1/3 7/2/29 6/3/4
f 19/1/30 16/2/31 10/3/32 8/4/23
f 19/1/30 8/2/23 9/3/22
f 22/1/8 645/2/7 658/3/33 901/4/34
f 17/1/35 11/2/36 10/3/32 16/4/31
f 903/1/37 923/2/38 648/3/20 21/4/19
f 13/1/27 15/2/26 14/3/2 12/4/1
f 25/1/39 1/2/39 517/3/40 501/4/41
f 642/1/42 865/2/43 23/3/44 336/4/45
f 4/1/39 227/2/39 508/3/46 513/4/47
f 227/1/39 3/2/39 510/3/48 508/4/46
f 502/13/49 30/14/5 22/15/8 504/16/50
f 11/1/36 28/2/28 29/3/17 10/4/32
f 657/1/51 646/2/52 11/3/36 17/4/35
f 7/1/29 26/2/21 27/3/18 6/4/4
f 660/1/53 649/2/24 13/3/27 28/4/28
f 10/1/32 29/2/17 27/3/18 8/4/23
f 41/1/54 43/2/55 47/3/56 35/4/57
f 796/1/58 305/2/59 777/3/60 922/4/61
f 81/1/62 678/2/63 672/3/64 904/4/65
f 299/1/66 804/2/67 931/3/68 768/4/69
f 57/1/70 41/2/54 35/3/57 55/4/71
f 50/1/72 666/2/73 676/3/74 58/4/75
f 54/1/76 38/2/77 37/3/78 55/4/71
f 667/1/79 670/2/80 44/3/81 42/4/82
f 56/1/83 42/2/82 41/3/54 57/4/70
f 47/1/56 36/2/84 35/3/57
f 48/17/85 45/18/86 39/19/87 37/20/78
f 48/1/85 37/2/78 38/3/77
f 228/21/88 20/22/89 917/23/90 766/24/91
f 46/25/92 40/26/93 39/19/87 45/18/86
f 905/1/94 929/2/95 666/3/73 50/4/72
f 42/1/82 44/2/81 43/3/55 41/4/54
f 53/1/39 31/2/96 538/3/97 522/4/98
f 60/1/99 83/2/100 540/3/101 544/4/102
f 34/1/103 229/2/104 529/3/105 534/4/106
f 3/1/39 32/2/39 526/3/107 510/4/48
f 523/27/108 58/28/75 51/5/9 525/29/109
f 40/1/93 56/2/83 57/3/70 39/4/87
f 58/1/75 676/2/74 664/3/10 51/4/9
f 36/1/84 54/2/76 55/3/71 35/4/57
f 675/1/110 667/2/79 42/3/82 56/4/83
f 39/1/87 57/2/70 55/3/71 37/4/78
f 69/1/111 71/2/112 77/3/113 63/4/114
f 673/1/115 679/2/116 68/3/117 74/4/118
f 694/1/119 705/2/120 114/3/121 98/4/122
f 297/1/123 813/2/124 934/3/125 774/4/126
f 87/1/127 69/2/111 63/3/114 85/4/128
f 80/1/129 681/2/130 691/3/131 88/4/132
f 84/1/133 66/2/134 65/3/135 85/4/128
f 682/1/136 685/2/137 72/3/138 70/4/139
f 86/1/140 70/2/139 69/3/111 87/4/127
f 77/1/113 64/2/141 63/3/114
f 78/1/142 73/2/143 67/3/144 65/4/135
f 78/1/142 65/2/135 66/3/134
f 679/1/116 690/2/145 86/3/140 68/4/117
f 74/1/118 68/2/117 67/3/144 73/4/143
f 907/1/146 932/2/147 681/3/130 80/4/129
f 70/1/139 72/2/138 71/3/112 69/4/111
f 83/1/100 59/2/148 556/3/149 540/4/101
f 90/1/150 111/2/151 558/3/152 562/4/153
f 62/1/154 319/2/155 547/3/156 552/4/157
f 33/1/158 60/2/99 544/3/102 531/4/159
f 541/1/160 88/2/132 81/3/62 543/4/161
f 68/1/117 86/2/140 87/3/127 67/4/144
f 88/1/132 691/2/131 678/3/63 81/4/62
f 64/1/141 84/2/133 85/3/128 63/4/114
f 690/1/145 682/2/136 70/3/139 86/4/140
f 67/1/144 87/2/127 85/3/128 65/4/135
f 99/1/162 101/2/163 105/3/164 93/4/165
f 687/1/166 694/2/119 98/3/122 104/4/167
f 709/1/168 720/2/169 142/3/170 126/4/171
f 295/1/172 822/2/173 940/3/174 771/4/175
f 115/1/176 99/2/162 93/3/165 113/4/177
f 108/1/178 696/2/179 706/3/180 116/4/181
f 112/1/182 96/2/183 95/3/184 113/4/177
f 697/1/185 700/2/186 102/3/187 100/4/188
f 114/1/121 100/2/188 99/3/162 115/4/176
f 105/1/164 94/2/189 93/3/165
f 106/1/190 103/2/191 97/3/192 95/4/184
f 106/1/190 95/2/184 96/3/183
f 823/1/193 297/2/123 774/3/126 943/4/194
f 104/1/167 98/2/122 97/3/192 103/4/191
f 909/1/195 938/2/196 696/3/179 108/4/178
f 100/1/188 102/2/187 101/3/163 99/4/162
f 111/1/151 89/2/39 574/3/197 558/4/152
f 118/1/39 139/2/39 576/3/198 580/4/199
f 92/1/39 322/2/39 565/3/200 570/4/201
f 61/1/202 90/2/150 562/3/153 549/4/203
f 559/1/204 116/2/181 109/3/205 561/4/206
f 98/1/122 114/2/121 115/3/176 97/4/192
f 116/1/181 706/2/180 693/3/207 109/4/205
f 94/1/189 112/2/182 113/3/177 93/4/165
f 705/1/120 697/2/185 100/3/188 114/4/121
f 97/1/192 115/2/176 113/3/177 95/4/184
f 127/1/208 129/2/209 133/3/210 121/4/211
f 324/1/212 107/2/213 936/3/214 772/4/215
f 724/1/216 735/2/217 170/3/218 154/4/219
f 311/1/220 831/2/221 946/3/222 786/4/223
f 143/1/224 127/2/208 121/3/211 141/4/225
f 136/1/226 711/2/227 721/3/228 144/4/229
f 140/1/230 124/2/231 123/3/232 141/4/225
f 712/1/233 715/2/234 130/3/235 128/4/236
f 142/1/170 128/2/236 127/3/208 143/4/224
f 133/1/210 122/2/237 121/3/211
f 134/1/238 131/2/239 125/3/240 123/4/232
f 134/1/238 123/2/232 124/3/231
f 832/1/241 295/2/172 771/3/175 937/4/242
f 132/1/243 126/2/171 125/3/240 131/4/239
f 911/1/244 944/2/245 711/3/227 136/4/226
f 128/1/236 130/2/235 129/3/209 127/4/208
f 139/1/39 117/2/39 592/3/246 576/4/198
f 146/1/39 167/2/247 594/3/248 598/4/249
f 120/1/39 325/2/39 583/3/250 588/4/251
f 91/1/39 118/2/39 580/3/199 567/4/252
f 577/1/253 144/2/229 137/3/254 579/4/255
f 126/1/171 142/2/170 143/3/224 125/4/240
f 144/1/229 721/2/228 708/3/256 137/4/254
f 122/1/237 140/2/230 141/3/225 121/4/211
f 720/1/169 712/2/233 128/3/236 142/4/170
f 125/1/240 143/2/224 141/3/225 123/4/232
f 155/1/257 157/2/258 161/3/259 149/4/260
f 717/1/261 724/2/216 154/3/219 160/4/262
f 739/1/263 750/2/264 198/3/265 182/4/266
f 309/1/267 840/2/268 955/3/269 783/4/270
f 171/1/271 155/2/257 149/3/260 169/4/272
f 164/1/273 726/2/274 736/3/275 172/4/276
f 168/1/277 152/2/278 151/3/279 169/4/272
f 727/1/280 730/2/281 158/3/282 156/4/283
f 170/1/218 156/2/283 155/3/257 171/4/271
f 161/1/259 150/2/284 149/3/260
f 162/1/285 159/2/286 153/3/287 151/4/279
f 162/1/285 151/2/279 152/3/278
f 841/1/288 311/2/220 786/3/223 949/4/289
f 160/1/262 154/2/219 153/3/287 159/4/286
f 913/1/290 953/2/291 726/3/274 164/4/273
f 156/1/283 158/2/282 157/3/258 155/4/257
f 167/1/247 145/2/292 610/3/293 594/4/248
f 174/1/294 195/2/295 612/3/296 616/4/297
f 148/1/298 328/2/299 601/3/300 606/4/301
f 119/1/39 146/2/39 598/3/249 585/4/302
f 595/1/303 172/2/276 165/3/304 597/4/305
f 154/1/219 170/2/218 171/3/271 153/4/287
f 172/1/276 736/2/275 723/3/306 165/4/304
f 150/1/284 168/2/277 169/3/272 149/4/260
f 735/1/217 727/2/280 156/3/283 170/4/218
f 153/1/287 171/2/271 169/3/272 151/4/279
f 183/1/307 185/2/308 189/3/309 177/4/310
f 330/1/311 163/2/312 951/3/313 784/4/314
f 754/1/315 762/2/316 224/3/317 209/4/318
f 307/1/319 849/2/320 958/3/321 780/4/322
f 199/1/323 183/2/307 177/3/310 197/4/324
f 192/1/325 741/2/326 751/3/327 200/4/328
f 196/1/329 180/2/330 179/3/331 197/4/324
f 742/1/332 745/2/333 186/3/334 184/4/335
f 198/1/265 184/2/335 183/3/307 199/4/323
f 189/1/309 178/2/336 177/3/310
f 190/1/337 187/2/338 181/3/339 179/4/331
f 190/1/337 179/2/331 180/3/330
f 850/1/340 309/2/267 783/3/270 952/4/341
f 188/1/342 182/2/266 181/3/339 187/4/338
f 915/1/343 956/2/344 741/3/326 192/4/325
f 184/1/335 186/2/334 185/3/308 183/4/307
f 195/1/295 173/2/345 628/3/346 612/4/296
f 202/1/347 221/2/39 633/3/348 630/4/349
f 176/1/350 331/2/351 619/3/352 624/4/353
f 147/1/354 174/2/294 616/3/297 603/4/355
f 613/1/356 200/2/328 193/3/357 615/4/358
f 182/1/266 198/2/265 199/3/323 181/4/339
f 200/1/328 751/2/327 738/3/359 193/4/357
f 178/1/336 196/2/329 197/3/324 177/4/310
f 750/1/264 742/2/332 184/3/335 198/4/265
f 181/1/339 199/2/323 197/3/324 179/4/331
f 210/1/360 212/2/361 216/3/362 204/4/363
f 747/1/364 754/2/315 209/3/318 215/4/365
f 663/1/366 675/2/110 56/3/83 40/4/93
f 305/1/59 858/2/367 961/3/368 777/4/60
f 225/1/369 210/2/360 204/3/363 223/4/370
f 218/1/371 756/2/372 763/3/373 226/4/374
f 222/1/375 207/2/376 206/3/377 223/4/370
f 757/1/378 760/2/379 213/3/380 211/4/381
f 224/1/317 211/2/381 210/3/360 225/4/369
f 216/1/362 205/2/382 204/3/363
f 217/1/383 214/2/384 208/3/385 206/4/377
f 217/1/383 206/2/377 207/3/376
f 859/1/386 307/2/319 780/3/322 964/4/387
f 215/1/365 209/2/318 208/3/385 214/4/384
f 916/1/388 959/2/389 756/3/372 218/4/371
f 211/1/381 213/2/380 212/3/361 210/4/360
f 221/1/39 201/2/39 640/3/390 633/4/348
f 896/1/391 642/2/42 336/3/45 220/4/392
f 334/1/39 5/2/39 520/3/393 643/4/394
f 175/1/395 202/2/347 630/3/349 621/4/396
f 201/1/39 203/2/39 636/3/397 640/4/390
f 209/1/318 224/2/317 225/3/369 208/4/385
f 226/1/374 763/2/373 753/3/398 219/4/399
f 205/1/382 222/2/375 223/3/370 204/4/363
f 762/1/316 757/2/378 211/3/381 224/4/317
f 208/1/385 225/2/369 223/3/370 206/4/377
f 525/29/109 51/5/9 902/8/12 511/30/400
f 805/1/401 303/2/13 765/3/16 919/4/402
f 543/1/161 81/2/62 904/3/65 532/4/403
f 814/1/404 299/2/66 768/3/69 928/4/405
f 262/1/406 1667/2/407 1542/3/408 231/4/409
f 239/1/410 240/2/411 272/3/412 271/4/413
f 248/1/414 249/2/415 281/3/416 280/4/417
f 257/1/418 258/2/419 290/3/420 289/4/421
f 235/1/422 236/2/423 268/3/424 267/4/425
f 244/31/426 245/32/427 277/33/428 276/34/429
f 253/1/430 254/2/431 286/3/432 285/4/433
f 231/1/409 232/2/434 264/3/435 263/4/436
f 262/1/406 231/2/409 263/3/436 294/4/437
f 240/1/411 241/2/438 273/3/439 272/4/412
f 249/1/415 250/2/440 282/3/441 281/4/416
f 258/1/419 259/2/442 291/3/443 290/4/420
f 236/1/423 237/2/444 269/3/445 268/4/424
f 245/32/427 246/35/446 278/36/447 277/33/428
f 254/1/431 255/2/448 287/3/449 286/4/432
f 232/1/434 233/2/450 265/3/451 264/4/435
f 241/1/438 242/2/452 274/3/453 273/4/439
f 250/1/440 251/2/454 283/3/455 282/4/441
f 259/1/442 260/2/456 292/3/457 291/4/443
f 237/1/444 238/2/458 270/3/459 269/4/445
f 246/35/446 247/37/460 279/38/461 278/36/447
f 255/1/448 256/2/462 288/3/463 287/4/449
f 233/1/450 234/2/464 266/3/465 265/4/451
f 242/1/452 243/2/466 275/3/467 274/4/453
f 251/1/454 252/2/468 284/3/469 283/4/455
f 260/1/456 261/2/470 293/3/471 292/4/457
f 238/1/458 239/2/410 271/3/413 270/4/459
f 247/37/460 248/39/414 280/40/417 279/38/461
f 256/1/462 257/2/418 289/3/421 288/4/463
f 234/1/464 235/2/422 267/3/425 266/4/465
f 243/41/466 244/31/426 276/34/429 275/42/467
f 252/1/468 253/2/430 285/3/433 284/4/469
f 261/1/470 262/2/406 294/3/437 293/4/471
f 52/1/472 230/2/473 769/3/474 669/4/475
f 193/1/357 738/2/359 733/3/476 912/4/477
f 166/1/478 330/2/311 784/3/314 729/4/479
f 655/43/480 663/44/366 40/26/93 46/25/92
f 24/1/481 228/2/88 766/3/91 651/4/482
f 137/1/254 708/2/256 703/3/483 908/4/484
f 110/1/485 324/2/212 772/3/215 699/4/486
f 327/1/487 135/2/488 948/3/489 787/4/490
f 138/1/491 327/2/487 787/3/490 714/4/492
f 336/1/45 23/2/44 921/3/493 778/4/494
f 220/1/392 336/2/45 778/3/494 759/4/495
f 321/1/496 79/2/497 942/3/498 775/4/499
f 82/1/500 321/2/496 775/3/499 684/4/501
f 333/1/502 191/2/503 963/3/504 781/4/505
f 194/1/506 333/2/502 781/3/505 744/4/507
f 230/1/473 49/2/508 926/3/509 769/4/474
f 302/45/510 794/46/511 795/10/14 303/9/13
f 800/47/512 302/45/510 303/9/13 805/48/401
f 801/49/513 304/50/514 302/45/510 800/47/512
f 304/50/514 790/51/515 794/46/511 302/45/510
f 313/52/516 314/53/517 790/51/515 304/50/514
f 315/54/518 313/52/516 304/50/514 801/49/513
f 276/34/429 277/33/428 313/52/516 315/54/518
f 277/33/428 278/36/447 314/53/517 313/52/516
f 801/49/513 802/55/519 276/34/429 315/54/518
f 802/1/519 806/2/520 275/3/467 276/4/429
f 809/1/521 301/2/522 299/3/66 814/4/404
f 301/1/522 803/2/523 804/3/67 299/4/66
f 300/1/524 799/2/525 803/3/523 301/4/522
f 810/1/526 300/2/524 301/3/522 809/4/521
f 318/1/527 316/2/528 300/3/524 810/4/526
f 316/1/528 317/2/529 799/3/525 300/4/524
f 273/1/439 274/2/453 317/3/529 316/4/528
f 272/1/412 273/2/439 316/3/528 318/4/527
f 810/1/526 811/2/530 272/3/412 318/4/527
f 799/1/525 317/2/529 274/3/453 798/4/531
f 806/1/520 798/2/531 274/3/453 275/4/467
f 561/1/206 109/2/205 906/3/532 550/4/533
f 109/1/205 693/2/207 688/3/534 906/4/532
f 579/1/255 137/2/254 908/3/484 568/4/535
f 702/1/536 709/2/168 126/3/171 132/4/243
f 597/1/305 165/2/304 910/3/537 586/4/538
f 165/1/304 723/2/306 718/3/539 910/4/537
f 615/1/358 193/2/357 912/3/477 604/4/540
f 732/1/541 739/2/263 182/3/266 188/4/342
f 631/1/542 219/2/399 914/3/543 622/4/544
f 219/1/399 753/2/398 748/3/545 914/4/543
f 203/1/39 334/2/39 643/3/394 636/4/397
f 298/1/546 812/2/547 813/3/124 297/4/123
f 818/1/548 298/2/546 297/3/123 823/4/193
f 819/1/549 320/2/550 298/3/546 818/4/548
f 320/1/550 808/2/551 812/3/547 298/4/546
f 76/1/552 75/2/553 808/3/551 320/4/550
f 337/1/554 76/2/552 320/3/550 819/4/549
f 271/1/413 272/2/412 811/3/530 815/4/555
f 271/1/413 815/2/555 807/3/556 270/4/459
f 268/1/424 269/2/445 76/3/552 337/4/554
f 269/1/445 270/2/459 75/3/553 76/4/552
f 808/1/551 75/2/553 270/3/459 807/4/556
f 268/1/424 337/2/554 819/3/549 820/4/557
f 820/1/557 824/2/558 267/3/425 268/4/424
f 296/1/559 821/2/560 822/3/173 295/4/172
f 827/1/561 296/2/559 295/3/172 832/4/241
f 828/1/562 323/2/563 296/3/559 827/4/561
f 323/1/563 817/2/564 821/3/560 296/4/559
f 338/1/565 339/2/566 817/3/564 323/4/563
f 340/1/567 338/2/565 323/3/563 828/4/562
f 264/1/435 265/2/451 338/3/565 340/4/567
f 265/1/451 266/2/465 339/3/566 338/4/565
f 817/1/564 339/2/566 266/3/465 816/4/568
f 824/1/558 816/2/568 266/3/465 267/4/425
f 312/1/569 830/2/570 831/3/221 311/4/220
f 836/1/571 312/2/569 311/3/220 841/4/288
f 837/1/572 326/2/573 312/3/569 836/4/571
f 326/1/573 826/2/574 830/3/570 312/4/569
f 341/1/575 343/2/576 826/3/574 326/4/573
f 342/1/577 341/2/575 326/3/573 837/4/572
f 292/1/457 293/2/471 341/3/575 342/4/577
f 293/1/471 294/2/437 343/3/576 341/4/575
f 826/1/574 343/2/576 294/3/437 825/4/578
f 264/1/435 340/2/567 828/3/562 829/4/579
f 264/1/435 829/2/579 833/3/580 263/4/436
f 833/1/580 825/2/578 294/3/437 263/4/436
f 310/1/581 839/2/582 840/3/268 309/4/267
f 845/1/583 310/2/581 309/3/267 850/4/340
f 846/1/584 329/2/585 310/3/581 845/4/583
f 329/1/585 835/2/586 839/3/582 310/4/581
f 344/1/587 345/2/588 835/3/586 329/4/585
f 346/1/589 344/2/587 329/3/585 846/4/584
f 288/1/463 289/2/421 344/3/587 346/4/589
f 289/1/421 290/2/420 345/3/588 344/4/587
f 835/1/586 345/2/588 290/3/420 834/4/590
f 291/1/443 842/2/591 834/3/590 290/4/420
f 837/1/572 838/2/592 292/3/457 342/4/577
f 291/1/443 292/2/457 838/3/592 842/4/591
f 308/1/593 848/2/594 849/3/320 307/4/319
f 854/1/595 308/2/593 307/3/319 859/4/386
f 855/1/596 332/2/597 308/3/593 854/4/595
f 332/1/597 844/2/598 848/3/594 308/4/593
f 347/1/599 348/2/600 844/3/598 332/4/597
f 349/1/601 347/2/599 332/3/597 855/4/596
f 284/1/469 285/2/433 347/3/599 349/4/601
f 285/1/433 286/2/432 348/3/600 347/4/599
f 286/1/432 843/2/602 844/3/598 348/4/600
f 286/1/432 287/2/449 851/3/603 843/4/602
f 288/1/463 346/2/589 846/3/584 847/4/604
f 851/1/603 287/2/449 288/3/463 847/4/604
f 306/1/605 857/2/606 858/3/367 305/4/59
f 791/1/607 306/2/605 305/3/59 796/4/58
f 792/1/608 335/2/609 306/3/605 791/4/607
f 335/1/609 853/2/610 857/3/606 306/4/605
f 350/1/611 351/2/612 853/3/610 335/4/609
f 352/1/613 350/2/611 335/3/609 792/4/608
f 280/1/417 281/2/416 350/3/611 352/4/613
f 281/1/416 282/2/441 351/3/612 350/4/611
f 853/1/610 351/2/612 282/3/441 852/4/614
f 860/1/615 852/2/614 282/3/441 283/4/455
f 284/1/469 349/2/601 855/3/596 856/4/616
f 856/1/616 860/2/615 283/3/455 284/4/469
f 790/51/515 314/53/517 278/36/447 789/56/617
f 792/1/608 793/2/618 280/3/417 352/4/613
f 793/1/618 797/2/619 279/3/461 280/4/417
f 797/57/619 789/56/617 278/36/447 279/38/461
f 516/58/620 21/59/19 30/14/5 502/13/49
f 507/60/621 898/61/622 20/22/89 228/21/88
f 514/1/623 903/2/37 21/3/19 516/4/620
f 504/16/50 22/15/8 901/62/34 519/63/624
f 5/1/39 2/2/39 505/3/625 520/4/393
f 537/1/626 50/2/72 58/3/75 523/4/108
f 528/1/627 899/2/628 49/3/508 230/4/473
f 535/1/629 905/2/94 50/3/72 537/4/626
f 229/1/104 33/2/158 531/3/159 529/4/105
f 555/1/630 80/2/129 88/3/132 541/4/160
f 546/1/631 900/2/632 79/3/497 321/4/496
f 553/1/633 907/2/146 80/3/129 555/4/630
f 319/1/155 61/2/202 549/3/203 547/4/156
f 573/1/634 108/2/178 116/3/181 559/4/204
f 564/1/635 882/2/636 107/3/213 324/4/212
f 571/1/637 909/2/195 108/3/178 573/4/634
f 322/1/39 91/2/39 567/3/252 565/4/200
f 591/1/638 136/2/226 144/3/229 577/4/253
f 582/1/639 887/2/640 135/3/488 327/4/487
f 589/1/641 911/2/244 136/3/226 591/4/638
f 89/1/39 92/2/39 570/3/201 574/4/197
f 325/1/39 119/2/39 585/3/302 583/4/250
f 609/1/642 164/2/273 172/3/276 595/4/303
f 600/1/643 894/2/644 163/3/312 330/4/311
f 607/1/645 913/2/290 164/3/273 609/4/642
f 117/1/39 120/2/39 588/3/251 592/4/246
f 328/1/299 147/2/354 603/3/355 601/4/300
f 627/1/646 192/2/325 200/3/328 613/4/356
f 618/1/647 893/2/648 191/3/503 333/4/502
f 625/1/649 915/2/343 192/3/325 627/4/646
f 173/1/345 176/2/350 624/3/353 628/4/346
f 145/1/292 148/2/298 606/3/301 610/4/293
f 331/1/351 175/2/395 621/3/396 619/4/352
f 634/1/650 226/2/374 219/3/399 631/4/542
f 637/1/651 916/2/388 218/3/371 639/4/652
f 32/1/39 53/2/39 522/3/98 526/4/107
f 639/1/652 218/2/371 226/3/374 634/4/650
f 1/1/39 4/2/39 513/3/47 517/4/40
f 31/1/96 34/2/103 534/3/106 538/4/97
f 59/1/148 62/2/154 552/3/157 556/4/149
f 863/1/653 507/2/621 228/3/88 24/4/481
f 868/1/654 528/2/627 230/3/473 52/4/472
f 872/1/655 546/2/631 321/3/496 82/4/500
f 876/1/656 564/2/635 324/3/212 110/4/485
f 880/1/657 582/2/639 327/3/487 138/4/491
f 885/1/658 600/2/643 330/3/311 166/4/478
f 890/1/659 618/2/647 333/3/502 194/4/506
f 322/1/39 353/2/39 118/3/39 91/4/39
f 353/1/39 363/2/39 139/3/39 118/4/39
f 363/1/39 372/2/39 117/3/39 139/4/39
f 372/1/39 325/2/39 120/3/39 117/4/39
f 92/1/39 354/2/39 353/3/39 322/4/39
f 354/1/39 364/2/39 363/3/39 353/4/39
f 364/1/39 373/2/39 372/3/39 363/4/39
f 373/1/39 119/2/39 325/3/39 372/4/39
f 89/1/39 355/2/39 354/3/39 92/4/39
f 355/1/39 365/2/39 364/3/39 354/4/39
f 365/1/39 374/2/39 373/3/39 364/4/39
f 374/1/39 146/2/39 119/3/39 373/4/39
f 111/1/151 356/2/660 355/3/39 89/4/39
f 356/1/660 366/2/661 365/3/39 355/4/39
f 366/1/661 375/2/662 374/3/39 365/4/39
f 375/1/662 167/2/247 146/3/39 374/4/39
f 356/1/660 111/2/151 469/3/663 476/4/664
f 482/1/665 479/2/666 480/3/667 481/4/668
f 483/1/669 478/2/670 479/3/666 482/4/665
f 484/1/671 477/2/672 478/3/670 483/4/669
f 147/1/354 328/2/299 477/3/672 484/4/671
f 490/1/673 487/2/674 488/3/675 489/4/676
f 491/1/677 486/2/678 487/3/674 490/4/673
f 492/1/679 485/2/680 486/3/678 491/4/677
f 83/1/100 60/2/99 485/3/680 492/4/679
f 498/1/681 495/2/682 496/3/683 497/4/684
f 499/1/685 494/2/686 495/3/682 498/4/681
f 500/1/687 493/2/688 494/3/686 499/4/685
f 358/1/689 367/2/690 493/3/688 500/4/687
f 404/1/691 381/2/692 357/3/39
f 381/1/692 497/2/684 357/3/39
f 440/1/693 405/2/694 357/3/39
f 396/1/695 389/2/696 357/3/39
f 388/1/697 417/2/698 357/3/39
f 480/1/667 453/2/699 357/3/39
f 416/1/700 481/2/668 357/3/39
f 428/1/701 397/2/702 357/3/39
f 424/1/703 409/2/704 357/3/39
f 389/1/696 388/2/697 357/3/39
f 464/1/705 445/2/706 357/3/39
f 397/1/702 396/2/695 357/3/39
f 405/1/694 404/2/691 357/3/39
f 409/1/704 433/2/707 357/3/39
f 417/1/698 416/2/700 357/3/39
f 472/1/708 429/2/709 357/3/39
f 452/1/710 424/2/703 357/3/39
f 460/1/711 428/2/701 357/3/39
f 429/1/709 465/2/712 357/3/39
f 444/1/713 489/2/676 357/3/39
f 433/1/707 473/2/714 357/3/39
f 488/1/675 440/2/693 357/3/39
f 445/1/706 444/2/713 357/3/39
f 453/1/699 452/2/710 357/3/39
f 496/1/683 460/2/711 357/3/39
f 465/1/712 464/2/705 357/3/39
f 473/1/714 472/2/708 357/3/39
f 481/1/668 480/2/667 357/3/39
f 489/1/676 488/2/675 357/3/39
f 497/1/684 496/2/683 357/3/39
f 53/1/39 359/2/39 358/3/689 31/4/96
f 359/1/39 368/2/39 367/3/690 358/4/689
f 368/1/39 377/2/39 376/3/715 367/4/690
f 377/1/39 221/2/39 202/3/347 376/4/715
f 32/1/39 360/2/39 359/3/39 53/4/39
f 360/1/39 369/2/39 368/3/39 359/4/39
f 369/1/39 378/2/39 377/3/39 368/4/39
f 378/1/39 201/2/39 221/3/39 377/4/39
f 3/1/39 361/2/39 360/3/39 32/4/39
f 361/1/39 370/2/39 369/3/39 360/4/39
f 370/1/39 379/2/39 378/3/39 369/4/39
f 379/1/39 203/2/39 201/3/39 378/4/39
f 227/1/39 362/2/39 361/3/39 3/4/39
f 362/1/39 371/2/39 370/3/39 361/4/39
f 371/1/39 380/2/39 379/3/39 370/4/39
f 380/1/39 334/2/39 203/3/39 379/4/39
f 4/1/39 1/2/39 362/3/39 227/4/39
f 1/1/39 25/2/39 371/3/39 362/4/39
f 25/1/39 2/2/39 380/3/39 371/4/39
f 2/1/39 5/2/39 334/3/39 380/4/39
f 476/1/664 469/2/663 470/3/716 475/4/717
f 475/1/717 470/2/716 471/3/718 474/4/719
f 474/1/719 471/2/718 472/3/708 473/4/714
f 61/1/202 319/2/155 461/3/720 468/4/721
f 468/1/721 461/2/720 462/3/722 467/4/723
f 467/1/723 462/2/722 463/3/724 466/4/725
f 466/1/725 463/2/724 464/3/705 465/4/712
f 367/1/690 376/2/715 457/3/726 493/4/688
f 493/1/688 457/2/726 458/3/727 494/4/686
f 494/1/686 458/2/727 459/3/728 495/4/682
f 495/1/682 459/2/728 460/3/711 496/4/683
f 148/1/298 145/2/292 449/3/729 456/4/730
f 456/1/730 449/2/729 450/3/731 455/4/732
f 455/1/732 450/2/731 451/3/733 454/4/734
f 454/1/734 451/2/733 452/3/710 453/4/699
f 62/1/154 59/2/148 441/3/735 448/4/736
f 448/1/736 441/2/735 442/3/737 447/4/738
f 447/1/738 442/2/737 443/3/739 446/4/740
f 446/1/740 443/2/739 444/3/713 445/4/706
f 60/1/99 33/2/158 437/3/741 485/4/680
f 485/1/680 437/2/741 438/3/742 486/4/678
f 486/1/678 438/2/742 439/3/743 487/4/674
f 487/1/674 439/2/743 440/3/693 488/4/675
f 366/1/661 356/2/660 476/3/664 436/4/744
f 436/1/744 476/2/664 475/3/717 435/4/745
f 435/1/745 475/2/717 474/3/719 434/4/746
f 434/1/746 474/2/719 473/3/714 433/4/707
f 59/1/148 83/2/100 492/3/679 441/4/735
f 441/1/735 492/2/679 491/3/677 442/4/737
f 442/1/737 491/2/677 490/3/673 443/4/739
f 443/1/739 490/2/673 489/3/676 444/4/713
f 90/1/150 61/2/202 468/3/721 432/4/747
f 432/1/747 468/2/721 467/3/723 431/4/748
f 431/1/748 467/2/723 466/3/725 430/4/749
f 430/1/749 466/2/725 465/3/712 429/4/709
f 376/1/715 202/2/347 425/3/750 457/4/726
f 457/1/726 425/2/750 426/3/751 458/4/727
f 458/1/727 426/2/751 427/3/752 459/4/728
f 459/1/728 427/2/752 428/3/701 460/4/711
f 145/1/292 167/2/247 421/3/753 449/4/729
f 449/1/729 421/2/753 422/3/754 450/4/731
f 450/1/731 422/2/754 423/3/755 451/4/733
f 451/1/733 423/2/755 424/3/703 452/4/710
f 111/1/151 90/2/150 432/3/747 469/4/663
f 469/1/663 432/2/747 431/3/748 470/4/716
f 470/1/716 431/2/748 430/3/749 471/4/718
f 471/1/718 430/2/749 429/3/709 472/4/708
f 195/1/295 174/2/294 413/3/756 420/4/757
f 420/1/757 413/2/756 414/3/758 419/4/759
f 419/1/759 414/2/758 415/3/760 418/4/761
f 418/1/761 415/2/760 416/3/700 417/4/698
f 375/1/662 366/2/661 436/3/744 412/4/762
f 412/1/762 436/2/744 435/3/745 411/4/763
f 411/1/763 435/2/745 434/3/746 410/4/764
f 410/1/764 434/2/746 433/3/707 409/4/704
f 229/1/104 34/2/103 401/3/765 408/4/766
f 408/1/766 401/2/765 402/3/767 407/4/768
f 407/1/768 402/2/767 403/3/769 406/4/770
f 406/1/770 403/2/769 404/3/691 405/4/694
f 175/1/395 331/2/351 393/3/771 400/4/772
f 400/1/772 393/2/771 394/3/773 399/4/774
f 399/1/774 394/2/773 395/3/775 398/4/776
f 398/1/776 395/2/775 396/3/695 397/4/702
f 319/1/155 62/2/154 448/3/736 461/4/720
f 461/1/720 448/2/736 447/3/738 462/4/722
f 462/1/722 447/2/738 446/3/740 463/4/724
f 463/1/724 446/2/740 445/3/706 464/4/705
f 176/1/350 173/2/345 385/3/777 392/4/778
f 392/1/778 385/2/777 386/3/779 391/4/780
f 391/1/780 386/2/779 387/3/781 390/4/782
f 390/1/782 387/2/781 388/3/697 389/4/696
f 167/1/247 375/2/662 412/3/762 421/4/753
f 421/1/753 412/2/762 411/3/763 422/4/754
f 422/1/754 411/2/763 410/3/764 423/4/755
f 423/1/755 410/2/764 409/3/704 424/4/703
f 202/1/347 175/2/395 400/3/772 425/4/750
f 425/1/750 400/2/772 399/3/774 426/4/751
f 426/1/751 399/2/774 398/3/776 427/4/752
f 427/1/752 398/2/776 397/3/702 428/4/701
f 174/1/294 147/2/354 484/3/671 413/4/756
f 413/1/756 484/2/671 483/3/669 414/4/758
f 414/1/758 483/2/669 482/3/665 415/4/760
f 415/1/760 482/2/665 481/3/668 416/4/700
f 328/1/299 148/2/298 456/3/730 477/4/672
f 477/1/672 456/2/730 455/3/732 478/4/670
f 478/1/670 455/2/732 454/3/734 479/4/666
f 479/1/666 454/2/734 453/3/699 480/4/667
f 173/1/345 195/2/295 420/3/757 385/4/777
f 385/1/777 420/2/757 419/3/759 386/4/779
f 386/1/779 419/2/759 418/3/761 387/4/781
f 387/1/781 418/2/761 417/3/698 388/4/697
f 331/1/351 176/2/350 392/3/778 393/4/771
f 393/1/771 392/2/778 391/3/780 394/4/773
f 394/1/773 391/2/780 390/3/782 395/4/775
f 395/1/775 390/2/782 389/3/696 396/4/695
f 33/1/158 229/2/104 408/3/766 437/4/741
f 437/1/741 408/2/766 407/3/768 438/4/742
f 438/1/742 407/2/768 406/3/770 439/4/743
f 439/1/743 406/2/770 405/3/694 440/4/693
f 31/1/96 358/2/689 500/3/687 384/4/783
f 384/1/783 500/2/687 499/3/685 383/4/784
f 383/1/784 499/2/685 498/3/681 382/4/785
f 382/1/785 498/2/681 497/3/684 381/4/692
f 34/1/103 31/2/96 384/3/783 401/4/765
f 401/1/765 384/2/783 383/3/784 402/4/767
f 402/1/767 383/2/784 382/3/785 403/4/769
f 403/1/769 382/2/785 381/3/692 404/4/691
f 861/1/786 862/2/787 506/3/788 503/4/789
f 503/1/789 506/2/788 505/3/625 501/4/41
f 508/1/46 510/2/48 512/3/790 509/4/791
f 509/1/791 512/2/790 898/3/622 507/4/621
f 863/1/653 864/2/792 518/3/793 515/4/794
f 515/1/794 518/2/793 517/3/40 513/4/47
f 862/1/787 865/2/43 521/3/795 506/4/788
f 506/1/788 521/2/795 520/3/393 505/4/625
f 864/1/792 861/2/786 503/3/789 518/4/793
f 518/1/793 503/2/789 501/3/41 517/4/40
f 866/1/796 867/2/797 527/3/798 524/4/799
f 524/1/799 527/2/798 526/3/107 522/4/98
f 529/1/105 531/2/159 533/3/800 530/4/801
f 530/1/801 533/2/800 899/3/628 528/4/627
f 868/1/654 869/2/802 539/3/803 536/4/804
f 536/1/804 539/2/803 538/3/97 534/4/106
f 869/1/802 866/2/796 524/3/799 539/4/803
f 539/1/803 524/2/799 522/3/98 538/4/97
f 870/1/805 871/2/806 545/3/807 542/4/808
f 542/1/808 545/2/807 544/3/102 540/4/101
f 547/1/156 549/2/203 551/3/809 548/4/810
f 548/1/810 551/2/809 900/3/632 546/4/631
f 872/1/655 873/2/811 557/3/812 554/4/813
f 554/1/813 557/2/812 556/3/149 552/4/157
f 873/1/811 870/2/805 542/3/808 557/4/812
f 557/1/812 542/2/808 540/3/101 556/4/149
f 874/1/814 875/2/815 563/3/816 560/4/817
f 560/1/817 563/2/816 562/3/153 558/4/152
f 565/1/200 567/2/252 569/3/818 566/4/819
f 566/1/819 569/2/818 882/3/636 564/4/635
f 876/1/656 877/2/820 575/3/821 572/4/822
f 572/1/822 575/2/821 574/3/197 570/4/201
f 877/1/820 874/2/814 560/3/817 575/4/821
f 575/1/821 560/2/817 558/3/152 574/4/197
f 878/1/823 879/2/824 581/3/825 578/4/826
f 578/1/826 581/2/825 580/3/199 576/4/198
f 583/1/250 585/2/302 587/3/827 584/4/828
f 584/1/828 587/2/827 887/3/640 582/4/639
f 880/1/657 881/2/829 593/3/830 590/4/831
f 590/1/831 593/2/830 592/3/246 588/4/251
f 879/1/824 882/2/636 569/3/818 581/4/825
f 581/1/825 569/2/818 567/3/252 580/4/199
f 881/1/829 878/2/823 578/3/826 593/4/830
f 593/1/830 578/2/826 576/3/198 592/4/246
f 883/1/832 884/2/833 599/3/834 596/4/835
f 596/1/835 599/2/834 598/3/249 594/4/248
f 601/1/300 603/2/355 605/3/836 602/4/837
f 602/1/837 605/2/836 894/3/644 600/4/643
f 885/1/658 886/2/838 611/3/839 608/4/840
f 608/1/840 611/2/839 610/3/293 606/4/301
f 884/1/833 887/2/640 587/3/827 599/4/834
f 599/1/834 587/2/827 585/3/302 598/4/249
f 886/1/838 883/2/832 596/3/835 611/4/839
f 611/1/839 596/2/835 594/3/248 610/4/293
f 888/1/841 889/2/842 617/3/843 614/4/844
f 614/1/844 617/2/843 616/3/297 612/4/296
f 619/1/352 621/2/396 623/3/845 620/4/846
f 620/1/846 623/2/845 893/3/648 618/4/647
f 890/1/659 891/2/847 629/3/848 626/4/849
f 626/1/849 629/2/848 628/3/346 624/4/353
f 892/1/850 893/2/648 623/3/845 632/4/851
f 632/1/851 623/2/845 621/3/396 630/4/349
f 889/1/842 894/2/644 605/3/836 617/4/843
f 617/1/843 605/2/836 603/3/355 616/4/297
f 891/1/847 888/2/841 614/3/844 629/4/848
f 629/1/848 614/2/844 612/3/296 628/4/346
f 895/1/852 892/2/850 632/3/851 635/4/853
f 635/1/853 632/2/851 630/3/349 633/4/348
f 896/1/391 897/2/854 641/3/855 638/4/856
f 638/1/856 641/2/855 640/3/390 636/4/397
f 643/1/394 520/2/393 521/3/795 644/4/857
f 644/1/857 521/2/795 865/3/43 642/4/42
f 897/1/854 895/2/852 635/3/853 641/4/855
f 641/1/855 635/2/853 633/3/348 640/4/390
f 867/1/797 898/2/622 512/3/790 527/4/798
f 527/1/798 512/2/790 510/3/48 526/4/107
f 871/1/806 899/2/628 533/3/800 545/4/807
f 545/1/807 533/2/800 531/3/159 544/4/102
f 875/1/815 900/2/632 551/3/809 563/4/816
f 563/1/816 551/2/809 549/3/203 562/4/153
f 513/1/47 508/2/46 509/3/791 515/4/794
f 515/1/794 509/2/791 507/3/621 863/4/653
f 534/1/106 529/2/105 530/3/801 536/4/804
f 536/1/804 530/2/801 528/3/627 868/4/654
f 552/1/157 547/2/156 548/3/810 554/4/813
f 554/1/813 548/2/810 546/3/631 872/4/655
f 570/1/201 565/2/200 566/3/819 572/4/822
f 572/1/822 566/2/819 564/3/635 876/4/656
f 588/1/251 583/2/250 584/3/828 590/4/831
f 590/1/831 584/2/828 582/3/639 880/4/657
f 606/1/301 601/2/300 602/3/837 608/4/840
f 608/1/840 602/2/837 600/3/643 885/4/658
f 624/1/353 619/2/352 620/3/846 626/4/849
f 626/1/849 620/2/846 618/3/647 890/4/659
f 636/1/397 643/2/394 644/3/857 638/4/856
f 638/1/856 644/2/857 642/3/42 896/4/391
f 2/1/39 25/2/39 501/3/41 505/4/625
f 661/1/6 648/2/20 650/3/858 662/4/859
f 662/1/859 650/2/858 649/3/24 660/4/53
f 766/24/91 917/23/90 918/64/860 767/65/861
f 767/1/861 918/2/860 919/3/402 765/4/16
f 658/1/33 645/2/7 647/3/862 659/4/863
f 659/1/863 647/2/862 646/3/52 657/4/51
f 648/1/20 923/2/38 653/3/864 650/4/858
f 650/1/858 653/2/864 652/3/25 649/4/24
f 645/1/7 661/2/6 662/3/859 647/4/862
f 647/1/862 662/2/859 660/3/53 646/4/52
f 676/1/74 666/2/73 668/3/865 677/4/866
f 677/1/866 668/2/865 667/3/79 675/4/110
f 769/1/474 926/2/509 927/3/867 770/4/868
f 770/1/868 927/2/867 928/3/405 768/4/69
f 666/1/73 929/2/95 671/3/869 668/4/865
f 668/1/865 671/2/869 670/3/80 667/4/79
f 664/1/10 676/2/74 677/3/866 665/4/870
f 665/1/870 677/2/866 675/3/110 663/4/366
f 691/1/131 681/2/130 683/3/871 692/4/872
f 692/1/872 683/2/871 682/3/136 690/4/145
f 681/1/130 932/2/147 686/3/873 683/4/871
f 683/1/871 686/2/873 685/3/137 682/4/136
f 672/1/64 678/2/63 680/3/874 674/4/875
f 674/1/875 680/2/874 679/3/116 673/4/115
f 678/1/63 691/2/131 692/3/872 680/4/874
f 680/1/874 692/2/872 690/3/145 679/4/116
f 706/1/180 696/2/179 698/3/876 707/4/877
f 707/1/877 698/2/876 697/3/185 705/4/120
f 703/1/483 708/2/256 710/3/878 704/4/879
f 704/1/879 710/2/878 709/3/168 702/4/536
f 696/1/179 938/2/196 701/3/880 698/4/876
f 698/1/876 701/2/880 700/3/186 697/4/185
f 688/1/534 693/2/207 695/3/881 689/4/882
f 689/1/882 695/2/881 694/3/119 687/4/166
f 693/1/207 706/2/180 707/3/877 695/4/881
f 695/1/881 707/2/877 705/3/120 694/4/119
f 721/1/228 711/2/227 713/3/883 722/4/884
f 722/1/884 713/2/883 712/3/233 720/4/169
f 711/1/227 944/2/245 716/3/885 713/4/883
f 713/1/883 716/2/885 715/3/234 712/4/233
f 718/1/539 723/2/306 725/3/886 719/4/887
f 719/1/887 725/2/886 724/3/216 717/4/261
f 708/1/256 721/2/228 722/3/884 710/4/878
f 710/1/878 722/2/884 720/3/169 709/4/168
f 736/1/275 726/2/274 728/3/888 737/4/889
f 737/1/889 728/2/888 727/3/280 735/4/217
f 733/1/476 738/2/359 740/3/890 734/4/891
f 734/1/891 740/2/890 739/3/263 732/4/541
f 726/1/274 953/2/291 731/3/892 728/4/888
f 728/1/888 731/2/892 730/3/281 727/4/280
f 723/1/306 736/2/275 737/3/889 725/4/886
f 725/1/886 737/2/889 735/3/217 724/4/216
f 751/1/327 741/2/326 743/3/893 752/4/894
f 752/1/894 743/2/893 742/3/332 750/4/264
f 741/1/326 956/2/344 746/3/895 743/4/893
f 743/1/893 746/2/895 745/3/333 742/4/332
f 738/1/359 751/2/327 752/3/894 740/4/890
f 740/1/890 752/2/894 750/3/264 739/4/263
f 763/1/373 756/2/372 758/3/896 764/4/897
f 764/1/897 758/2/896 757/3/378 762/4/316
f 756/1/372 959/2/389 761/3/898 758/4/896
f 758/1/896 761/2/898 760/3/379 757/4/378
f 748/1/545 753/2/398 755/3/899 749/4/900
f 749/1/900 755/2/899 754/3/315 747/4/364
f 753/1/398 763/2/373 764/3/897 755/4/899
f 755/1/899 764/2/897 762/3/316 754/4/315
f 654/7/11 664/6/10 665/66/870 656/67/901
f 656/67/901 665/66/870 663/44/366 655/43/480
f 651/1/482 766/2/91 767/3/861 924/4/902
f 924/68/902 767/69/861 765/12/16 925/11/15
f 669/1/475 769/2/474 770/3/868 930/4/903
f 930/1/903 770/2/868 768/3/69 931/4/68
f 964/1/387 780/2/322 782/3/904 962/4/905
f 962/1/905 782/2/904 781/3/505 963/4/504
f 952/1/341 783/2/270 785/3/906 950/4/907
f 950/1/907 785/2/906 784/3/314 951/4/313
f 937/1/242 771/2/175 773/3/908 935/4/909
f 935/1/909 773/2/908 772/3/215 936/4/214
f 949/1/289 786/2/223 788/3/910 947/4/911
f 947/1/911 788/2/910 787/3/490 948/4/489
f 922/1/61 777/2/60 779/3/912 920/4/913
f 920/1/913 779/2/912 778/3/494 921/4/493
f 943/1/194 774/2/126 776/3/914 941/4/915
f 941/1/915 776/2/914 775/3/499 942/4/498
f 774/1/126 934/2/125 933/3/916 776/4/914
f 776/1/914 933/2/916 684/3/501 775/4/499
f 771/1/175 940/2/174 939/3/917 773/4/908
f 773/1/908 939/2/917 699/3/486 772/4/215
f 786/1/223 946/2/222 945/3/918 788/4/910
f 788/1/910 945/2/918 714/3/492 787/4/490
f 783/1/270 955/2/269 954/3/919 785/4/906
f 785/1/906 954/2/919 729/3/479 784/4/314
f 780/1/322 958/2/321 957/3/920 782/4/904
f 782/1/904 957/2/920 744/3/507 781/4/505
f 777/1/60 961/2/368 960/3/921 779/4/912
f 779/1/912 960/2/921 759/3/495 778/4/494
f 646/1/52 660/2/53 28/3/28 11/4/36
f 7/1/29 18/2/3 790/3/515 789/4/617
f 16/1/31 19/2/30 792/3/608 791/4/607
f 19/1/30 9/2/22 793/3/618 792/4/608
f 18/1/3 14/2/2 794/3/511 790/4/515
f 14/1/2 15/2/26 795/3/14 794/4/511
f 17/1/35 16/2/31 791/3/607 796/4/58
f 26/1/21 7/2/29 789/3/617 797/4/619
f 9/1/22 26/2/21 797/3/619 793/4/618
f 36/1/84 47/2/56 799/3/525 798/4/531
f 45/18/86 48/17/85 801/49/513 800/47/512
f 48/1/85 38/2/77 802/3/519 801/4/513
f 47/1/56 43/2/55 803/3/523 799/4/525
f 43/1/55 44/2/81 804/3/67 803/4/523
f 46/25/92 45/18/86 800/47/512 805/48/401
f 54/1/76 36/2/84 798/3/531 806/4/520
f 38/1/77 54/2/76 806/3/520 802/4/519
f 64/1/141 77/2/113 808/3/551 807/4/556
f 73/1/143 78/2/142 810/3/526 809/4/521
f 78/1/142 66/2/134 811/3/530 810/4/526
f 77/1/113 71/2/112 812/3/547 808/4/551
f 71/1/112 72/2/138 813/3/124 812/4/547
f 74/1/118 73/2/143 809/3/521 814/4/404
f 84/1/133 64/2/141 807/3/556 815/4/555
f 66/1/134 84/2/133 815/3/555 811/4/530
f 94/1/189 105/2/164 817/3/564 816/4/568
f 103/1/191 106/2/190 819/3/549 818/4/548
f 106/1/190 96/2/183 820/3/557 819/4/549
f 105/1/164 101/2/163 821/3/560 817/4/564
f 101/1/163 102/2/187 822/3/173 821/4/560
f 104/1/167 103/2/191 818/3/548 823/4/193
f 112/1/182 94/2/189 816/3/568 824/4/558
f 96/1/183 112/2/182 824/3/558 820/4/557
f 122/1/237 133/2/210 826/3/574 825/4/578
f 131/1/239 134/2/238 828/3/562 827/4/561
f 134/1/238 124/2/231 829/3/579 828/4/562
f 133/1/210 129/2/209 830/3/570 826/4/574
f 129/1/209 130/2/235 831/3/221 830/4/570
f 132/1/243 131/2/239 827/3/561 832/4/241
f 140/1/230 122/2/237 825/3/578 833/4/580
f 124/1/231 140/2/230 833/3/580 829/4/579
f 150/1/284 161/2/259 835/3/586 834/4/590
f 159/1/286 162/2/285 837/3/572 836/4/571
f 162/1/285 152/2/278 838/3/592 837/4/572
f 161/1/259 157/2/258 839/3/582 835/4/586
f 157/1/258 158/2/282 840/3/268 839/4/582
f 160/1/262 159/2/286 836/3/571 841/4/288
f 168/1/277 150/2/284 834/3/590 842/4/591
f 152/1/278 168/2/277 842/3/591 838/4/592
f 178/1/336 189/2/309 844/3/598 843/4/602
f 187/1/338 190/2/337 846/3/584 845/4/583
f 190/1/337 180/2/330 847/3/604 846/4/584
f 189/1/309 185/2/308 848/3/594 844/4/598
f 185/1/308 186/2/334 849/3/320 848/4/594
f 188/1/342 187/2/338 845/3/583 850/4/340
f 196/1/329 178/2/336 843/3/602 851/4/603
f 180/1/330 196/2/329 851/3/603 847/4/604
f 205/1/382 216/2/362 853/3/610 852/4/614
f 214/1/384 217/2/383 855/3/596 854/4/595
f 217/1/383 207/2/376 856/3/616 855/4/596
f 216/1/362 212/2/361 857/3/606 853/4/610
f 212/1/361 213/2/380 858/3/367 857/4/606
f 215/1/365 214/2/384 854/3/595 859/4/386
f 222/1/375 205/2/382 852/3/614 860/4/615
f 207/1/376 222/2/375 860/3/615 856/4/616
f 502/1/49 504/2/50 862/3/787 861/4/786
f 514/1/623 516/2/620 864/3/792 863/4/653
f 504/1/50 519/2/624 865/3/43 862/4/787
f 516/1/620 502/2/49 861/3/786 864/4/792
f 523/1/108 525/2/109 867/3/797 866/4/796
f 535/1/629 537/2/626 869/3/802 868/4/654
f 537/1/626 523/2/108 866/3/796 869/4/802
f 541/1/160 543/2/161 871/3/806 870/4/805
f 553/1/633 555/2/630 873/3/811 872/4/655
f 555/1/630 541/2/160 870/3/805 873/4/811
f 559/1/204 561/2/206 875/3/815 874/4/814
f 571/1/637 573/2/634 877/3/820 876/4/656
f 573/1/634 559/2/204 874/3/814 877/4/820
f 577/1/253 579/2/255 879/3/824 878/4/823
f 589/1/641 591/2/638 881/3/829 880/4/657
f 579/1/255 568/2/535 882/3/636 879/4/824
f 591/1/638 577/2/253 878/3/823 881/4/829
f 595/1/303 597/2/305 884/3/833 883/4/832
f 607/1/645 609/2/642 886/3/838 885/4/658
f 597/1/305 586/2/538 887/3/640 884/4/833
f 609/1/642 595/2/303 883/3/832 886/4/838
f 613/1/356 615/2/358 889/3/842 888/4/841
f 625/1/649 627/2/646 891/3/847 890/4/659
f 631/1/542 622/2/544 893/3/648 892/4/850
f 615/1/358 604/2/540 894/3/644 889/4/842
f 627/1/646 613/2/356 888/3/841 891/4/847
f 634/1/650 631/2/542 892/3/850 895/4/852
f 637/1/651 639/2/652 897/3/854 896/4/391
f 639/1/652 634/2/650 895/3/852 897/4/854
f 525/29/109 511/30/400 898/61/622 867/70/797
f 543/1/161 532/2/403 899/3/628 871/4/806
f 561/1/206 550/2/533 900/3/632 875/4/815
f 519/63/624 901/62/34 23/71/44 865/72/43
f 511/30/400 902/8/12 20/22/89 898/61/622
f 903/1/37 514/2/623 863/3/653 24/4/481
f 532/1/403 904/2/65 49/3/508 899/4/628
f 905/1/94 535/2/629 868/3/654 52/4/472
f 550/1/533 906/2/532 79/3/497 900/4/632
f 907/1/146 553/2/633 872/3/655 82/4/500
f 568/1/535 908/2/484 107/3/213 882/4/636
f 909/1/195 571/2/637 876/3/656 110/4/485
f 586/1/538 910/2/537 135/3/488 887/4/640
f 911/1/244 589/2/641 880/3/657 138/4/491
f 604/1/540 912/2/477 163/3/312 894/4/644
f 913/1/290 607/2/645 885/3/658 166/4/478
f 622/1/544 914/2/543 191/3/503 893/4/648
f 915/1/343 625/2/649 890/3/659 194/4/506
f 916/1/388 637/2/651 896/3/391 220/4/392
f 654/7/11 656/67/901 918/64/860 917/23/90
f 656/1/901 655/2/480 919/3/402 918/4/860
f 658/1/33 659/2/863 920/3/913 921/4/493
f 659/1/863 657/2/51 922/3/61 920/4/913
f 653/1/864 923/2/38 651/3/482 924/4/902
f 652/1/25 653/2/864 924/3/902 925/4/15
f 672/1/64 674/2/875 927/3/867 926/4/509
f 674/1/875 673/2/115 928/3/405 927/4/867
f 671/1/869 929/2/95 669/3/475 930/4/903
f 670/1/80 671/2/869 930/3/903 931/4/68
f 686/1/873 932/2/147 684/3/501 933/4/916
f 685/1/137 686/2/873 933/3/916 934/4/125
f 703/1/483 704/2/879 935/3/909 936/4/214
f 704/1/879 702/2/536 937/3/242 935/4/909
f 701/1/880 938/2/196 699/3/486 939/4/917
f 700/1/186 701/2/880 939/3/917 940/4/174
f 688/1/534 689/2/882 941/3/915 942/4/498
f 689/1/882 687/2/166 943/3/194 941/4/915
f 716/1/885 944/2/245 714/3/492 945/4/918
f 715/1/234 716/2/885 945/3/918 946/4/222
f 718/1/539 719/2/887 947/3/911 948/4/489
f 719/1/887 717/2/261 949/3/289 947/4/911
f 733/1/476 734/2/891 950/3/907 951/4/313
f 734/1/891 732/2/541 952/3/341 950/4/907
f 731/1/892 953/2/291 729/3/479 954/4/919
f 730/1/281 731/2/892 954/3/919 955/4/269
f 746/1/895 956/2/344 744/3/507 957/4/920
f 745/1/333 746/2/895 957/3/920 958/4/321
f 761/1/898 959/2/389 759/3/495 960/4/921
f 760/1/379 761/2/898 960/3/921 961/4/368
f 748/1/545 749/2/900 962/3/905 963/4/504
f 749/1/900 747/2/364 964/3/387 962/4/905
f 657/1/51 17/2/35 796/3/58 922/4/61
f 901/1/34 658/2/33 921/3/493 23/4/44
f 15/1/26 652/2/25 925/3/15 795/4/14
f 923/1/38 903/2/37 24/3/481 651/4/482
f 655/1/480 46/2/92 805/3/401 919/4/402
f 902/8/12 654/7/11 917/23/90 20/22/89
f 44/1/81 670/2/80 931/3/68 804/4/67
f 929/1/95 905/2/94 52/3/472 669/4/475
f 673/1/115 74/2/118 814/3/404 928/4/405
f 904/1/65 672/2/64 926/3/509 49/4/508
f 72/1/138 685/2/137 934/3/125 813/4/124
f 932/1/147 907/2/146 82/3/500 684/4/501
f 906/1/532 688/2/534 942/3/498 79/4/497
f 687/1/166 104/2/167 823/3/193 943/4/194
f 102/1/187 700/2/186 940/3/174 822/4/173
f 938/1/196 909/2/195 110/3/485 699/4/486
f 702/1/536 132/2/243 832/3/241 937/4/242
f 908/1/484 703/2/483 936/3/214 107/4/213
f 130/1/235 715/2/234 946/3/222 831/4/221
f 944/1/245 911/2/244 138/3/491 714/4/492
f 910/1/537 718/2/539 948/3/489 135/4/488
f 717/1/261 160/2/262 841/3/288 949/4/289
f 158/1/282 730/2/281 955/3/269 840/4/268
f 953/1/291 913/2/290 166/3/478 729/4/479
f 732/1/541 188/2/342 850/3/340 952/4/341
f 912/1/477 733/2/476 951/3/313 163/4/312
f 186/1/334 745/2/333 958/3/321 849/4/320
f 956/1/344 915/2/343 194/3/506 744/4/507
f 914/1/543 748/2/545 963/3/504 191/4/503
f 747/1/364 215/2/365 859/3/386 964/4/387
f 213/1/380 760/2/379 961/3/368 858/4/367
f 959/1/389 916/2/388 220/3/392 759/4/495
f 255/1/448 1639/2/922 1643/3/923 256/4/462
f 233/1/450 1551/2/924 1555/3/925 234/4/464
f 242/1/452 1587/2/926 1591/3/927 243/4/466
f 251/1/454 1623/2/928 1627/3/929 252/4/468
f 260/1/456 1659/2/930 1663/3/931 261/4/470
f 238/1/458 1571/2/932 1575/3/933 239/4/410
f 247/37/460 1607/73/934 1611/74/935 248/39/414
f 256/1/462 1643/2/923 1647/3/936 257/4/418
f 234/1/464 1555/2/925 1559/3/937 235/4/422
f 243/41/466 1591/75/927 1595/76/938 244/31/426
f 252/1/468 1627/2/929 1631/3/939 253/4/430
f 261/1/470 1663/2/931 1667/3/407 262/4/406
f 239/1/410 1575/2/933 1579/3/940 240/4/411
f 248/39/414 1611/74/935 1615/77/941 249/78/415
f 257/1/418 1647/2/936 1651/3/942 258/4/419
f 235/1/422 1559/2/937 1563/3/943 236/4/423
f 244/31/426 1595/76/938 1599/79/944 245/32/427
f 253/1/430 1631/2/939 1635/3/945 254/4/431
f 1673/80/946 1670/81/947 965/82/948 966/83/949
f 240/1/411 1579/2/940 1583/3/950 241/4/438
f 249/1/415 1615/2/941 1619/3/951 250/4/440
f 258/1/419 1651/2/942 1655/3/952 259/4/442
f 236/1/423 1563/2/943 1567/3/953 237/4/444
f 245/32/427 1599/79/944 1603/84/954 246/35/446
f 254/1/431 1635/2/945 1639/3/922 255/4/448
f 231/1/409 1542/2/408 1547/3/955 232/4/434
f 232/1/434 1547/2/955 1551/3/924 233/4/450
f 241/1/438 1583/2/950 1587/3/926 242/4/452
f 250/1/440 1619/2/951 1623/3/928 251/4/454
f 259/1/442 1655/2/952 1659/3/930 260/4/456
f 237/1/444 1567/2/953 1571/3/932 238/4/458
f 246/35/446 1603/84/954 1607/73/934 247/37/460
f 1700/1/956 1697/2/957 974/3/958 975/4/959
f 1742/85/960 1739/86/961 988/87/962 989/88/963
f 1703/1/964 1700/2/956 975/3/959 976/4/965
f 1745/89/966 1742/85/960 989/88/963 990/90/967
f 1706/1/968 1703/2/964 976/3/965 977/4/969
f 1748/91/970 1745/92/966 990/93/967 991/94/971
f 1709/1/972 1706/2/968 977/3/969 978/4/973
f 1751/95/974 1748/96/970 991/97/971 992/98/975
f 1712/1/976 1709/2/972 978/3/973 979/4/977
f 1754/99/978 1751/95/974 992/98/975 993/100/979
f 1715/101/980 1712/102/976 979/103/977 980/104/981
f 1670/81/947 1763/105/982 996/106/983 965/82/948
f 1757/107/984 1754/99/978 993/100/979 994/108/985
f 1718/1/986 1715/2/980 980/3/981 981/4/987
f 1679/1/988 1676/2/989 967/3/990 968/4/991
f 1760/109/992 1757/107/984 994/108/985 995/110/993
f 1721/1/994 1718/2/986 981/3/987 982/4/995
f 1682/1/996 1679/2/988 968/3/991 969/4/997
f 1763/111/982 1760/112/992 995/113/993 996/114/983
f 1724/115/998 1721/116/994 982/117/995 983/118/999
f 1685/1/1000 1682/2/996 969/3/997 970/4/1001
f 1727/1/1002 1724/2/998 983/3/999 984/4/1003
f 1688/1/1004 1685/2/1000 970/3/1001 971/4/1005
f 1676/119/989 1673/120/946 966/121/949 967/122/990
f 1730/123/1006 1727/124/1002 984/125/1003 985/126/1007
f 1691/127/1008 1688/128/1004 971/129/1005 972/130/1009
f 1733/131/1010 1730/123/1006 985/126/1007 986/132/1011
f 1694/133/1012 1691/127/1008 972/130/1009 973/134/1013
f 1736/135/1014 1733/131/1010 986/132/1011 987/136/1015
f 1697/1/957 1694/2/1012 973/3/1013 974/4/958
f 1739/86/961 1736/135/1014 987/136/1015 988/87/962
f 1338/137/1016 1334/138/1017 1463/139/1018 1467/140/1019
f 1394/141/1020 1390/142/1021 1519/143/1022 1523/144/1023
f 1342/145/1024 1338/137/1016 1467/140/1019 1471/146/1025
f 1398/147/1026 1394/141/1020 1523/144/1023 1527/148/1027
f 1346/149/1028 1342/145/1024 1471/146/1025 1475/150/1029
f 1287/151/1030 1410/152/1031 1539/153/1032 1414/154/1030
f 1402/155/1033 1398/156/1026 1527/157/1027 1531/158/1034
f 1350/159/1035 1346/149/1028 1475/150/1029 1479/160/1036
f 1298/161/1037 1294/162/1038 1423/163/1039 1427/164/1040
f 1406/165/1041 1402/155/1033 1531/158/1034 1535/166/1042
f 1354/167/1043 1350/159/1035 1479/160/1036 1483/168/1044
f 1302/169/1045 1298/161/1037 1427/164/1040 1431/170/1046
f 1410/152/1031 1406/165/1041 1535/166/1042 1539/153/1032
f 1358/171/1047 1354/167/1043 1483/168/1044 1487/172/1048
f 1306/173/1049 1302/174/1045 1431/175/1046 1435/176/1050
f 1418/177/1051 1415/178/1052 997/179/1053 998/180/1054
f 1362/181/1055 1358/171/1047 1487/172/1048 1491/182/1056
f 1310/183/1057 1306/173/1049 1435/176/1050 1439/184/1058
f 1294/162/1038 1290/185/1059 1419/186/1060 1423/163/1039
f 1366/187/1061 1362/181/1055 1491/182/1056 1495/188/1062
f 1314/189/1063 1310/183/1057 1439/184/1058 1443/190/1064
f 1370/191/1065 1366/192/1061 1495/193/1062 1499/194/1066
f 1318/195/1067 1314/189/1063 1443/190/1064 1447/196/1068
f 1374/197/1069 1370/191/1065 1499/194/1066 1503/198/1070
f 1322/199/1071 1318/195/1067 1447/196/1068 1451/200/1072
f 1378/201/1073 1374/197/1069 1503/198/1070 1507/202/1074
f 1326/203/1075 1322/199/1071 1451/200/1072 1455/204/1076
f 1382/205/1077 1378/201/1073 1507/202/1074 1511/206/1078
f 1330/207/1079 1326/203/1075 1455/204/1076 1459/208/1080
f 1386/209/1081 1382/205/1077 1511/206/1078 1515/210/1082
f 1334/211/1017 1330/207/1079 1459/208/1080 1463/212/1018
f 1390/142/1021 1386/209/1081 1515/210/1082 1519/143/1022
f 980/104/981 979/103/977 1343/213/1083 1347/214/1084
f 967/122/990 966/121/949 1291/215/1085 1295/216/1086
f 994/217/985 993/218/979 1399/219/1087 1403/220/1088
f 981/221/987 980/104/981 1347/214/1084 1351/222/1089
f 968/223/991 967/122/990 1295/216/1086 1299/224/1090
f 995/113/993 994/217/985 1403/220/1088 1407/225/1091
f 982/117/995 981/221/987 1351/222/1089 1355/226/1092
f 969/227/997 968/223/991 1299/224/1090 1303/228/1093
f 996/114/983 995/113/993 1407/225/1091 1411/229/1094
f 983/118/999 982/117/995 1355/226/1092 1359/230/1095
f 970/231/1001 969/232/997 1303/233/1093 1307/234/1096
f 965/235/948 996/114/983 1411/229/1094 1286/236/1097
f 984/237/1003 983/118/999 1359/230/1095 1363/238/1098
f 971/129/1005 970/231/1001 1307/234/1096 1311/239/1099
f 985/240/1007 984/237/1003 1363/238/1098 1367/241/1100
f 972/130/1009 971/129/1005 1311/239/1099 1315/242/1101
f 986/243/1011 985/240/1007 1367/241/1100 1371/244/1102
f 973/134/1013 972/130/1009 1315/242/1101 1319/245/1103
f 987/246/1015 986/247/1011 1371/248/1102 1375/249/1104
f 974/250/958 973/134/1013 1319/245/1103 1323/251/1105
f 988/252/962 987/246/1015 1375/249/1104 1379/253/1106
f 975/254/959 974/250/958 1323/251/1105 1327/255/1107
f 989/256/963 988/252/962 1379/253/1106 1383/257/1108
f 976/258/965 975/254/959 1327/255/1107 1331/259/1109
f 990/93/967 989/256/963 1383/257/1108 1387/260/1110
f 977/261/969 976/258/965 1331/259/1109 1335/262/1111
f 991/94/971 990/93/967 1387/260/1110 1391/263/1112
f 978/264/973 977/265/969 1335/266/1111 1339/267/1113
f 992/268/975 991/94/971 1391/263/1112 1395/269/1114
f 979/103/977 978/264/973 1339/267/1113 1343/213/1083
f 966/121/949 965/235/948 1286/236/1097 1291/215/1085
f 993/270/979 992/268/975 1395/269/1114 1399/271/1087
f 1490/272/1115 1486/273/1116 1015/274/1117 1016/275/1118
f 1438/1/1119 1434/2/1120 1002/3/1121 1003/4/1122
f 1422/276/1123 1418/177/1051 998/180/1054 999/277/1124
f 1494/278/1125 1490/272/1115 1016/275/1118 1017/279/1126
f 1442/280/1127 1438/281/1119 1003/282/1122 1004/283/1128
f 1498/284/1129 1494/285/1125 1017/286/1126 1018/287/1130
f 1446/288/1131 1442/280/1127 1004/283/1128 1005/289/1132
f 1502/1/1133 1498/2/1129 1018/3/1130 1019/4/1134
f 1450/290/1135 1446/288/1131 1005/289/1132 1006/291/1136
f 1506/1/1137 1502/2/1133 1019/3/1134 1020/4/1138
f 1454/292/1139 1450/290/1135 1006/291/1136 1007/293/1140
f 1510/294/1141 1506/295/1137 1020/296/1138 1021/297/1142
f 1458/298/1143 1454/292/1139 1007/293/1140 1008/299/1144
f 1514/300/1145 1510/294/1141 1021/297/1142 1022/301/1146
f 1462/1/1147 1458/2/1143 1008/3/1144 1009/4/1148
f 1518/1/1149 1514/2/1145 1022/3/1146 1023/4/1150
f 1466/1/1151 1462/2/1147 1009/3/1148 1010/4/1152
f 1522/1/1153 1518/2/1149 1023/3/1150 1024/4/1154
f 1470/302/1155 1466/303/1151 1010/304/1152 1011/305/1156
f 1526/306/1157 1522/307/1153 1024/308/1154 1025/309/1158
f 1474/310/1159 1470/302/1155 1011/305/1156 1012/311/1160
f 1415/178/1052 1538/312/1161 1028/313/1162 997/179/1053
f 1530/314/1163 1526/315/1157 1025/316/1158 1026/317/1164
f 1478/318/1165 1474/310/1159 1012/311/1160 1013/319/1166
f 1426/320/1167 1422/276/1123 999/277/1124 1000/321/1168
f 1534/322/1169 1530/314/1163 1026/317/1164 1027/323/1170
f 1482/324/1171 1478/318/1165 1013/319/1166 1014/325/1172
f 1430/1/1173 1426/2/1167 1000/3/1168 1001/4/1174
f 1538/312/1161 1534/322/1169 1027/323/1170 1028/313/1162
f 1486/273/1116 1482/324/1171 1014/325/1172 1015/274/1117
f 1434/1/1120 1430/2/1173 1001/3/1174 1002/4/1121
f 1019/326/1134 1018/287/1130 1114/327/1175 1118/328/1176
f 1006/291/1136 1005/289/1132 1062/329/1177 1066/330/1178
f 1020/296/1138 1019/326/1134 1118/328/1176 1122/331/1179
f 1007/293/1140 1006/291/1136 1066/330/1178 1070/332/1180
f 1021/297/1142 1020/296/1138 1122/331/1179 1126/333/1181
f 1008/299/1144 1007/293/1140 1070/332/1180 1074/334/1182
f 1022/301/1146 1021/297/1142 1126/333/1181 1130/335/1183
f 1009/336/1148 1008/299/1144 1074/334/1182 1078/337/1184
f 1023/338/1150 1022/301/1146 1130/335/1183 1134/339/1185
f 1010/304/1152 1009/340/1148 1078/341/1184 1082/342/1186
f 1024/308/1154 1023/338/1150 1134/339/1185 1138/343/1187
f 1011/305/1156 1010/304/1152 1082/342/1186 1086/344/1188
f 1025/309/1158 1024/308/1154 1138/343/1187 1142/345/1189
f 1012/311/1160 1011/305/1156 1086/344/1188 1090/346/1190
f 999/277/1124 998/180/1054 1034/347/1191 1038/348/1192
f 1026/317/1164 1025/316/1158 1142/349/1189 1146/350/1193
f 1013/319/1166 1012/311/1160 1090/346/1190 1094/351/1194
f 1000/321/1168 999/277/1124 1038/348/1192 1042/352/1195
f 1027/323/1170 1026/317/1164 1146/350/1193 1150/353/1196
f 1014/325/1172 1013/319/1166 1094/351/1194 1098/354/1197
f 1001/355/1174 1000/321/1168 1042/352/1195 1046/356/1198
f 1028/313/1162 1027/323/1170 1150/353/1196 1154/357/1199
f 1015/274/1117 1014/325/1172 1098/354/1197 1102/358/1200
f 1002/359/1121 1001/360/1174 1046/361/1198 1050/362/1201
f 1016/275/1118 1015/274/1117 1102/358/1200 1106/363/1202
f 1003/282/1122 1002/359/1121 1050/362/1201 1054/364/1203
f 998/180/1054 997/179/1053 1029/365/1204 1034/347/1191
f 1017/279/1126 1016/275/1118 1106/363/1202 1110/366/1205
f 1004/283/1128 1003/282/1122 1054/364/1203 1058/367/1206
f 1018/287/1130 1017/286/1126 1110/368/1205 1114/327/1175
f 1005/289/1132 1004/283/1128 1058/367/1206 1062/329/1177
f 997/179/1053 1028/313/1162 1154/357/1199 1029/365/1204
f 1034/347/1191 1029/365/1204 1031/369/1207 1037/370/1208
f 1037/370/1208 1031/369/1207 1032/371/1209 1036/372/1210
f 1036/373/1210 1032/374/1209 1033/375/1211 1035/376/1212
f 1035/376/1212 1033/375/1211 1158/377/1213 1159/378/1214
f 1038/348/1192 1034/347/1191 1037/370/1208 1041/379/1215
f 1041/379/1215 1037/370/1208 1036/372/1210 1040/380/1216
f 1040/381/1216 1036/373/1210 1035/376/1212 1039/382/1217
f 1039/382/1217 1035/376/1212 1159/378/1214 1160/383/1218
f 1042/352/1195 1038/348/1192 1041/379/1215 1045/384/1219
f 1045/384/1219 1041/379/1215 1040/380/1216 1044/385/1220
f 1044/386/1220 1040/381/1216 1039/382/1217 1043/387/1221
f 1043/387/1221 1039/382/1217 1160/383/1218 1161/388/1222
f 1046/356/1198 1042/352/1195 1045/384/1219 1049/389/1223
f 1049/389/1223 1045/384/1219 1044/385/1220 1048/390/1224
f 1048/391/1224 1044/386/1220 1043/387/1221 1047/392/1225
f 1047/392/1225 1043/387/1221 1161/388/1222 1162/393/1226
f 1050/362/1201 1046/361/1198 1049/394/1223 1053/395/1227
f 1053/395/1227 1049/394/1223 1048/396/1224 1052/397/1228
f 1052/398/1228 1048/391/1224 1047/392/1225 1051/399/1229
f 1051/399/1229 1047/392/1225 1162/393/1226 1163/400/1230
f 1054/364/1203 1050/362/1201 1053/395/1227 1057/401/1231
f 1057/401/1231 1053/395/1227 1052/397/1228 1056/402/1232
f 1056/403/1232 1052/398/1228 1051/399/1229 1055/404/1233
f 1055/404/1233 1051/399/1229 1163/400/1230 1164/405/1234
f 1058/367/1206 1054/364/1203 1057/401/1231 1061/406/1235
f 1061/406/1235 1057/401/1231 1056/402/1232 1060/407/1236
f 1060/408/1236 1056/403/1232 1055/404/1233 1059/409/1237
f 1059/409/1237 1055/404/1233 1164/405/1234 1165/410/1238
f 1062/329/1177 1058/367/1206 1061/406/1235 1065/411/1239
f 1065/411/1239 1061/406/1235 1060/407/1236 1064/412/1240
f 1064/413/1240 1060/408/1236 1059/409/1237 1063/414/1241
f 1063/414/1241 1059/409/1237 1165/410/1238 1166/415/1242
f 1066/330/1178 1062/329/1177 1065/411/1239 1069/416/1243
f 1069/416/1243 1065/411/1239 1064/412/1240 1068/417/1244
f 1068/418/1244 1064/413/1240 1063/414/1241 1067/419/1245
f 1067/419/1245 1063/414/1241 1166/415/1242 1167/420/1246
f 1070/332/1180 1066/330/1178 1069/416/1243 1073/421/1247
f 1073/421/1247 1069/416/1243 1068/417/1244 1072/422/1248
f 1072/423/1248 1068/418/1244 1067/419/1245 1071/424/1249
f 1071/424/1249 1067/419/1245 1167/420/1246 1168/425/1250
f 1074/334/1182 1070/332/1180 1073/421/1247 1077/426/1251
f 1077/426/1251 1073/421/1247 1072/422/1248 1076/427/1252
f 1076/428/1252 1072/423/1248 1071/424/1249 1075/429/1253
f 1075/429/1253 1071/424/1249 1168/425/1250 1169/430/1254
f 1078/337/1184 1074/334/1182 1077/426/1251 1081/431/1255
f 1081/431/1255 1077/426/1251 1076/427/1252 1080/432/1256
f 1080/433/1256 1076/428/1252 1075/429/1253 1079/434/1257
f 1079/434/1257 1075/429/1253 1169/430/1254 1170/435/1258
f 1082/342/1186 1078/341/1184 1081/436/1255 1085/437/1259
f 1085/437/1259 1081/436/1255 1080/438/1256 1084/439/1260
f 1084/440/1260 1080/433/1256 1079/434/1257 1083/441/1261
f 1083/441/1261 1079/434/1257 1170/435/1258 1171/442/1262
f 1086/344/1188 1082/342/1186 1085/437/1259 1089/443/1263
f 1089/443/1263 1085/437/1259 1084/439/1260 1088/444/1264
f 1088/445/1264 1084/440/1260 1083/441/1261 1087/446/1265
f 1087/446/1265 1083/441/1261 1171/442/1262 1172/447/1266
f 1090/346/1190 1086/344/1188 1089/443/1263 1093/448/1267
f 1093/448/1267 1089/443/1263 1088/444/1264 1092/449/1268
f 1092/450/1268 1088/445/1264 1087/446/1265 1091/451/1269
f 1091/451/1269 1087/446/1265 1172/447/1266 1173/452/1270
f 1094/351/1194 1090/346/1190 1093/448/1267 1097/453/1271
f 1097/453/1271 1093/448/1267 1092/449/1268 1096/454/1272
f 1096/455/1272 1092/450/1268 1091/451/1269 1095/456/1273
f 1095/456/1273 1091/451/1269 1173/452/1270 1174/457/1274
f 1098/354/1197 1094/351/1194 1097/453/1271 1101/458/1275
f 1101/458/1275 1097/453/1271 1096/454/1272 1100/459/1276
f 1100/460/1276 1096/455/1272 1095/456/1273 1099/461/1277
f 1099/461/1277 1095/456/1273 1174/457/1274 1175/462/1278
f 1102/358/1200 1098/354/1197 1101/458/1275 1105/463/1279
f 1105/463/1279 1101/458/1275 1100/459/1276 1104/464/1280
f 1104/465/1280 1100/460/1276 1099/461/1277 1103/466/1281
f 1103/466/1281 1099/461/1277 1175/462/1278 1176/467/1282
f 1106/363/1202 1102/358/1200 1105/463/1279 1109/468/1283
f 1109/468/1283 1105/463/1279 1104/464/1280 1108/469/1284
f 1108/470/1284 1104/465/1280 1103/466/1281 1107/471/1285
f 1107/471/1285 1103/466/1281 1176/467/1282 1177/472/1286
f 1110/366/1205 1106/363/1202 1109/468/1283 1113/473/1287
f 1113/473/1287 1109/468/1283 1108/469/1284 1112/474/1288
f 1112/475/1288 1108/470/1284 1107/471/1285 1111/476/1289
f 1111/476/1289 1107/471/1285 1177/472/1286 1178/477/1290
f 1114/327/1175 1110/368/1205 1113/478/1287 1117/479/1291
f 1117/479/1291 1113/478/1287 1112/480/1288 1116/481/1292
f 1116/482/1292 1112/475/1288 1111/476/1289 1115/483/1293
f 1115/483/1293 1111/476/1289 1178/477/1290 1179/484/1294
f 1118/328/1176 1114/327/1175 1117/479/1291 1121/485/1295
f 1121/485/1295 1117/479/1291 1116/481/1292 1120/486/1296
f 1120/487/1296 1116/482/1292 1115/483/1293 1119/488/1297
f 1119/488/1297 1115/483/1293 1179/484/1294 1180/489/1298
f 1122/331/1179 1118/328/1176 1121/485/1295 1125/490/1299
f 1125/490/1299 1121/485/1295 1120/486/1296 1124/491/1300
f 1124/492/1300 1120/487/1296 1119/488/1297 1123/493/1301
f 1123/493/1301 1119/488/1297 1180/489/1298 1181/494/1302
f 1126/333/1181 1122/331/1179 1125/490/1299 1129/495/1303
f 1129/495/1303 1125/490/1299 1124/491/1300 1128/496/1304
f 1128/497/1304 1124/492/1300 1123/493/1301 1127/498/1305
f 1127/498/1305 1123/493/1301 1181/494/1302 1182/499/1306
f 1130/335/1183 1126/333/1181 1129/495/1303 1133/500/1307
f 1133/500/1307 1129/495/1303 1128/496/1304 1132/501/1308
f 1132/502/1308 1128/497/1304 1127/498/1305 1131/503/1309
f 1131/503/1309 1127/498/1305 1182/499/1306 1183/504/1310
f 1134/339/1185 1130/335/1183 1133/500/1307 1137/505/1311
f 1137/505/1311 1133/500/1307 1132/501/1308 1136/506/1312
f 1136/507/1312 1132/502/1308 1131/503/1309 1135/508/1313
f 1135/508/1313 1131/503/1309 1183/504/1310 1184/509/1314
f 1138/343/1187 1134/339/1185 1137/505/1311 1141/510/1315
f 1141/510/1315 1137/505/1311 1136/506/1312 1140/511/1316
f 1140/512/1316 1136/507/1312 1135/508/1313 1139/513/1317
f 1139/513/1317 1135/508/1313 1184/509/1314 1185/514/1318
f 1142/345/1189 1138/343/1187 1141/510/1315 1145/515/1319
f 1145/515/1319 1141/510/1315 1140/511/1316 1144/516/1320
f 1144/517/1320 1140/512/1316 1139/513/1317 1143/518/1321
f 1143/518/1321 1139/513/1317 1185/514/1318 1186/519/1322
f 1146/350/1193 1142/349/1189 1145/520/1319 1149/521/1323
f 1149/522/1323 1145/515/1319 1144/516/1320 1148/523/1324
f 1148/524/1324 1144/517/1320 1143/518/1321 1147/525/1325
f 1147/525/1325 1143/518/1321 1186/519/1322 1187/526/1326
f 1150/353/1196 1146/350/1193 1149/521/1323 1153/527/1327
f 1153/527/1327 1149/521/1323 1148/528/1324 1152/529/1328
f 1152/530/1328 1148/524/1324 1147/525/1325 1151/531/1329
f 1151/531/1329 1147/525/1325 1187/526/1326 1188/532/1330
f 1154/357/1199 1150/353/1196 1153/527/1327 1157/533/1331
f 1157/533/1331 1153/527/1327 1152/529/1328 1156/534/1332
f 1156/535/1332 1152/530/1328 1151/531/1329 1155/536/1333
f 1155/536/1333 1151/531/1329 1188/532/1330 1189/537/1334
f 1029/365/1204 1154/357/1199 1157/533/1331 1031/369/1207
f 1031/369/1207 1157/533/1331 1156/534/1332 1032/371/1209
f 1032/374/1209 1156/535/1332 1155/536/1333 1033/375/1211
f 1033/375/1211 1155/536/1333 1189/537/1334 1158/377/1213
f 1190/538/1335 1195/539/1336 1159/378/1214 1158/377/1213
f 1195/539/1336 1198/540/1337 1160/383/1218 1159/378/1214
f 1198/540/1337 1201/541/1338 1161/388/1222 1160/383/1218
f 1201/541/1338 1204/542/1339 1162/393/1226 1161/388/1222
f 1204/542/1339 1207/543/1340 1163/400/1230 1162/393/1226
f 1207/543/1340 1210/544/1341 1164/405/1234 1163/400/1230
f 1210/544/1341 1213/545/1342 1165/410/1238 1164/405/1234
f 1213/545/1342 1216/546/1343 1166/415/1242 1165/410/1238
f 1216/546/1343 1219/547/1344 1167/420/1246 1166/415/1242
f 1219/547/1344 1222/548/1345 1168/425/1250 1167/420/1246
f 1222/548/1345 1225/549/1346 1169/430/1254 1168/425/1250
f 1225/549/1346 1228/550/1347 1170/435/1258 1169/430/1254
f 1228/550/1347 1231/551/1348 1171/442/1262 1170/435/1258
f 1231/551/1348 1234/552/1349 1172/447/1266 1171/442/1262
f 1234/552/1349 1237/553/1350 1173/452/1270 1172/447/1266
f 1237/553/1350 1240/554/1351 1174/457/1274 1173/452/1270
f 1240/554/1351 1243/555/1352 1175/462/1278 1174/457/1274
f 1243/555/1352 1246/556/1353 1176/467/1282 1175/462/1278
f 1246/556/1353 1249/557/1354 1177/472/1286 1176/467/1282
f 1249/557/1354 1252/558/1355 1178/477/1290 1177/472/1286
f 1252/558/1355 1255/559/1356 1179/484/1294 1178/477/1290
f 1255/559/1356 1258/560/1357 1180/489/1298 1179/484/1294
f 1258/560/1357 1261/561/1358 1181/494/1302 1180/489/1298
f 1261/561/1358 1264/562/1359 1182/499/1306 1181/494/1302
f 1264/562/1359 1267/563/1360 1183/504/1310 1182/499/1306
f 1267/563/1360 1270/564/1361 1184/509/1314 1183/504/1310
f 1270/564/1361 1273/565/1362 1185/514/1318 1184/509/1314
f 1273/565/1362 1276/566/1363 1186/519/1322 1185/514/1318
f 1276/566/1363 1279/567/1364 1187/526/1326 1186/519/1322
f 1279/567/1364 1282/568/1365 1188/532/1330 1187/526/1326
f 1282/568/1365 1285/569/1366 1189/537/1334 1188/532/1330
f 1285/569/1366 1190/538/1335 1158/377/1213 1189/537/1334
f 1030/570/1367 1192/571/1368 1283/572/1369
f 1283/572/1369 1192/571/1368 1191/573/1370 1284/574/1371
f 1284/574/1371 1191/573/1370 1190/538/1335 1285/569/1366
f 1030/570/1367 1283/572/1369 1280/575/1372
f 1280/575/1372 1283/572/1369 1284/574/1371 1281/576/1373
f 1281/576/1373 1284/574/1371 1285/569/1366 1282/568/1365
f 1030/570/1367 1280/575/1372 1277/577/1374
f 1277/577/1374 1280/575/1372 1281/576/1373 1278/578/1375
f 1278/578/1375 1281/576/1373 1282/568/1365 1279/567/1364
f 1030/570/1367 1277/577/1374 1274/579/1376
f 1274/579/1376 1277/577/1374 1278/578/1375 1275/580/1377
f 1275/580/1377 1278/578/1375 1279/567/1364 1276/566/1363
f 1030/570/1367 1274/579/1376 1271/581/1378
f 1271/581/1378 1274/579/1376 1275/580/1377 1272/582/1379
f 1272/582/1379 1275/580/1377 1276/566/1363 1273/565/1362
f 1030/570/1367 1271/581/1378 1268/583/1380
f 1268/583/1380 1271/581/1378 1272/582/1379 1269/584/1381
f 1269/584/1381 1272/582/1379 1273/565/1362 1270/564/1361
f 1030/570/1367 1268/583/1380 1265/585/1382
f 1265/585/1382 1268/583/1380 1269/584/1381 1266/586/1383
f 1266/586/1383 1269/584/1381 1270/564/1361 1267/563/1360
f 1030/570/1367 1265/585/1382 1262/587/1384
f 1262/587/1384 1265/585/1382 1266/586/1383 1263/588/1385
f 1263/588/1385 1266/586/1383 1267/563/1360 1264/562/1359
f 1030/570/1367 1262/587/1384 1259/589/1386
f 1259/589/1386 1262/587/1384 1263/588/1385 1260/590/1387
f 1260/590/1387 1263/588/1385 1264/562/1359 1261/561/1358
f 1030/570/1367 1259/589/1386 1256/591/1388
f 1256/591/1388 1259/589/1386 1260/590/1387 1257/592/1389
f 1257/592/1389 1260/590/1387 1261/561/1358 1258/560/1357
f 1030/570/1367 1256/591/1388 1253/593/1390
f 1253/593/1390 1256/591/1388 1257/592/1389 1254/594/1391
f 1254/594/1391 1257/592/1389 1258/560/1357 1255/559/1356
f 1030/570/1367 1253/593/1390 1250/595/1392
f 1250/595/1392 1253/593/1390 1254/594/1391 1251/596/1393
f 1251/596/1393 1254/594/1391 1255/559/1356 1252/558/1355
f 1030/570/1367 1250/595/1392 1247/597/1394
f 1247/597/1394 1250/595/1392 1251/596/1393 1248/598/1395
f 1248/598/1395 1251/596/1393 1252/558/1355 1249/557/1354
f 1030/570/1367 1247/597/1394 1244/599/1396
f 1244/599/1396 1247/597/1394 1248/598/1395 1245/600/1397
f 1245/600/1397 1248/598/1395 1249/557/1354 1246/556/1353
f 1030/570/1367 1244/599/1396 1241/601/1398
f 1241/601/1398 1244/599/1396 1245/600/1397 1242/602/1399
f 1242/602/1399 1245/600/1397 1246/556/1353 1243/555/1352
f 1030/570/1367 1241/601/1398 1238/603/1400
f 1238/603/1400 1241/601/1398 1242/602/1399 1239/604/1401
f 1239/604/1401 1242/602/1399 1243/555/1352 1240/554/1351
f 1030/570/1367 1238/603/1400 1235/605/1402
f 1235/605/1402 1238/603/1400 1239/604/1401 1236/606/1403
f 1236/606/1403 1239/604/1401 1240/554/1351 1237/553/1350
f 1030/570/1367 1235/605/1402 1232/607/1404
f 1232/607/1404 1235/605/1402 1236/606/1403 1233/608/1405
f 1233/608/1405 1236/606/1403 1237/553/1350 1234/552/1349
f 1030/570/1367 1232/607/1404 1229/609/1406
f 1229/609/1406 1232/607/1404 1233/608/1405 1230/610/1407
f 1230/610/1407 1233/608/1405 1234/552/1349 1231/551/1348
f 1030/570/1367 1229/609/1406 1226/611/1408
f 1226/611/1408 1229/609/1406 1230/610/1407 1227/612/1409
f 1227/612/1409 1230/610/1407 1231/551/1348 1228/550/1347
f 1030/570/1367 1226/611/1408 1223/613/1410
f 1223/613/1410 1226/611/1408 1227/612/1409 1224/614/1411
f 1224/614/1411 1227/612/1409 1228/550/1347 1225/549/1346
f 1030/570/1367 1223/613/1410 1220/615/1412
f 1220/615/1412 1223/613/1410 1224/614/1411 1221/616/1413
f 1221/616/1413 1224/614/1411 1225/549/1346 1222/548/1345
f 1030/570/1367 1220/615/1412 1217/617/1414
f 1217/617/1414 1220/615/1412 1221/616/1413 1218/618/1415
f 1218/618/1415 1221/616/1413 1222/548/1345 1219/547/1344
f 1030/570/1367 1217/617/1414 1214/619/1416
f 1214/619/1416 1217/617/1414 1218/618/1415 1215/620/1417
f 1215/620/1417 1218/618/1415 1219/547/1344 1216/546/1343
f 1030/570/1367 1214/619/1416 1211/621/1418
f 1211/621/1418 1214/619/1416 1215/620/1417 1212/622/1419
f 1212/622/1419 1215/620/1417 1216/546/1343 1213/545/1342
f 1030/570/1367 1211/621/1418 1208/623/1420
f 1208/623/1420 1211/621/1418 1212/622/1419 1209/624/1421
f 1209/624/1421 1212/622/1419 1213/545/1342 1210/544/1341
f 1030/570/1367 1208/623/1420 1205/625/1422
f 1205/625/1422 1208/623/1420 1209/624/1421 1206/626/1423
f 1206/626/1423 1209/624/1421 1210/544/1341 1207/543/1340
f 1030/570/1367 1205/625/1422 1202/627/1424
f 1202/627/1424 1205/625/1422 1206/626/1423 1203/628/1425
f 1203/628/1425 1206/626/1423 1207/543/1340 1204/542/1339
f 1030/570/1367 1202/627/1424 1199/629/1426
f 1199/629/1426 1202/627/1424 1203/628/1425 1200/630/1427
f 1200/630/1427 1203/628/1425 1204/542/1339 1201/541/1338
f 1030/570/1367 1199/629/1426 1196/631/1428
f 1196/631/1428 1199/629/1426 1200/630/1427 1197/632/1429
f 1197/632/1429 1200/630/1427 1201/541/1338 1198/540/1337
f 1030/570/1367 1196/631/1428 1193/633/1430
f 1193/633/1430 1196/631/1428 1197/632/1429 1194/634/1431
f 1194/634/1431 1197/632/1429 1198/540/1337 1195/539/1336
f 1030/570/1367 1193/633/1430 1192/571/1368
f 1192/571/1368 1193/633/1430 1194/634/1431 1191/573/1370
f 1191/573/1370 1194/634/1431 1195/539/1336 1190/538/1335
f 1291/215/1085 1286/236/1097 1288/635/947 1293/636/1432
f 1293/636/1432 1288/635/947 1289/637/1433 1292/638/1434
f 1292/638/1434 1289/637/1433 1287/151/1030 1290/185/1059
f 1295/216/1086 1291/215/1085 1293/636/1432 1297/639/1435
f 1297/639/1435 1293/636/1432 1292/638/1434 1296/640/1436
f 1296/640/1436 1292/638/1434 1290/185/1059 1294/162/1038
f 1299/224/1090 1295/216/1086 1297/639/1435 1301/641/1437
f 1301/641/1437 1297/639/1435 1296/640/1436 1300/642/1438
f 1300/642/1438 1296/640/1436 1294/162/1038 1298/161/1037
f 1303/228/1093 1299/224/1090 1301/641/1437 1305/643/1439
f 1305/643/1439 1301/641/1437 1300/642/1438 1304/644/1440
f 1304/644/1440 1300/642/1438 1298/161/1037 1302/169/1045
f 1307/1/1096 1303/2/1093 1305/3/1439 1309/4/1441
f 1309/1/1441 1305/2/1439 1304/3/1440 1308/4/1442
f 1308/645/1442 1304/646/1440 1302/174/1045 1306/173/1049
f 1311/1/1099 1307/2/1096 1309/3/1441 1313/4/1443
f 1313/1/1443 1309/2/1441 1308/3/1442 1312/4/1444
f 1312/647/1444 1308/645/1442 1306/173/1049 1310/183/1057
f 1315/1/1101 1311/2/1099 1313/3/1443 1317/4/1445
f 1317/1/1445 1313/2/1443 1312/3/1444 1316/4/1446
f 1316/648/1446 1312/647/1444 1310/183/1057 1314/189/1063
f 1319/1/1103 1315/2/1101 1317/3/1445 1321/4/1447
f 1321/1/1447 1317/2/1445 1316/3/1446 1320/4/1448
f 1320/649/1448 1316/648/1446 1314/189/1063 1318/195/1067
f 1323/1/1105 1319/2/1103 1321/3/1447 1325/4/1449
f 1325/1/1449 1321/2/1447 1320/3/1448 1324/4/1450
f 1324/650/1450 1320/649/1448 1318/195/1067 1322/199/1071
f 1327/1/1107 1323/2/1105 1325/3/1449 1329/4/1451
f 1329/1/1451 1325/2/1449 1324/3/1450 1328/4/1452
f 1328/651/1452 1324/650/1450 1322/199/1071 1326/203/1075
f 1331/1/1109 1327/2/1107 1329/3/1451 1333/4/1453
f 1333/1/1453 1329/2/1451 1328/3/1452 1332/4/1454
f 1332/652/1454 1328/651/1452 1326/203/1075 1330/207/1079
f 1335/1/1111 1331/2/1109 1333/3/1453 1337/4/1455
f 1337/1/1455 1333/2/1453 1332/3/1454 1336/4/1456
f 1336/653/1456 1332/652/1454 1330/207/1079 1334/211/1017
f 1339/267/1113 1335/266/1111 1337/654/1455 1341/655/1457
f 1341/655/1457 1337/654/1455 1336/656/1456 1340/657/1458
f 1340/657/1458 1336/656/1456 1334/138/1017 1338/137/1016
f 1343/213/1083 1339/267/1113 1341/655/1457 1345/658/1459
f 1345/658/1459 1341/655/1457 1340/657/1458 1344/659/1460
f 1344/659/1460 1340/657/1458 1338/137/1016 1342/145/1024
f 1347/214/1084 1343/213/1083 1345/658/1459 1349/660/1461
f 1349/660/1461 1345/658/1459 1344/659/1460 1348/661/1462
f 1348/661/1462 1344/659/1460 1342/145/1024 1346/149/1028
f 1351/222/1089 1347/214/1084 1349/660/1461 1353/662/986
f 1353/662/986 1349/660/1461 1348/661/1462 1352/663/1463
f 1352/663/1463 1348/661/1462 1346/149/1028 1350/159/1035
f 1355/226/1092 1351/222/1089 1353/662/986 1357/664/1464
f 1357/664/1464 1353/662/986 1352/663/1463 1356/665/1465
f 1356/665/1465 1352/663/1463 1350/159/1035 1354/167/1043
f 1359/230/1095 1355/226/1092 1357/664/1464 1361/666/1466
f 1361/666/1466 1357/664/1464 1356/665/1465 1360/667/1467
f 1360/667/1467 1356/665/1465 1354/167/1043 1358/171/1047
f 1363/238/1098 1359/230/1095 1361/666/1466 1365/668/1468
f 1365/668/1468 1361/666/1466 1360/667/1467 1364/669/1469
f 1364/669/1469 1360/667/1467 1358/171/1047 1362/181/1055
f 1367/241/1100 1363/238/1098 1365/668/1468 1369/670/1470
f 1369/670/1470 1365/668/1468 1364/669/1469 1368/671/1471
f 1368/671/1471 1364/669/1469 1362/181/1055 1366/187/1061
f 1371/244/1102 1367/241/1100 1369/670/1470 1373/672/1472
f 1373/672/1472 1369/670/1470 1368/671/1471 1372/673/1473
f 1372/673/1473 1368/671/1471 1366/187/1061 1370/674/1065
f 1375/675/1104 1371/676/1102 1373/677/1472 1377/678/1474
f 1377/678/1474 1373/677/1472 1372/679/1473 1376/680/1475
f 1376/681/1475 1372/682/1473 1370/191/1065 1374/197/1069
f 1379/683/1106 1375/675/1104 1377/678/1474 1381/684/1476
f 1381/684/1476 1377/678/1474 1376/680/1475 1380/685/1477
f 1380/686/1477 1376/681/1475 1374/197/1069 1378/201/1073
f 1383/687/1108 1379/683/1106 1381/684/1476 1385/688/1478
f 1385/688/1478 1381/684/1476 1380/685/1477 1384/689/1479
f 1384/690/1479 1380/686/1477 1378/201/1073 1382/205/1077
f 1387/691/1110 1383/687/1108 1385/688/1478 1389/692/1480
f 1389/692/1480 1385/688/1478 1384/689/1479 1388/693/1481
f 1388/694/1481 1384/690/1479 1382/205/1077 1386/209/1081
f 1391/695/1112 1387/691/1110 1389/692/1480 1393/696/1482
f 1393/696/1482 1389/692/1480 1388/693/1481 1392/697/1483
f 1392/698/1483 1388/694/1481 1386/209/1081 1390/142/1021
f 1395/699/1114 1391/695/1112 1393/696/1482 1397/700/1484
f 1397/700/1484 1393/696/1482 1392/697/1483 1396/701/1485
f 1396/702/1485 1392/698/1483 1390/142/1021 1394/141/1020
f 1399/271/1087 1395/269/1114 1397/703/1484 1401/704/1486
f 1401/704/1486 1397/703/1484 1396/702/1485 1400/705/1487
f 1400/705/1487 1396/702/1485 1394/141/1020 1398/147/1026
f 1403/220/1088 1399/219/1087 1401/706/1486 1405/707/1488
f 1405/707/1488 1401/706/1486 1400/708/1487 1404/709/1489
f 1404/709/1489 1400/708/1487 1398/156/1026 1402/155/1033
f 1407/225/1091 1403/220/1088 1405/707/1488 1409/710/1490
f 1409/710/1490 1405/707/1488 1404/709/1489 1408/711/1491
f 1408/711/1491 1404/709/1489 1402/155/1033 1406/165/1041
f 1411/229/1094 1407/225/1091 1409/710/1490 1413/712/1492
f 1413/712/1492 1409/710/1490 1408/711/1491 1412/713/1493
f 1412/713/1493 1408/711/1491 1406/165/1041 1410/152/1031
f 1286/236/1097 1411/229/1094 1413/712/1492 1288/635/947
f 1288/635/947 1413/712/1492 1412/713/1493 1289/637/1433
f 1289/637/1433 1412/713/1493 1410/152/1031 1287/151/1030
f 1419/186/1060 1414/154/1030 1416/714/1494 1421/715/1495
f 1421/715/1495 1416/714/1494 1417/716/1496 1420/717/1497
f 1420/717/1497 1417/716/1496 1415/178/1052 1418/177/1051
f 1423/163/1039 1419/186/1060 1421/715/1495 1425/718/1498
f 1425/718/1498 1421/715/1495 1420/717/1497 1424/719/1499
f 1424/719/1499 1420/717/1497 1418/177/1051 1422/276/1123
f 1427/164/1040 1423/163/1039 1425/718/1498 1429/720/1500
f 1429/720/1500 1425/718/1498 1424/719/1499 1428/721/1501
f 1428/721/1501 1424/719/1499 1422/276/1123 1426/320/1167
f 1431/170/1046 1427/164/1040 1429/720/1500 1433/722/1502
f 1433/722/1502 1429/720/1500 1428/721/1501 1432/723/1503
f 1432/1/1503 1428/2/1501 1426/3/1167 1430/4/1173
f 1435/176/1050 1431/175/1046 1433/724/1502 1437/725/1504
f 1437/725/1504 1433/724/1502 1432/726/1503 1436/727/1505
f 1436/1/1505 1432/2/1503 1430/3/1173 1434/4/1120
f 1439/184/1058 1435/176/1050 1437/725/1504 1441/728/1506
f 1441/728/1506 1437/725/1504 1436/727/1505 1440/729/1507
f 1440/1/1507 1436/2/1505 1434/3/1120 1438/4/1119
f 1443/190/1064 1439/184/1058 1441/728/1506 1445/730/1508
f 1445/730/1508 1441/728/1506 1440/729/1507 1444/731/1509
f 1444/731/1509 1440/729/1507 1438/281/1119 1442/280/1127
f 1447/196/1068 1443/190/1064 1445/730/1508 1449/732/1510
f 1449/732/1510 1445/730/1508 1444/731/1509 1448/733/1511
f 1448/733/1511 1444/731/1509 1442/280/1127 1446/288/1131
f 1451/200/1072 1447/196/1068 1449/732/1510 1453/734/1512
f 1453/734/1512 1449/732/1510 1448/733/1511 1452/735/1513
f 1452/735/1513 1448/733/1511 1446/288/1131 1450/290/1135
f 1455/204/1076 1451/200/1072 1453/734/1512 1457/736/1514
f 1457/736/1514 1453/734/1512 1452/735/1513 1456/737/1515
f 1456/737/1515 1452/735/1513 1450/290/1135 1454/292/1139
f 1459/208/1080 1455/204/1076 1457/736/1514 1461/738/1516
f 1461/738/1516 1457/736/1514 1456/737/1515 1460/739/1517
f 1460/739/1517 1456/737/1515 1454/292/1139 1458/298/1143
f 1463/212/1018 1459/208/1080 1461/738/1516 1465/740/1518
f 1465/740/1518 1461/738/1516 1460/739/1517 1464/741/1519
f 1464/1/1519 1460/2/1517 1458/3/1143 1462/4/1147
f 1467/140/1019 1463/139/1018 1465/742/1518 1469/743/1520
f 1469/743/1520 1465/742/1518 1464/744/1519 1468/745/1521
f 1468/1/1521 1464/2/1519 1462/3/1147 1466/4/1151
f 1471/146/1025 1467/140/1019 1469/743/1520 1473/746/1522
f 1473/746/1522 1469/743/1520 1468/745/1521 1472/747/1523
f 1472/747/1523 1468/745/1521 1466/303/1151 1470/302/1155
f 1475/150/1029 1471/146/1025 1473/746/1522 1477/748/1524
f 1477/748/1524 1473/746/1522 1472/747/1523 1476/749/1525
f 1476/749/1525 1472/747/1523 1470/302/1155 1474/310/1159
f 1479/160/1036 1475/150/1029 1477/748/1524 1481/750/1526
f 1481/750/1526 1477/748/1524 1476/749/1525 1480/751/1527
f 1480/751/1527 1476/749/1525 1474/310/1159 1478/318/1165
f 1483/168/1044 1479/160/1036 1481/750/1526 1485/752/1528
f 1485/752/1528 1481/750/1526 1480/751/1527 1484/753/1529
f 1484/753/1529 1480/751/1527 1478/318/1165 1482/324/1171
f 1487/172/1048 1483/168/1044 1485/752/1528 1489/754/1530
f 1489/754/1530 1485/752/1528 1484/753/1529 1488/755/1531
f 1488/755/1531 1484/753/1529 1482/324/1171 1486/273/1116
f 1491/182/1056 1487/172/1048 1489/754/1530 1493/756/1532
f 1493/756/1532 1489/754/1530 1488/755/1531 1492/757/1533
f 1492/757/1533 1488/755/1531 1486/273/1116 1490/272/1115
f 1495/188/1062 1491/182/1056 1493/756/1532 1497/758/1534
f 1497/758/1534 1493/756/1532 1492/757/1533 1496/759/1535
f 1496/759/1535 1492/757/1533 1490/272/1115 1494/278/1125
f 1499/194/1066 1495/193/1062 1497/760/1534 1501/761/1536
f 1501/761/1536 1497/760/1534 1496/762/1535 1500/763/1537
f 1500/763/1537 1496/762/1535 1494/285/1125 1498/284/1129
f 1503/198/1070 1499/194/1066 1501/761/1536 1505/764/1538
f 1505/764/1538 1501/761/1536 1500/763/1537 1504/765/1539
f 1504/766/1539 1500/767/1537 1498/768/1129 1502/769/1133
f 1507/202/1074 1503/198/1070 1505/764/1538 1509/770/1540
f 1509/770/1540 1505/764/1538 1504/765/1539 1508/771/1541
f 1508/772/1541 1504/766/1539 1502/769/1133 1506/773/1137
f 1511/206/1078 1507/202/1074 1509/770/1540 1513/774/1542
f 1513/774/1542 1509/770/1540 1508/771/1541 1512/775/1543
f 1512/775/1543 1508/771/1541 1506/295/1137 1510/294/1141
f 1515/210/1082 1511/206/1078 1513/774/1542 1517/776/1544
f 1517/776/1544 1513/774/1542 1512/775/1543 1516/777/1545
f 1516/777/1545 1512/775/1543 1510/294/1141 1514/300/1145
f 1519/143/1022 1515/210/1082 1517/776/1544 1521/778/1546
f 1521/778/1546 1517/776/1544 1516/777/1545 1520/779/1547
f 1520/780/1547 1516/781/1545 1514/782/1145 1518/783/1149
f 1523/144/1023 1519/143/1022 1521/778/1546 1525/784/1548
f 1525/784/1548 1521/778/1546 1520/779/1547 1524/785/1549
f 1524/786/1549 1520/780/1547 1518/783/1149 1522/787/1153
f 1527/148/1027 1523/144/1023 1525/784/1548 1529/788/1550
f 1529/788/1550 1525/784/1548 1524/785/1549 1528/789/1551
f 1528/789/1551 1524/785/1549 1522/307/1153 1526/306/1157
f 1531/158/1034 1527/157/1027 1529/790/1550 1533/791/1552
f 1533/791/1552 1529/790/1550 1528/792/1551 1532/793/1553
f 1532/793/1553 1528/792/1551 1526/315/1157 1530/314/1163
f 1535/166/1042 1531/158/1034 1533/791/1552 1537/794/1554
f 1537/794/1554 1533/791/1552 1532/793/1553 1536/795/1555
f 1536/795/1555 1532/793/1553 1530/314/1163 1534/322/1169
f 1539/153/1032 1535/166/1042 1537/794/1554 1541/796/1556
f 1541/796/1556 1537/794/1554 1536/795/1555 1540/797/1557
f 1540/797/1557 1536/795/1555 1534/322/1169 1538/312/1161
f 1414/154/1030 1539/153/1032 1541/796/1556 1416/714/1494
f 1416/714/1494 1541/796/1556 1540/797/1557 1417/716/1496
f 1417/716/1496 1540/797/1557 1538/312/1161 1415/178/1052
f 1290/185/1059 1287/151/1030 1414/154/1030 1419/186/1060
f 1547/1/955 1542/2/408 1544/3/1558 1549/4/1559
f 1549/798/1559 1544/799/1558 1545/800/1560 1548/801/1561
f 1548/802/1561 1545/803/1560 1543/804/1562 1546/805/1563
f 1551/1/924 1547/2/955 1549/3/1559 1553/4/1564
f 1553/806/1564 1549/798/1559 1548/801/1561 1552/807/1565
f 1552/808/1565 1548/802/1561 1546/805/1563 1550/809/1566
f 1555/810/925 1551/811/924 1553/812/1564 1557/813/1567
f 1557/814/1567 1553/806/1564 1552/807/1565 1556/815/1568
f 1556/816/1568 1552/808/1565 1550/809/1566 1554/817/1569
f 1559/1/937 1555/2/925 1557/3/1567 1561/4/1570
f 1561/818/1570 1557/813/1567 1556/819/1568 1560/820/1571
f 1560/821/1571 1556/816/1568 1554/817/1569 1558/822/1572
f 1563/1/943 1559/2/937 1561/3/1570 1565/4/1573
f 1565/1/1573 1561/2/1570 1560/3/1571 1564/4/1574
f 1564/823/1574 1560/821/1571 1558/822/1572 1562/824/1575
f 1567/1/953 1563/2/943 1565/3/1573 1569/4/1576
f 1569/825/1576 1565/826/1573 1564/827/1574 1568/828/1577
f 1568/829/1577 1564/823/1574 1562/824/1575 1566/830/1578
f 1571/1/932 1567/2/953 1569/3/1576 1573/4/1579
f 1573/831/1579 1569/825/1576 1568/828/1577 1572/832/1580
f 1572/833/1580 1568/829/1577 1566/830/1578 1570/834/1581
f 1575/1/933 1571/2/932 1573/3/1579 1577/4/1582
f 1577/835/1582 1573/831/1579 1572/832/1580 1576/836/1583
f 1576/837/1583 1572/833/1580 1570/834/1581 1574/838/1584
f 1579/1/940 1575/2/933 1577/3/1582 1581/4/1585
f 1581/839/1585 1577/835/1582 1576/836/1583 1580/840/1586
f 1580/841/1586 1576/837/1583 1574/838/1584 1578/842/1587
f 1583/1/950 1579/2/940 1581/3/1585 1585/4/1588
f 1585/843/1588 1581/839/1585 1580/840/1586 1584/844/1589
f 1584/845/1589 1580/841/1586 1578/842/1587 1582/846/1590
f 1587/1/926 1583/2/950 1585/3/1588 1589/4/1591
f 1589/847/1591 1585/843/1588 1584/844/1589 1588/848/1592
f 1588/849/1592 1584/845/1589 1582/846/1590 1586/850/1593
f 1591/1/927 1587/2/926 1589/3/1591 1593/4/1594
f 1593/1/1594 1589/2/1591 1588/3/1592 1592/4/1595
f 1592/851/1595 1588/849/1592 1586/850/1593 1590/852/1596
f 1595/76/938 1591/75/927 1593/853/1594 1597/854/1597
f 1597/854/1597 1593/853/1594 1592/855/1595 1596/856/1598
f 1596/857/1598 1592/851/1595 1590/852/1596 1594/858/1599
f 1599/79/944 1595/76/938 1597/854/1597 1601/859/1600
f 1601/860/1600 1597/861/1597 1596/862/1598 1600/863/1601
f 1600/864/1601 1596/857/1598 1594/858/1599 1598/865/1602
f 1603/84/954 1599/79/944 1601/859/1600 1605/866/1603
f 1605/867/1603 1601/860/1600 1600/863/1601 1604/868/1604
f 1604/869/1604 1600/864/1601 1598/865/1602 1602/870/1605
f 1607/73/934 1603/84/954 1605/866/1603 1609/871/1606
f 1609/872/1606 1605/867/1603 1604/868/1604 1608/873/1607
f 1608/874/1607 1604/869/1604 1602/870/1605 1606/875/1608
f 1611/74/935 1607/73/934 1609/871/1606 1613/876/1609
f 1613/877/1609 1609/872/1606 1608/873/1607 1612/878/1610
f 1612/879/1610 1608/874/1607 1606/875/1608 1610/880/1611
f 1615/77/941 1611/74/935 1613/876/1609 1617/881/1612
f 1617/882/1612 1613/877/1609 1612/878/1610 1616/883/1613
f 1616/884/1613 1612/879/1610 1610/880/1611 1614/885/1614
f 1619/886/951 1615/77/941 1617/881/1612 1621/887/1615
f 1621/888/1615 1617/882/1612 1616/883/1613 1620/889/1616
f 1620/890/1616 1616/884/1613 1614/885/1614 1618/891/1617
f 1623/892/928 1619/886/951 1621/887/1615 1625/893/1618
f 1625/894/1618 1621/888/1615 1620/889/1616 1624/895/1619
f 1624/896/1619 1620/890/1616 1618/891/1617 1622/897/1620
f 1627/898/929 1623/892/928 1625/893/1618 1629/899/1621
f 1629/900/1621 1625/901/1618 1624/902/1619 1628/903/1622
f 1628/904/1622 1624/896/1619 1622/897/1620 1626/905/1623
f 1631/1/939 1627/2/929 1629/3/1621 1633/4/1624
f 1633/906/1624 1629/900/1621 1628/903/1622 1632/907/1625
f 1632/908/1625 1628/904/1622 1626/905/1623 1630/909/1626
f 1635/1/945 1631/2/939 1633/3/1624 1637/4/1627
f 1637/910/1627 1633/906/1624 1632/907/1625 1636/911/1628
f 1636/912/1628 1632/908/1625 1630/909/1626 1634/913/1629
f 1639/1/922 1635/2/945 1637/3/1627 1641/4/1630
f 1641/914/1630 1637/910/1627 1636/911/1628 1640/915/1631
f 1640/916/1631 1636/912/1628 1634/913/1629 1638/917/1632
f 1643/1/923 1639/2/922 1641/3/1630 1645/4/1633
f 1645/918/1633 1641/914/1630 1640/915/1631 1644/919/1634
f 1644/920/1634 1640/916/1631 1638/917/1632 1642/921/1635
f 1647/1/936 1643/2/923 1645/3/1633 1649/4/1636
f 1649/922/1636 1645/918/1633 1644/919/1634 1648/923/1637
f 1648/924/1637 1644/920/1634 1642/921/1635 1646/925/1638
f 1651/1/942 1647/2/936 1649/3/1636 1653/4/1639
f 1653/926/1639 1649/922/1636 1648/923/1637 1652/927/1640
f 1652/928/1640 1648/924/1637 1646/925/1638 1650/929/1641
f 1655/1/952 1651/2/942 1653/3/1639 1657/4/1642
f 1657/930/1642 1653/926/1639 1652/927/1640 1656/931/1643
f 1656/932/1643 1652/928/1640 1650/929/1641 1654/933/1644
f 1659/1/930 1655/2/952 1657/3/1642 1661/4/1645
f 1661/934/1645 1657/935/1642 1656/932/1643 1660/936/1646
f 1660/936/1646 1656/932/1643 1654/933/1644 1658/937/1647
f 1663/1/931 1659/2/930 1661/3/1645 1665/4/1648
f 1665/938/1648 1661/939/1645 1660/940/1646 1664/941/1649
f 1664/942/1649 1660/936/1646 1658/937/1647 1662/943/1650
f 1667/1/407 1663/2/931 1665/3/1648 1669/4/1651
f 1669/944/1651 1665/938/1648 1664/941/1649 1668/945/1652
f 1668/946/1652 1664/942/1649 1662/943/1650 1666/947/1653
f 1542/1/408 1667/2/407 1669/3/1651 1544/4/1558
f 1544/799/1558 1669/944/1651 1668/945/1652 1545/800/1560
f 1545/803/1560 1668/946/1652 1666/947/1653 1543/804/1562
f 1546/805/1563 1543/804/1562 1671/948/1654 1675/949/1655
f 1675/950/1655 1671/951/1654 1672/952/1656 1674/953/1657
f 1674/954/1657 1672/955/1656 1670/81/947 1673/80/946
f 1550/809/1566 1546/805/1563 1675/949/1655 1678/956/1658
f 1678/957/1658 1675/950/1655 1674/953/1657 1677/958/1659
f 1677/958/1659 1674/953/1657 1673/120/946 1676/119/989
f 1554/817/1569 1550/809/1566 1678/956/1658 1681/959/1660
f 1681/960/1660 1678/957/1658 1677/958/1659 1680/961/1661
f 1680/962/1661 1677/963/1659 1676/964/989 1679/965/988
f 1558/822/1572 1554/817/1569 1681/959/1660 1684/966/1662
f 1684/966/1662 1681/959/1660 1680/967/1661 1683/968/1663
f 1683/969/1663 1680/962/1661 1679/965/988 1682/970/996
f 1562/824/1575 1558/822/1572 1684/966/1662 1687/971/1664
f 1687/971/1664 1684/966/1662 1683/968/1663 1686/972/1665
f 1686/1/1665 1683/2/1663 1682/3/996 1685/4/1000
f 1566/830/1578 1562/824/1575 1687/971/1664 1690/973/1666
f 1690/973/1666 1687/971/1664 1686/972/1665 1689/974/1667
f 1689/1/1667 1686/2/1665 1685/3/1000 1688/4/1004
f 1570/834/1581 1566/830/1578 1690/973/1666 1693/975/1668
f 1693/976/1668 1690/977/1666 1689/978/1667 1692/979/1669
f 1692/979/1669 1689/978/1667 1688/128/1004 1691/127/1008
f 1574/838/1584 1570/834/1581 1693/975/1668 1696/980/1670
f 1696/981/1670 1693/976/1668 1692/979/1669 1695/982/1671
f 1695/982/1671 1692/979/1669 1691/127/1008 1694/133/1012
f 1578/842/1587 1574/838/1584 1696/980/1670 1699/983/1672
f 1699/984/1672 1696/981/1670 1695/982/1671 1698/985/1673
f 1698/1/1673 1695/2/1671 1694/3/1012 1697/4/957
f 1582/846/1590 1578/842/1587 1699/983/1672 1702/986/1674
f 1702/987/1674 1699/984/1672 1698/985/1673 1701/988/1675
f 1701/1/1675 1698/2/1673 1697/3/957 1700/4/956
f 1586/850/1593 1582/846/1590 1702/986/1674 1705/989/1676
f 1705/989/1676 1702/986/1674 1701/990/1675 1704/991/1677
f 1704/1/1677 1701/2/1675 1700/3/956 1703/4/964
f 1590/852/1596 1586/850/1593 1705/989/1676 1708/992/1678
f 1708/992/1678 1705/989/1676 1704/991/1677 1707/993/1679
f 1707/1/1679 1704/2/1677 1703/3/964 1706/4/968
f 1594/858/1599 1590/852/1596 1708/992/1678 1711/994/1680
f 1711/994/1680 1708/992/1678 1707/993/1679 1710/995/1681
f 1710/1/1681 1707/2/1679 1706/3/968 1709/4/972
f 1598/865/1602 1594/858/1599 1711/994/1680 1714/996/1682
f 1714/996/1682 1711/994/1680 1710/995/1681 1713/997/1683
f 1713/1/1683 1710/2/1681 1709/3/972 1712/4/976
f 1602/870/1605 1598/865/1602 1714/996/1682 1717/998/1684
f 1717/998/1684 1714/996/1682 1713/997/1683 1716/999/1685
f 1716/1000/1685 1713/1001/1683 1712/102/976 1715/101/980
f 1606/875/1608 1602/870/1605 1717/998/1684 1720/1002/1686
f 1720/1003/1686 1717/1004/1684 1716/1000/1685 1719/1005/1687
f 1719/1/1687 1716/2/1685 1715/3/980 1718/4/986
f 1610/880/1611 1606/875/1608 1720/1002/1686 1723/1006/1688
f 1723/1007/1688 1720/1003/1686 1719/1005/1687 1722/1008/1689
f 1722/1009/1689 1719/1010/1687 1718/1011/986 1721/1012/994
f 1614/885/1614 1610/880/1611 1723/1006/1688 1726/1013/1690
f 1726/1014/1690 1723/1007/1688 1722/1008/1689 1725/1015/1691
f 1725/1015/1691 1722/1008/1689 1721/116/994 1724/115/998
f 1618/891/1617 1614/885/1614 1726/1013/1690 1729/1016/1692
f 1729/1016/1692 1726/1013/1690 1725/1017/1691 1728/1018/1693
f 1728/1019/1693 1725/1020/1691 1724/1021/998 1727/124/1002
f 1622/897/1620 1618/891/1617 1729/1016/1692 1732/1022/1694
f 1732/1022/1694 1729/1016/1692 1728/1018/1693 1731/1023/1695
f 1731/1024/1695 1728/1019/1693 1727/124/1002 1730/123/1006
f 1626/905/1623 1622/897/1620 1732/1022/1694 1735/1025/1696
f 1735/1025/1696 1732/1022/1694 1731/1023/1695 1734/1026/1697
f 1734/1027/1697 1731/1024/1695 1730/123/1006 1733/131/1010
f 1630/909/1626 1626/905/1623 1735/1025/1696 1738/1028/1698
f 1738/1028/1698 1735/1025/1696 1734/1026/1697 1737/1029/1699
f 1737/1030/1699 1734/1027/1697 1733/131/1010 1736/135/1014
f 1634/913/1629 1630/909/1626 1738/1028/1698 1741/1031/1700
f 1741/1032/1700 1738/1033/1698 1737/1034/1699 1740/1035/1701
f 1740/1036/1701 1737/1030/1699 1736/135/1014 1739/86/961
f 1638/917/1632 1634/913/1629 1741/1031/1700 1744/1037/1702
f 1744/1038/1702 1741/1032/1700 1740/1035/1701 1743/1039/1703
f 1743/1040/1703 1740/1036/1701 1739/86/961 1742/85/960
f 1642/921/1635 1638/917/1632 1744/1037/1702 1747/1041/1704
f 1747/1042/1704 1744/1038/1702 1743/1039/1703 1746/1043/1705
f 1746/1044/1705 1743/1040/1703 1742/85/960 1745/89/966
f 1646/925/1638 1642/921/1635 1747/1041/1704 1750/1045/1706
f 1750/1046/1706 1747/1042/1704 1746/1043/1705 1749/1047/1707
f 1749/1047/1707 1746/1043/1705 1745/92/966 1748/91/970
f 1650/929/1641 1646/925/1638 1750/1045/1706 1753/1048/1708
f 1753/1049/1708 1750/1046/1706 1749/1047/1707 1752/1050/1709
f 1752/1051/1709 1749/1052/1707 1748/96/970 1751/95/974
f 1654/933/1644 1650/929/1641 1753/1048/1708 1756/1053/1710
f 1756/1053/1710 1753/1048/1708 1752/1054/1709 1755/1055/1711
f 1755/1056/1711 1752/1051/1709 1751/95/974 1754/99/978
f 1658/937/1647 1654/933/1644 1756/1053/1710 1759/1057/1712
f 1759/1057/1712 1756/1053/1710 1755/1055/1711 1758/1058/1713
f 1758/1059/1713 1755/1056/1711 1754/99/978 1757/107/984
f 1662/943/1650 1658/937/1647 1759/1057/1712 1762/1060/1714
f 1762/1060/1714 1759/1057/1712 1758/1058/1713 1761/1061/1715
f 1761/1062/1715 1758/1059/1713 1757/107/984 1760/109/992
f 1666/947/1653 1662/943/1650 1762/1060/1714 1765/1063/1716
f 1765/1064/1716 1762/1065/1714 1761/1066/1715 1764/1067/1717
f 1764/1067/1717 1761/1066/1715 1760/112/992 1763/111/982
f 1543/804/1562 1666/947/1653 1765/1063/1716 1671/948/1654
f 1671/951/1654 1765/1064/1716 1764/1067/1717 1672/952/1656
f 1672/955/1656 1764/1068/1717 1763/105/982 1670/81/947
o ikea_pokla_glass_22oz_Cylinder.007
v 0.607265 0.000000 0.317505
v 0.563045 0.000000 0.317505
v 0.653685 0.000000 0.323845
v 0.651415 0.000000 0.324785
v 0.518895 0.000000 0.324785
v 0.612490 0.549715 0.359605
v 0.612510 0.566035 0.368510
v 0.557815 0.549715 0.359605
v 0.561260 0.565965 0.368445
v 0.560290 0.524765 0.350285
v 0.559545 0.513750 0.347085
v 0.610020 0.524765 0.350285
v 0.610765 0.513750 0.347085
v 0.656810 0.527550 0.359360
v 0.660265 0.513750 0.355615
v 0.513995 0.528105 0.359340
v 0.510070 0.513750 0.355625
v 0.643525 0.548330 0.363375
v 0.527510 0.548285 0.363225
v 0.655985 0.012405 0.327370
v 0.607225 0.012405 0.321475
v 0.563080 0.012405 0.321475
v 0.518030 0.012405 0.328905
v 0.652280 0.012405 0.328905
v 0.585155 0.000000 0.317505
v 0.585320 0.568465 0.369290
v 0.585155 0.549715 0.359605
v 0.585155 0.513750 0.347085
v 0.585155 0.524765 0.350285
v 0.585155 0.012405 0.321475
v 0.629125 0.000000 0.251495
v 0.679755 0.000000 0.287475
v 0.678775 0.000000 0.206790
v 0.648695 0.000000 0.240195
v 0.744490 0.549715 0.282285
v 0.751530 0.565135 0.286960
v 0.705830 0.549715 0.320945
v 0.711465 0.564765 0.326690
v 0.700990 0.524765 0.312605
v 0.698195 0.513750 0.310865
v 0.736150 0.524765 0.277445
v 0.734415 0.513750 0.274650
v 0.775655 0.527550 0.250775
v 0.775445 0.513750 0.245680
v 0.674655 0.528105 0.351740
v 0.669250 0.513750 0.351895
v 0.769110 0.548315 0.263015
v 0.686985 0.548280 0.344950
v 0.752450 0.012405 0.228735
v 0.713805 0.012405 0.259045
v 0.682590 0.012405 0.290260
v 0.750915 0.012405 0.232440
v 0.695390 0.000000 0.271840
v 0.732065 0.568435 0.308265
v 0.725160 0.549715 0.301615
v 0.716305 0.513750 0.292760
v 0.718570 0.524765 0.295025
v 0.698200 0.012405 0.274650
v 0.692670 0.000000 0.141435
v 0.687970 0.000000 0.186145
v 0.665495 0.000000 0.080400
v 0.687970 0.000000 0.119330
v 0.783155 0.549715 0.134270
v 0.791640 0.565630 0.135005
v 0.783155 0.549715 0.188945
v 0.790190 0.564375 0.188205
v 0.773835 0.524765 0.186470
v 0.770630 0.513750 0.187215
v 0.773835 0.524765 0.136745
v 0.770630 0.513750 0.136000
v 0.782910 0.527550 0.089955
v 0.779160 0.513750 0.086500
v 0.782885 0.528105 0.232765
v 0.779170 0.513750 0.236695
v 0.788620 0.560300 0.102585
v 0.781680 0.560560 0.080065
v 0.786915 0.548305 0.103220
v 0.786825 0.548235 0.219265
v 0.750915 0.012405 0.090775
v 0.745020 0.012405 0.139535
v 0.745020 0.012405 0.183680
v 0.752450 0.012405 0.094480
v 0.692670 0.000000 0.164035
v 0.792950 0.568485 0.161385
v 0.783155 0.549715 0.161610
v 0.770630 0.513750 0.161610
v 0.773835 0.524765 0.161610
v 0.745020 0.012405 0.161610
v 0.679755 0.000000 0.035740
v 0.648695 0.000000 0.065275
v 0.651415 -0.000000 -0.001570
v 0.653685 -0.000000 -0.000625
v 0.705830 0.549715 0.002270
v 0.712370 0.566230 -0.004135
v 0.744490 0.549715 0.040935
v 0.749240 0.566485 0.032475
v 0.736150 0.524765 0.045775
v 0.734415 0.513750 0.048565
v 0.700990 0.524765 0.010610
v 0.698195 0.513750 0.012350
v 0.674320 0.527550 -0.028890
v 0.669225 0.513750 -0.028685
v 0.775285 0.528105 0.072110
v 0.775440 0.513750 0.077510
v 0.686545 0.548340 -0.022330
v 0.768470 0.548315 0.059790
v 0.652280 0.012405 -0.005690
v 0.682590 0.012405 0.032955
v 0.713805 0.012405 0.064175
v 0.655985 0.012405 -0.004155
v 0.629125 0.000000 0.053975
v 0.731955 0.568640 0.013720
v 0.725160 0.549715 0.021600
v 0.716305 0.513750 0.030460
v 0.718570 0.524765 0.028190
v 0.698195 0.012405 0.048565
v 0.563045 0.000000 0.005715
v 0.607265 0.000000 0.005715
v 0.516625 -0.000000 -0.000625
v 0.518895 -0.000000 -0.001570
v 0.557815 0.549715 -0.036390
v 0.557255 0.565395 -0.045460
v 0.612490 0.549715 -0.036390
v 0.608695 0.565655 -0.045420
v 0.610020 0.524765 -0.027070
v 0.610765 0.513750 -0.023865
v 0.560290 0.524765 -0.027070
v 0.559545 0.513750 -0.023865
v 0.513500 0.527550 -0.036145
v 0.510045 0.513750 -0.032395
v 0.656310 0.528105 -0.036120
v 0.660240 0.513750 -0.032410
v 0.526780 0.548320 -0.040165
v 0.642805 0.548270 -0.040015
v 0.514320 0.012405 -0.004155
v 0.563080 0.012405 0.001740
v 0.607225 0.012405 0.001740
v 0.518030 0.012405 -0.005690
v 0.585155 0.000000 0.005715
v 0.584915 0.567960 -0.043955
v 0.585155 0.549715 -0.036390
v 0.585155 0.513750 -0.023865
v 0.585155 0.524765 -0.027070
v 0.585155 0.012405 0.001740
v 0.521610 0.000000 0.065275
v 0.490555 0.000000 0.035740
v 0.482340 0.000000 0.119330
v 0.504815 0.000000 0.080400
v 0.425815 0.549715 0.040935
v 0.420530 0.565125 0.034205
v 0.464480 0.549715 0.002270
v 0.457690 0.564690 -0.002380
v 0.469320 0.524765 0.010610
v 0.472110 0.513750 0.012350
v 0.434155 0.524765 0.045775
v 0.435895 0.513750 0.048565
v 0.394655 0.527550 0.072440
v 0.394860 0.513750 0.077535
v 0.495655 0.528105 -0.028525
v 0.501055 0.513750 -0.028675
v 0.401210 0.548300 0.060250
v 0.483350 0.548265 -0.021730
v 0.417855 0.012405 0.094480
v 0.456505 0.012405 0.064175
v 0.487720 0.012405 0.032955
v 0.419390 0.012405 0.090775
v 0.541185 0.000000 0.053975
v 0.438110 0.568480 0.014810
v 0.445150 0.549715 0.021600
v 0.454005 0.513750 0.030460
v 0.451740 0.524765 0.028190
v 0.472110 0.012405 0.048565
v 0.482340 0.000000 0.186145
v 0.477640 0.000000 0.141435
v 0.521610 0.000000 0.240195
v 0.491530 0.000000 0.206790
v 0.387155 0.549715 0.188945
v 0.378445 0.565860 0.189860
v 0.387155 0.549715 0.134270
v 0.377950 0.566175 0.137485
v 0.396475 0.524765 0.136745
v 0.399680 0.513750 0.136000
v 0.396475 0.524765 0.186470
v 0.399680 0.513750 0.187215
v 0.387470 0.527505 0.233285
v 0.391150 0.513750 0.236720
v 0.387425 0.528105 0.090450
v 0.391135 0.513750 0.086520
v 0.381830 0.548035 0.217825
v 0.383555 0.548305 0.103970
v 0.419390 0.012405 0.232440
v 0.425285 0.012405 0.183680
v 0.425285 0.012405 0.139535
v 0.417855 0.012405 0.228735
v 0.477640 0.000000 0.164035
v 0.375810 0.568840 0.161700
v 0.387155 0.549715 0.161610
v 0.399680 0.513750 0.161610
v 0.396475 0.524765 0.161610
v 0.425285 0.012405 0.161610
v 0.490555 0.000000 0.287475
v 0.541185 0.000000 0.251495
v 0.516625 0.000000 0.323845
v 0.464480 0.549715 0.320945
v 0.458005 0.565615 0.326970
v 0.425815 0.549715 0.282285
v 0.421760 0.565520 0.290345
v 0.434155 0.524765 0.277445
v 0.435895 0.513750 0.274650
v 0.469320 0.524765 0.312605
v 0.472110 0.513750 0.310865
v 0.495990 0.527550 0.352110
v 0.501085 0.513750 0.351900
v 0.395020 0.528105 0.251110
v 0.394870 0.513750 0.245705
v 0.483780 0.548320 0.345550
v 0.401825 0.548280 0.263410
v 0.487720 0.012405 0.290260
v 0.456505 0.012405 0.259045
v 0.514320 0.012405 0.327370
v 0.474920 0.000000 0.271840
v 0.438330 0.568495 0.308665
v 0.445150 0.549715 0.301615
v 0.454005 0.513750 0.292760
v 0.451740 0.524765 0.295025
v 0.472110 0.012405 0.274650
v 0.652550 0.000000 0.324315
v 0.654135 0.012405 0.328140
v 0.665495 0.000000 0.225075
v 0.751685 0.012405 0.230590
v 0.585155 0.599285 -0.058555
v 0.628105 0.599285 -0.054320
v 0.669405 0.599285 -0.041795
v 0.707470 0.599285 -0.021450
v 0.740830 0.599285 0.005930
v 0.768210 0.599285 0.039295
v 0.788555 0.599285 0.077355
v 0.801085 0.599285 0.118655
v 0.805315 0.599285 0.161610
v 0.801085 0.599285 0.204560
v 0.788555 0.599285 0.245860
v 0.768210 0.599285 0.283925
v 0.740830 0.599285 0.317285
v 0.707470 0.599285 0.344665
v 0.669405 0.599285 0.365010
v 0.628105 0.599285 0.377540
v 0.585155 0.599285 0.381770
v 0.542205 0.599285 0.377540
v 0.500900 0.599285 0.365010
v 0.462840 0.599285 0.344665
v 0.429475 0.599285 0.317285
v 0.402095 0.599285 0.283925
v 0.381750 0.599285 0.245860
v 0.369225 0.599285 0.204560
v 0.364995 0.599285 0.161610
v 0.369225 0.599285 0.118655
v 0.381750 0.599285 0.077355
v 0.402095 0.599285 0.039295
v 0.429475 0.599285 0.005930
v 0.462840 0.599285 -0.021450
v 0.500900 0.599285 -0.041795
v 0.542205 0.599285 -0.054320
v 0.585545 0.575900 -0.053425
v 0.621680 0.570700 -0.046895
v 0.667505 0.570700 -0.035905
v 0.704480 0.570700 -0.016090
v 0.738020 0.578945 0.009225
v 0.763455 0.570700 0.043020
v 0.783190 0.570700 0.080040
v 0.795320 0.570700 0.120200
v 0.800610 0.576615 0.161880
v 0.795225 0.570700 0.203695
v 0.783000 0.570700 0.243830
v 0.763185 0.570700 0.280805
v 0.737585 0.577680 0.314200
v 0.704075 0.570700 0.339780
v 0.667055 0.570700 0.359510
v 0.626895 0.570700 0.371645
v 0.585145 0.578875 0.377440
v 0.543400 0.570700 0.371550
v 0.503270 0.570700 0.359325
v 0.466295 0.570700 0.339510
v 0.432755 0.578085 0.314000
v 0.407320 0.570700 0.280400
v 0.387585 0.570700 0.243380
v 0.373700 0.574710 0.194385
v 0.369895 0.577380 0.161500
v 0.373530 0.574780 0.130775
v 0.387770 0.570700 0.079590
v 0.416275 0.570700 0.032055
v 0.433375 0.575880 0.009440
v 0.455910 0.570700 -0.007525
v 0.503715 0.570700 -0.036090
v 0.546255 0.570700 -0.046715
v 0.664865 0.513750 -0.031580
v 0.665800 0.527805 -0.033295
v 0.778085 0.513750 0.081290
v 0.780125 0.528520 0.081230
v 0.778410 0.513750 0.241460
v 0.781520 0.550070 0.242780
v 0.780095 0.529940 0.242240
v 0.665815 0.529270 0.357235
v 0.665285 0.513750 0.355645
v 0.666520 0.549985 0.357570
v 0.505080 0.513750 0.355035
v 0.504385 0.526695 0.356255
v 0.391525 0.513750 0.242130
v 0.390000 0.529505 0.242085
v 0.392625 0.513750 0.082400
v 0.391175 0.528385 0.081660
v 0.505015 0.513750 -0.030560
v 0.504475 0.529725 -0.032230
v 0.666645 0.560330 0.358075
v 0.645185 0.560275 0.364690
v 0.686550 0.560275 0.347405
v 0.782055 0.560360 0.243090
v 0.771295 0.560280 0.262680
v 0.788235 0.560280 0.221420
v 0.678775 0.000000 0.098685
v 0.781610 0.550060 0.080140
v 0.751685 0.012405 0.092630
v 0.652550 -0.000000 -0.001095
v 0.666175 0.549740 -0.034470
v 0.654135 0.012405 -0.004920
v 0.517760 -0.000000 -0.001095
v 0.503780 0.550215 -0.034380
v 0.516175 0.012405 -0.004920
v 0.491530 0.000000 0.098685
v 0.389095 0.549540 0.080600
v 0.418625 0.012405 0.092630
v 0.504815 0.000000 0.225075
v 0.389145 0.550430 0.242990
v 0.418625 0.012405 0.230590
v 0.517760 0.000000 0.324315
v 0.504165 0.549100 0.357625
v 0.516175 0.012405 0.328140
v 0.770500 0.560300 0.059225
v 0.666420 0.560230 -0.034870
v 0.685410 0.560265 -0.024845
v 0.645760 0.560260 -0.041120
v 0.503685 0.560415 -0.034800
v 0.484770 0.560285 -0.024650
v 0.524085 0.560290 -0.041080
v 0.388595 0.560150 0.080305
v 0.399335 0.560255 0.059945
v 0.381885 0.560250 0.102455
v 0.388520 0.560500 0.243045
v 0.380920 0.560165 0.219475
v 0.399840 0.560280 0.264125
v 0.503845 0.559965 0.358185
v 0.482985 0.560235 0.347195
v 0.526525 0.560235 0.365070
v 0.607805 0.000000 0.006165
v 0.608350 0.000000 0.006615
v 0.620800 0.000000 0.041355
v 0.607630 0.000000 0.046995
v 0.585155 0.005810 0.152735
v 0.607630 0.000000 0.258480
v 0.628270 0.000000 0.266925
v 0.620800 0.000000 0.281860
v 0.608350 0.000000 0.316605
v 0.607805 0.000000 0.317055
v 0.585155 0.000000 0.006165
v 0.585155 0.000000 0.006615
v 0.585155 0.000000 0.041355
v 0.585155 0.000000 0.044630
v 0.585155 0.000000 0.260845
v 0.585155 0.000000 0.266925
v 0.585155 0.000000 0.281860
v 0.585155 0.000000 0.316605
v 0.585155 0.000000 0.317055
v 0.562500 0.000000 0.006165
v 0.561960 0.000000 0.006615
v 0.549505 0.000000 0.041355
v 0.562680 0.000000 0.046995
v 0.562680 0.000000 0.258480
v 0.542040 0.000000 0.266925
v 0.549505 0.000000 0.281860
v 0.561960 0.000000 0.316605
v 0.562500 0.000000 0.317055
v 0.597300 0.005680 0.180020
v 0.605255 0.005265 0.197885
v 0.613215 0.004485 0.215755
v 0.621170 0.003085 0.233625
v 0.500945 0.003085 0.180100
v 0.519545 0.004485 0.174055
v 0.538150 0.005265 0.168010
v 0.556755 0.005680 0.161965
v 0.559290 0.005680 0.167670
v 0.542350 0.005265 0.177450
v 0.525410 0.004485 0.187230
v 0.508470 0.003085 0.197010
v 0.519350 0.003085 0.211985
v 0.533890 0.004485 0.198895
v 0.548425 0.005265 0.185805
v 0.562960 0.005680 0.172720
v 0.567600 0.005680 0.176895
v 0.556105 0.005265 0.192720
v 0.544605 0.004485 0.208545
v 0.533110 0.003085 0.224370
v 0.637200 0.003085 0.224370
v 0.625700 0.004485 0.208545
v 0.614205 0.005265 0.192720
v 0.602705 0.005680 0.176895
v 0.607345 0.005680 0.172720
v 0.621885 0.005265 0.185805
v 0.636420 0.004485 0.198895
v 0.650955 0.003085 0.211985
v 0.578945 0.005680 0.123525
v 0.574880 0.005265 0.104395
v 0.570810 0.004485 0.085260
v 0.566745 0.003085 0.066125
v 0.497095 0.003085 0.143480
v 0.516550 0.004485 0.145525
v 0.536000 0.005265 0.147570
v 0.555455 0.005680 0.149615
v 0.555455 0.005680 0.155860
v 0.536000 0.005265 0.157905
v 0.516550 0.004485 0.159950
v 0.497095 0.003085 0.161990
v 0.549140 0.003085 0.071845
v 0.557095 0.004485 0.089715
v 0.565050 0.005265 0.107585
v 0.573010 0.005680 0.125455
v 0.549140 0.003085 0.233625
v 0.557095 0.004485 0.215755
v 0.565050 0.005265 0.197885
v 0.573010 0.005680 0.180020
v 0.602705 0.005680 0.128575
v 0.614205 0.005265 0.112750
v 0.625700 0.004485 0.096925
v 0.637200 0.003085 0.081100
v 0.585155 0.005680 0.122875
v 0.585155 0.005265 0.103315
v 0.585155 0.004485 0.083750
v 0.585155 0.003085 0.064190
v 0.661835 0.003085 0.197010
v 0.644895 0.004485 0.187230
v 0.627955 0.005265 0.177450
v 0.611015 0.005680 0.167670
v 0.673215 0.003085 0.143480
v 0.653760 0.004485 0.145525
v 0.634305 0.005265 0.147570
v 0.614855 0.005680 0.149615
v 0.613555 0.005680 0.143510
v 0.632160 0.005265 0.137465
v 0.650760 0.004485 0.131420
v 0.669365 0.003085 0.125375
v 0.533110 0.003085 0.081100
v 0.544605 0.004485 0.096925
v 0.556105 0.005265 0.112750
v 0.567600 0.005680 0.128575
v 0.562960 0.005680 0.132755
v 0.548425 0.005265 0.119665
v 0.533890 0.004485 0.106575
v 0.519350 0.003085 0.093490
v 0.566745 0.003085 0.239345
v 0.570810 0.004485 0.220215
v 0.574880 0.005265 0.201080
v 0.578945 0.005680 0.181945
v 0.661835 0.003085 0.108465
v 0.644895 0.004485 0.118245
v 0.627955 0.005265 0.128025
v 0.611015 0.005680 0.137805
v 0.607345 0.005680 0.132755
v 0.621885 0.005265 0.119665
v 0.636420 0.004485 0.106575
v 0.650955 0.003085 0.093490
v 0.621170 0.003085 0.071845
v 0.613215 0.004485 0.089715
v 0.605255 0.005265 0.107585
v 0.597300 0.005680 0.125455
v 0.591365 0.005680 0.123525
v 0.595430 0.005265 0.104395
v 0.599495 0.004485 0.085260
v 0.603565 0.003085 0.066125
v 0.508470 0.003085 0.108465
v 0.525410 0.004485 0.118245
v 0.542350 0.005265 0.128025
v 0.559290 0.005680 0.137805
v 0.556755 0.005680 0.143510
v 0.538150 0.005265 0.137465
v 0.519545 0.004485 0.131420
v 0.500945 0.003085 0.125375
v 0.669365 0.003085 0.180100
v 0.650760 0.004485 0.174055
v 0.632160 0.005265 0.168010
v 0.613555 0.005680 0.161965
v 0.614855 0.005680 0.155860
v 0.634305 0.005265 0.157905
v 0.653760 0.004485 0.159950
v 0.673215 0.003085 0.161990
v 0.585155 0.003085 0.241280
v 0.585155 0.004485 0.221720
v 0.585155 0.005265 0.202160
v 0.585155 0.005680 0.182600
v 0.591365 0.005680 0.181945
v 0.595430 0.005265 0.201080
v 0.599495 0.004485 0.220215
v 0.603565 0.003085 0.239345
v 0.585155 0.000000 0.318570
v 0.585155 0.003985 0.320585
v 0.585155 0.000475 0.319750
v 0.563260 0.003985 0.320580
v 0.563130 0.000000 0.318570
v 0.563210 0.000475 0.319750
v 0.653640 0.001620 0.326950
v 0.652965 0.000000 0.325320
v 0.653415 0.000475 0.326400
v 0.654400 0.000000 0.324745
v 0.657005 0.003985 0.324480
v 0.655110 0.000475 0.325680
v 0.651540 0.000000 0.325895
v 0.649520 0.003985 0.327580
v 0.651705 0.000475 0.327085
v 0.607050 0.003985 0.320580
v 0.607175 0.000000 0.318570
v 0.607100 0.000475 0.319750
v 0.520790 0.003985 0.327580
v 0.518765 0.000000 0.325895
v 0.518605 0.000475 0.327085
v 0.696215 0.000000 0.272670
v 0.697570 0.003985 0.274025
v 0.696995 0.000475 0.273450
v 0.682080 0.003985 0.289500
v 0.680620 0.000000 0.288210
v 0.681470 0.000475 0.288960
v 0.750500 0.001620 0.230095
v 0.748275 0.000000 0.229905
v 0.749725 0.000475 0.230120
v 0.749240 0.000000 0.227640
v 0.751130 0.003985 0.225975
v 0.750575 0.000475 0.227990
v 0.747340 0.000000 0.232045
v 0.748030 0.003985 0.233455
v 0.748720 0.000475 0.232165
v 0.713050 0.003985 0.258535
v 0.710855 0.000000 0.258095
v 0.711985 0.000475 0.258440
v 0.741990 0.000000 0.161690
v 0.744135 0.003985 0.161610
v 0.743255 0.000475 0.161650
v 0.744125 0.003985 0.183505
v 0.741985 0.000000 0.183585
v 0.743255 0.000475 0.183530
v 0.750500 0.001620 0.093120
v 0.748240 0.000000 0.093355
v 0.749720 0.000475 0.093115
v 0.747240 0.000000 0.091055
v 0.748030 0.003985 0.089760
v 0.748665 0.000475 0.090990
v 0.749245 0.000000 0.095740
v 0.751130 0.003985 0.097245
v 0.750580 0.000475 0.095305
v 0.744125 0.003985 0.139710
v 0.741990 0.000000 0.139775
v 0.743255 0.000475 0.139760
v 0.695290 0.000000 0.049620
v 0.697570 0.003985 0.049195
v 0.696515 0.000475 0.049285
v 0.713050 0.003985 0.064680
v 0.710720 0.000000 0.064980
v 0.711905 0.000475 0.064700
v 0.653640 0.001620 -0.003735
v 0.652965 -0.000000 -0.002105
v 0.653415 0.000475 -0.003185
v 0.651540 -0.000000 -0.002680
v 0.649520 0.003985 -0.004365
v 0.651705 0.000475 -0.003865
v 0.654400 -0.000000 -0.001530
v 0.657005 0.003985 -0.001265
v 0.655110 0.000475 -0.002465
v 0.682080 0.003985 0.033715
v 0.680620 0.000000 0.035005
v 0.681475 0.000475 0.034260
v 0.585155 0.000000 0.004645
v 0.585155 0.003985 0.002630
v 0.585155 0.000475 0.003470
v 0.607050 0.003985 0.002635
v 0.607175 0.000000 0.004645
v 0.607100 0.000475 0.003470
v 0.516665 0.001620 -0.003735
v 0.517345 -0.000000 -0.002105
v 0.516895 0.000475 -0.003185
v 0.515910 -0.000000 -0.001530
v 0.513305 0.003985 -0.001265
v 0.515195 0.000475 -0.002465
v 0.518765 -0.000000 -0.002680
v 0.520790 0.003985 -0.004365
v 0.518605 0.000475 -0.003865
v 0.563260 0.003985 0.002635
v 0.563130 0.000000 0.004645
v 0.563210 0.000475 0.003470
v 0.475020 0.000000 0.049620
v 0.472740 0.003985 0.049195
v 0.473790 0.000475 0.049285
v 0.488225 0.003985 0.033715
v 0.489685 0.000000 0.035005
v 0.488835 0.000475 0.034260
v 0.419810 0.001620 0.093120
v 0.422070 0.000000 0.093355
v 0.420590 0.000475 0.093115
v 0.421060 0.000000 0.095740
v 0.419180 0.003985 0.097245
v 0.419730 0.000475 0.095305
v 0.423070 0.000000 0.091055
v 0.422280 0.003985 0.089760
v 0.421645 0.000475 0.090990
v 0.457260 0.003985 0.064680
v 0.459590 0.000000 0.064980
v 0.458405 0.000475 0.064700
v 0.428320 0.000000 0.161690
v 0.426175 0.003985 0.161610
v 0.427050 0.000475 0.161650
v 0.426180 0.003985 0.139710
v 0.428320 0.000000 0.139775
v 0.427055 0.000475 0.139760
v 0.419810 0.001620 0.230095
v 0.422035 0.000000 0.229905
v 0.420580 0.000475 0.230120
v 0.422970 0.000000 0.232045
v 0.422280 0.003985 0.233455
v 0.421590 0.000475 0.232165
v 0.421070 0.000000 0.227640
v 0.419180 0.003985 0.225975
v 0.419735 0.000475 0.227990
v 0.426180 0.003985 0.183505
v 0.428325 0.000000 0.183585
v 0.427055 0.000475 0.183530
v 0.459450 0.000000 0.258095
v 0.457260 0.003985 0.258535
v 0.458320 0.000475 0.258440
v 0.474095 0.000000 0.272670
v 0.472740 0.003985 0.274025
v 0.473310 0.000475 0.273450
v 0.515910 0.000000 0.324745
v 0.513305 0.003985 0.324480
v 0.515195 0.000475 0.325680
v 0.488225 0.003985 0.289500
v 0.489690 0.000000 0.288210
v 0.488835 0.000475 0.288960
v 0.516665 0.001620 0.326950
v 0.517345 0.000000 0.325320
v 0.516895 0.000475 0.326400
v 0.559915 0.497235 0.344400
v 0.559680 0.509345 0.346110
v 0.559790 0.503350 0.345170
v 0.610395 0.497235 0.344400
v 0.610635 0.509345 0.346170
v 0.610520 0.503350 0.345190
v 0.663170 0.497235 0.352975
v 0.660480 0.509345 0.355005
v 0.660620 0.503350 0.353655
v 0.667560 0.497235 0.349185
v 0.668585 0.509345 0.350925
v 0.668000 0.503350 0.349970
v 0.510285 0.509345 0.354470
v 0.510785 0.497235 0.352515
v 0.510545 0.503350 0.353380
v 0.585155 0.509345 0.346135
v 0.585155 0.497235 0.344405
v 0.585155 0.503350 0.345180
v 0.697605 0.509345 0.310085
v 0.696560 0.497235 0.308710
v 0.697020 0.503350 0.309340
v 0.732255 0.497235 0.273015
v 0.733675 0.509345 0.274095
v 0.732900 0.503350 0.273480
v 0.775640 0.497235 0.241760
v 0.775170 0.509345 0.245100
v 0.774315 0.503350 0.244040
v 0.776060 0.497235 0.235975
v 0.778015 0.509345 0.236480
v 0.776925 0.503350 0.236220
v 0.715635 0.509345 0.292090
v 0.714410 0.497235 0.290865
v 0.714955 0.503350 0.291410
v 0.767945 0.497235 0.186845
v 0.769655 0.509345 0.187085
v 0.768715 0.503350 0.186975
v 0.767950 0.497235 0.136370
v 0.769715 0.509345 0.136125
v 0.768735 0.503350 0.136240
v 0.776520 0.497235 0.083590
v 0.778550 0.509345 0.086285
v 0.777200 0.503350 0.086140
v 0.774470 0.509345 0.078175
v 0.772730 0.497235 0.079205
v 0.773515 0.503350 0.078765
v 0.769685 0.509345 0.161610
v 0.767950 0.497235 0.161610
v 0.768725 0.503350 0.161610
v 0.732255 0.497235 0.050200
v 0.733630 0.509345 0.049160
v 0.732890 0.503350 0.049745
v 0.696560 0.497235 0.014510
v 0.697640 0.509345 0.013085
v 0.697030 0.503350 0.013860
v 0.665305 0.497235 -0.028875
v 0.668645 0.509345 -0.028405
v 0.667585 0.503350 -0.027550
v 0.660025 0.509345 -0.031255
v 0.659520 0.497235 -0.029300
v 0.659765 0.503350 -0.030165
v 0.715635 0.509345 0.031125
v 0.714410 0.497235 0.032355
v 0.714955 0.503350 0.031805
v 0.610395 0.497235 -0.021185
v 0.610630 0.509345 -0.022895
v 0.610520 0.503350 -0.021955
v 0.559915 0.497235 -0.021185
v 0.559670 0.509345 -0.022950
v 0.559785 0.503350 -0.021970
v 0.507135 0.497235 -0.029760
v 0.509830 0.509345 -0.031790
v 0.509685 0.503350 -0.030435
v 0.501720 0.509345 -0.027710
v 0.502750 0.497235 -0.025970
v 0.502310 0.503350 -0.026750
v 0.585155 0.509345 -0.022920
v 0.585155 0.497235 -0.021185
v 0.585155 0.503350 -0.021960
v 0.473745 0.497235 0.014510
v 0.472705 0.509345 0.013135
v 0.473290 0.503350 0.013875
v 0.438055 0.497235 0.050200
v 0.436630 0.509345 0.049125
v 0.437405 0.503350 0.049735
v 0.394670 0.497235 0.081460
v 0.395140 0.509345 0.078115
v 0.395995 0.503350 0.079175
v 0.392290 0.509345 0.086740
v 0.394245 0.497235 0.087240
v 0.393385 0.503350 0.087000
v 0.454675 0.509345 0.031125
v 0.455900 0.497235 0.032355
v 0.455350 0.503350 0.031805
v 0.402360 0.497235 0.136370
v 0.400655 0.509345 0.136135
v 0.401590 0.503350 0.136245
v 0.402360 0.497235 0.186845
v 0.400595 0.509345 0.187090
v 0.401575 0.503350 0.186975
v 0.393785 0.497235 0.239625
v 0.391755 0.509345 0.236930
v 0.393110 0.503350 0.237075
v 0.395840 0.509345 0.245040
v 0.397575 0.497235 0.244015
v 0.396795 0.503350 0.244455
v 0.400625 0.509345 0.161610
v 0.402360 0.497235 0.161610
v 0.401585 0.503350 0.161610
v 0.438055 0.497235 0.273015
v 0.436680 0.509345 0.274060
v 0.437420 0.503350 0.273470
v 0.473745 0.497235 0.308710
v 0.472670 0.509345 0.310130
v 0.473280 0.503350 0.309355
v 0.505005 0.497235 0.352095
v 0.501665 0.509345 0.351625
v 0.502720 0.503350 0.350770
v 0.454675 0.509345 0.292090
v 0.455900 0.497235 0.290865
v 0.455350 0.503350 0.291410
v 0.665155 0.509345 0.354500
v 0.664655 0.497235 0.352050
v 0.664830 0.503350 0.353110
v 0.777660 0.509345 0.240955
v 0.776035 0.497235 0.240055
v 0.776785 0.503350 0.240485
v 0.664510 0.509345 -0.031005
v 0.663605 0.497235 -0.029270
v 0.664030 0.503350 -0.030055
v 0.777375 0.509345 0.081495
v 0.775595 0.497235 0.082110
v 0.776420 0.503350 0.081835
v 0.505600 0.509345 0.354320
v 0.506705 0.497235 0.352485
v 0.506195 0.503350 0.353295
v 0.392670 0.509345 0.241800
v 0.394710 0.497235 0.241110
v 0.393810 0.503350 0.241400
v 0.393015 0.509345 0.082600
v 0.394275 0.497235 0.083160
v 0.393645 0.503350 0.082880
v 0.505160 0.509345 -0.030120
v 0.505655 0.497235 -0.028835
v 0.505405 0.503350 -0.029480
v 0.613260 0.567980 0.369795
v 0.645230 0.549835 0.364340
v 0.511790 0.528945 0.359980
v 0.525855 0.549830 0.364225
v 0.560540 0.567900 0.369735
v 0.659035 0.528335 0.359995
v 0.662620 0.513750 0.356095
v 0.507680 0.513750 0.356095
v 0.585300 0.570465 0.370620
v 0.752960 0.567085 0.287290
v 0.770985 0.549835 0.262485
v 0.673550 0.528945 0.353755
v 0.686495 0.549830 0.346810
v 0.711795 0.566705 0.328115
v 0.777675 0.528335 0.249650
v 0.777455 0.513750 0.244355
v 0.667890 0.513750 0.353915
v 0.732970 0.570460 0.309210
v 0.792930 0.567560 0.134255
v 0.787885 0.549835 0.101535
v 0.783525 0.528945 0.234970
v 0.787770 0.549830 0.220905
v 0.791425 0.566300 0.188995
v 0.783540 0.528335 0.087730
v 0.779640 0.513750 0.084140
v 0.779640 0.513750 0.239085
v 0.794330 0.570475 0.161465
v 0.712810 0.568100 -0.005655
v 0.686030 0.549835 -0.024225
v 0.777300 0.528945 0.073210
v 0.770355 0.549830 0.060270
v 0.750755 0.568355 0.032005
v 0.673195 0.528335 -0.030915
v 0.667900 0.513750 -0.030690
v 0.777460 0.513750 0.078870
v 0.734300 0.570575 0.011950
v 0.556485 0.567640 -0.046240
v 0.525080 0.549835 -0.041125
v 0.658515 0.528945 -0.036765
v 0.644455 0.549830 -0.041005
v 0.609415 0.567900 -0.046220
v 0.511275 0.528335 -0.036780
v 0.507685 0.513750 -0.032880
v 0.662630 0.513750 -0.032875
v 0.585160 0.569660 -0.046885
v 0.419085 0.567040 0.033820
v 0.399325 0.549835 0.060735
v 0.496760 0.528945 -0.030535
v 0.483815 0.549830 -0.023595
v 0.457325 0.566605 -0.003825
v 0.392635 0.528335 0.073570
v 0.392855 0.513750 0.078865
v 0.502415 0.513750 -0.030700
v 0.437160 0.570470 0.013820
v 0.376945 0.567620 0.190690
v 0.380790 0.549520 0.219470
v 0.386780 0.528945 0.088245
v 0.382540 0.549830 0.102310
v 0.376445 0.567940 0.136710
v 0.386765 0.528335 0.235490
v 0.390665 0.513750 0.239075
v 0.390670 0.513750 0.084130
v 0.374100 0.570555 0.161700
v 0.457610 0.567535 0.328425
v 0.484280 0.549835 0.347440
v 0.393010 0.528945 0.250005
v 0.399955 0.549830 0.262950
v 0.420320 0.567435 0.290740
v 0.497115 0.528335 0.354130
v 0.502410 0.513750 0.353910
v 0.392850 0.513750 0.244345
v 0.437345 0.570475 0.309620
v 0.585155 0.001620 0.320335
v 0.563240 0.001620 0.320335
v 0.651800 0.001620 0.327715
v 0.607070 0.001620 0.320335
v 0.518505 0.001620 0.327715
v 0.697390 0.001620 0.273845
v 0.681895 0.001620 0.289345
v 0.749735 0.001620 0.231935
v 0.712890 0.001620 0.258350
v 0.743885 0.001620 0.161610
v 0.743885 0.001620 0.183525
v 0.751260 0.001620 0.094960
v 0.743885 0.001620 0.139695
v 0.697390 0.001620 0.049370
v 0.712890 0.001620 0.064865
v 0.655480 0.001620 -0.002975
v 0.681895 0.001620 0.033875
v 0.585155 0.001620 0.002880
v 0.607070 0.001620 0.002880
v 0.518505 0.001620 -0.004500
v 0.563240 0.001620 0.002880
v 0.651800 0.001620 -0.004500
v 0.472915 0.001620 0.049370
v 0.488415 0.001620 0.033875
v 0.420570 0.001620 0.091280
v 0.457420 0.001620 0.064865
v 0.514825 0.001620 -0.002975
v 0.426425 0.001620 0.161610
v 0.426425 0.001620 0.139695
v 0.419050 0.001620 0.228255
v 0.426425 0.001620 0.183525
v 0.457420 0.001620 0.258350
v 0.420570 0.001620 0.231935
v 0.419050 0.001620 0.094960
v 0.472915 0.001620 0.273845
v 0.514825 0.001620 0.326190
v 0.488415 0.001620 0.289345
v 0.655480 0.001620 0.326190
v 0.751260 0.001620 0.228255
v 0.749735 0.001620 0.091280
v 0.520410 0.012550 0.328530
v 0.657405 0.012550 0.325420
v 0.649900 0.012555 0.328535
v 0.752075 0.012550 0.226350
v 0.748970 0.012555 0.233860
v 0.748965 0.012550 0.089360
v 0.752080 0.012555 0.096865
v 0.649900 0.012550 -0.005310
v 0.657410 0.012555 -0.002205
v 0.512905 0.012550 -0.002205
v 0.520410 0.012555 -0.005315
v 0.418235 0.012550 0.096865
v 0.421340 0.012555 0.089355
v 0.421345 0.012550 0.233860
v 0.418230 0.012555 0.226350
v 0.512900 0.012555 0.325425
v 0.666140 0.497235 0.351135
v 0.666580 0.503350 0.351915
v 0.667165 0.509345 0.352870
v 0.508160 0.503350 0.353755
v 0.508405 0.497235 0.352890
v 0.507900 0.509345 0.354845
v 0.660785 0.497235 0.352605
v 0.663010 0.503350 0.354035
v 0.662860 0.509345 0.355410
v 0.776440 0.497235 0.238360
v 0.777300 0.503350 0.238600
v 0.778390 0.509345 0.238860
v 0.773685 0.497235 0.243185
v 0.776270 0.503350 0.242620
v 0.777140 0.509345 0.243700
v 0.776150 0.497235 0.085980
v 0.777580 0.503350 0.083755
v 0.778960 0.509345 0.083900
v 0.662145 0.503350 -0.030535
v 0.661905 0.497235 -0.029675
v 0.662405 0.509345 -0.031625
v 0.666730 0.497235 -0.026925
v 0.666170 0.503350 -0.029510
v 0.667245 0.509345 -0.030380
v 0.775465 0.503350 0.080185
v 0.774685 0.497235 0.080620
v 0.776420 0.509345 0.079595
v 0.509525 0.497235 -0.029385
v 0.507300 0.503350 -0.030815
v 0.507445 0.509345 -0.032195
v 0.503730 0.503350 -0.028700
v 0.504165 0.497235 -0.027920
v 0.503140 0.509345 -0.029655
v 0.393010 0.503350 0.084615
v 0.393870 0.497235 0.084860
v 0.391920 0.509345 0.084355
v 0.396620 0.497235 0.080035
v 0.394040 0.503350 0.080595
v 0.393165 0.509345 0.079515
v 0.394160 0.497235 0.237240
v 0.392730 0.503350 0.239460
v 0.391350 0.509345 0.239315
v 0.503580 0.497235 0.350140
v 0.504140 0.503350 0.352725
v 0.503060 0.509345 0.353595
v 0.394845 0.503350 0.243035
v 0.395625 0.497235 0.242595
v 0.393890 0.509345 0.243620
v 0.585155 0.650750 -0.052330
v 0.626890 0.650750 -0.048220
v 0.667025 0.650750 -0.036045
v 0.704010 0.650750 -0.016275
v 0.736430 0.650750 0.010330
v 0.763035 0.650750 0.042750
v 0.782805 0.650750 0.079740
v 0.794980 0.650750 0.119870
v 0.799090 0.650750 0.161610
v 0.794980 0.650750 0.203345
v 0.782805 0.650750 0.243480
v 0.763035 0.650750 0.280465
v 0.736430 0.650750 0.312885
v 0.704010 0.650750 0.339490
v 0.667025 0.650750 0.359260
v 0.626890 0.650750 0.371435
v 0.585155 0.650750 0.375545
v 0.543415 0.650750 0.371435
v 0.503285 0.650750 0.359260
v 0.466295 0.650750 0.339490
v 0.433880 0.650750 0.312885
v 0.407270 0.650750 0.280465
v 0.387500 0.650750 0.243480
v 0.375330 0.650750 0.203345
v 0.371215 0.650750 0.161610
v 0.375330 0.650750 0.119870
v 0.387500 0.650750 0.079740
v 0.407270 0.650750 0.042750
v 0.433880 0.650750 0.010330
v 0.466295 0.650750 -0.016275
v 0.503285 0.650750 -0.036045
v 0.543415 0.650750 -0.048220
v 0.585155 0.165590 -0.000520
v 0.616785 0.165590 0.002595
v 0.647200 0.165590 0.011825
v 0.675225 0.165590 0.026805
v 0.699795 0.165590 0.046965
v 0.719960 0.165590 0.071535
v 0.734940 0.165590 0.099565
v 0.744165 0.165590 0.129980
v 0.747280 0.165590 0.161610
v 0.744165 0.165590 0.193240
v 0.734940 0.165590 0.223650
v 0.719960 0.165590 0.251680
v 0.699795 0.165590 0.276250
v 0.675225 0.165590 0.296410
v 0.647200 0.165590 0.311395
v 0.616785 0.165590 0.320620
v 0.585155 0.165590 0.323735
v 0.553525 0.165590 0.320620
v 0.523110 0.165590 0.311395
v 0.495080 0.165590 0.296410
v 0.470515 0.165590 0.276250
v 0.450350 0.165590 0.251680
v 0.435370 0.165590 0.223650
v 0.426140 0.165590 0.193240
v 0.423025 0.165590 0.161610
v 0.426140 0.165590 0.129980
v 0.435370 0.165590 0.099565
v 0.450350 0.165590 0.071535
v 0.470515 0.165590 0.046965
v 0.495080 0.165590 0.026805
v 0.523110 0.165590 0.011825
v 0.553525 0.165590 0.002595
v 0.585155 0.118470 0.005250
v 0.585155 0.060245 0.161610
v 0.585155 0.098100 0.009195
v 0.585155 0.080190 0.019520
v 0.585155 0.068890 0.036870
v 0.615660 0.118470 0.008255
v 0.609490 0.068890 0.039265
v 0.612875 0.080190 0.022250
v 0.614890 0.098100 0.012125
v 0.644990 0.118470 0.017150
v 0.632890 0.068890 0.046365
v 0.639530 0.080190 0.030335
v 0.643480 0.098100 0.020795
v 0.672025 0.118470 0.031600
v 0.654455 0.068890 0.057890
v 0.664095 0.080190 0.043465
v 0.669830 0.098100 0.034880
v 0.695715 0.118470 0.051045
v 0.673360 0.068890 0.073405
v 0.685625 0.080190 0.061135
v 0.692930 0.098100 0.053835
v 0.715160 0.118470 0.074740
v 0.688870 0.068890 0.092305
v 0.703295 0.080190 0.082670
v 0.711880 0.098100 0.076930
v 0.729610 0.118470 0.101775
v 0.700400 0.068890 0.113875
v 0.716425 0.080190 0.107235
v 0.725965 0.098100 0.103280
v 0.738510 0.118470 0.131105
v 0.707495 0.068890 0.137275
v 0.724510 0.080190 0.133890
v 0.734640 0.098100 0.131875
v 0.741515 0.118470 0.161610
v 0.709895 0.068890 0.161610
v 0.727240 0.080190 0.161610
v 0.737570 0.098100 0.161610
v 0.738510 0.118470 0.192110
v 0.707495 0.068890 0.185945
v 0.724510 0.080190 0.189330
v 0.734640 0.098100 0.191345
v 0.729610 0.118470 0.221445
v 0.700400 0.068890 0.209345
v 0.716425 0.080190 0.215985
v 0.725965 0.098100 0.219935
v 0.715160 0.118470 0.248475
v 0.688870 0.068890 0.230910
v 0.703295 0.080190 0.240550
v 0.711880 0.098100 0.246285
v 0.695715 0.118470 0.272170
v 0.673360 0.068890 0.249810
v 0.685625 0.080190 0.262080
v 0.692930 0.098100 0.269380
v 0.672025 0.118470 0.291615
v 0.654455 0.068890 0.265325
v 0.664095 0.080190 0.279750
v 0.669830 0.098100 0.288335
v 0.644990 0.118470 0.306065
v 0.632890 0.068890 0.276850
v 0.639530 0.080190 0.292880
v 0.643480 0.098100 0.302420
v 0.615660 0.118470 0.314965
v 0.609490 0.068890 0.283950
v 0.612875 0.080190 0.300965
v 0.614890 0.098100 0.311095
v 0.585155 0.118470 0.317965
v 0.585155 0.068890 0.286345
v 0.585155 0.080190 0.303695
v 0.585155 0.098100 0.314025
v 0.554650 0.118470 0.314965
v 0.560820 0.068890 0.283950
v 0.557435 0.080190 0.300965
v 0.555420 0.098100 0.311095
v 0.525320 0.118470 0.306065
v 0.537420 0.068890 0.276850
v 0.530780 0.080190 0.292880
v 0.526830 0.098100 0.302420
v 0.498285 0.118470 0.291615
v 0.515855 0.068890 0.265325
v 0.506215 0.080190 0.279750
v 0.500475 0.098100 0.288335
v 0.474590 0.118470 0.272170
v 0.496950 0.068890 0.249810
v 0.484685 0.080190 0.262080
v 0.477380 0.098100 0.269380
v 0.455145 0.118470 0.248475
v 0.481440 0.068890 0.230910
v 0.467015 0.080190 0.240550
v 0.458425 0.098100 0.246285
v 0.440700 0.118470 0.221445
v 0.469910 0.068890 0.209345
v 0.453885 0.080190 0.215985
v 0.444340 0.098100 0.219935
v 0.431800 0.118470 0.192115
v 0.462815 0.068890 0.185945
v 0.445795 0.080190 0.189330
v 0.435670 0.098100 0.191345
v 0.428795 0.118470 0.161610
v 0.460415 0.068890 0.161610
v 0.443065 0.080190 0.161610
v 0.432740 0.098100 0.161610
v 0.431800 0.118470 0.131105
v 0.462815 0.068890 0.137275
v 0.445795 0.080190 0.133890
v 0.435670 0.098100 0.131875
v 0.440700 0.118470 0.101770
v 0.469910 0.068890 0.113875
v 0.453885 0.080190 0.107235
v 0.444340 0.098100 0.103280
v 0.455145 0.118470 0.074740
v 0.481440 0.068890 0.092305
v 0.467015 0.080190 0.082670
v 0.458425 0.098100 0.076930
v 0.474590 0.118470 0.051045
v 0.496950 0.068890 0.073405
v 0.484685 0.080190 0.061135
v 0.477380 0.098100 0.053835
v 0.498285 0.118470 0.031600
v 0.515855 0.068890 0.057890
v 0.506215 0.080190 0.043465
v 0.500475 0.098100 0.034880
v 0.525320 0.118470 0.017150
v 0.537420 0.068890 0.046365
v 0.530780 0.080190 0.030335
v 0.526830 0.098100 0.020795
v 0.554650 0.118470 0.008255
v 0.560820 0.068890 0.039265
v 0.557435 0.080190 0.022250
v 0.555420 0.098100 0.012125
v 0.585155 0.065095 0.056890
v 0.605585 0.065095 0.058905
v 0.625230 0.065095 0.064860
v 0.643330 0.065095 0.074540
v 0.659200 0.065095 0.087560
v 0.672225 0.065095 0.103430
v 0.681900 0.065095 0.121535
v 0.687860 0.065095 0.141180
v 0.689870 0.065095 0.161610
v 0.687860 0.065095 0.182040
v 0.681900 0.065095 0.201680
v 0.672225 0.065095 0.219785
v 0.659200 0.065095 0.235655
v 0.643330 0.065095 0.248680
v 0.625230 0.065095 0.258355
v 0.605585 0.065095 0.264315
v 0.585155 0.065095 0.266325
v 0.564725 0.065095 0.264315
v 0.545080 0.065095 0.258355
v 0.526975 0.065095 0.248680
v 0.511110 0.065095 0.235655
v 0.498085 0.065095 0.219785
v 0.488410 0.065095 0.201680
v 0.482450 0.065095 0.182040
v 0.480435 0.065095 0.161610
v 0.482450 0.065095 0.141180
v 0.488410 0.065095 0.121535
v 0.498085 0.065095 0.103430
v 0.511110 0.065095 0.087560
v 0.526975 0.065095 0.074540
v 0.545080 0.065095 0.064860
v 0.564725 0.065095 0.058905
v 0.585155 0.063465 0.081655
v 0.585155 0.061895 0.106420
v 0.585155 0.060715 0.131185
v 0.591090 0.060715 0.131770
v 0.595920 0.061895 0.107480
v 0.600750 0.063465 0.083190
v 0.596795 0.060715 0.133500
v 0.606275 0.061895 0.110620
v 0.615750 0.063465 0.087740
v 0.602055 0.060715 0.136315
v 0.615815 0.061895 0.115720
v 0.629575 0.063465 0.095130
v 0.606665 0.060715 0.140095
v 0.624175 0.061895 0.122585
v 0.641690 0.063465 0.105075
v 0.610450 0.060715 0.144705
v 0.631040 0.061895 0.130950
v 0.651630 0.063465 0.117190
v 0.613260 0.060715 0.149965
v 0.636140 0.061895 0.140490
v 0.659020 0.063465 0.131010
v 0.614990 0.060715 0.155675
v 0.639280 0.061895 0.150840
v 0.663570 0.063465 0.146010
v 0.615575 0.060715 0.161610
v 0.640340 0.061895 0.161610
v 0.665105 0.063465 0.161610
v 0.614990 0.060715 0.167545
v 0.639280 0.061895 0.172375
v 0.663570 0.063465 0.177205
v 0.613260 0.060715 0.173250
v 0.636140 0.061895 0.182730
v 0.659020 0.063465 0.192205
v 0.610450 0.060715 0.178510
v 0.631040 0.061895 0.192270
v 0.651630 0.063465 0.206025
v 0.606665 0.060715 0.183120
v 0.624175 0.061895 0.200630
v 0.641690 0.063465 0.218145
v 0.602055 0.060715 0.186905
v 0.615815 0.061895 0.207495
v 0.629575 0.063465 0.228085
v 0.596795 0.060715 0.189715
v 0.606275 0.061895 0.212595
v 0.615750 0.063465 0.235475
v 0.591090 0.060715 0.191445
v 0.595920 0.061895 0.215735
v 0.600750 0.063465 0.240025
v 0.585155 0.060715 0.192030
v 0.585155 0.061895 0.216795
v 0.585155 0.063465 0.241560
v 0.579220 0.060715 0.191445
v 0.574390 0.061895 0.215735
v 0.569555 0.063465 0.240025
v 0.573510 0.060715 0.189715
v 0.564035 0.061895 0.212595
v 0.554560 0.063465 0.235475
v 0.568255 0.060715 0.186905
v 0.554495 0.061895 0.207495
v 0.540735 0.063465 0.228085
v 0.563645 0.060715 0.183120
v 0.546130 0.061895 0.200630
v 0.528620 0.063465 0.218145
v 0.559860 0.060715 0.178510
v 0.539270 0.061895 0.192270
v 0.518675 0.063465 0.206030
v 0.557050 0.060715 0.173250
v 0.534170 0.061895 0.182730
v 0.511290 0.063465 0.192205
v 0.555315 0.060715 0.167545
v 0.531030 0.061895 0.172375
v 0.506740 0.063465 0.177205
v 0.554730 0.060715 0.161610
v 0.529965 0.061895 0.161610
v 0.505200 0.063465 0.161610
v 0.555315 0.060715 0.155675
v 0.531030 0.061895 0.150840
v 0.506740 0.063465 0.146010
v 0.557050 0.060715 0.149965
v 0.534170 0.061895 0.140490
v 0.511290 0.063465 0.131010
v 0.559860 0.060715 0.144705
v 0.539270 0.061895 0.130950
v 0.518675 0.063465 0.117190
v 0.563645 0.060715 0.140095
v 0.546130 0.061895 0.122585
v 0.528620 0.063465 0.105075
v 0.568255 0.060715 0.136315
v 0.554495 0.061895 0.115720
v 0.540735 0.063465 0.095130
v 0.573510 0.060715 0.133500
v 0.564035 0.061895 0.110620
v 0.554560 0.063465 0.087740
v 0.579220 0.060715 0.131770
v 0.574390 0.061895 0.107480
v 0.569555 0.063465 0.083190
v 0.585155 0.608185 -0.044670
v 0.585155 0.561090 -0.033165
v 0.585155 0.593280 -0.042020
v 0.585155 0.575555 -0.037690
v 0.623850 0.561090 -0.029420
v 0.625785 0.608185 -0.040710
v 0.624875 0.575555 -0.033860
v 0.625560 0.593280 -0.038105
v 0.661060 0.561090 -0.018335
v 0.664855 0.608185 -0.028970
v 0.663070 0.575555 -0.022515
v 0.664415 0.593280 -0.026520
v 0.695355 0.561090 -0.000340
v 0.700860 0.608185 -0.009905
v 0.698275 0.575555 -0.004100
v 0.700225 0.593280 -0.007700
v 0.725415 0.561090 0.023885
v 0.732420 0.608185 0.015745
v 0.729130 0.575555 0.020685
v 0.731610 0.593280 0.017620
v 0.750085 0.561090 0.053400
v 0.758320 0.608185 0.047005
v 0.754450 0.575555 0.050885
v 0.757365 0.593280 0.048480
v 0.768415 0.561090 0.087075
v 0.777565 0.608185 0.082670
v 0.773265 0.575555 0.085340
v 0.776505 0.593280 0.083685
v 0.779700 0.561090 0.123610
v 0.789415 0.608185 0.121365
v 0.784850 0.575555 0.122730
v 0.788295 0.593280 0.121885
v 0.783510 0.561090 0.161610
v 0.793420 0.608185 0.161610
v 0.788765 0.575555 0.161610
v 0.792270 0.593280 0.161610
v 0.779700 0.561090 0.199605
v 0.789415 0.608185 0.201850
v 0.784850 0.575555 0.200490
v 0.788295 0.593280 0.201335
v 0.768415 0.561090 0.236145
v 0.777565 0.608185 0.240550
v 0.773265 0.575555 0.237875
v 0.776505 0.593280 0.239535
v 0.750085 0.561090 0.269820
v 0.758320 0.608185 0.276210
v 0.754450 0.575555 0.272330
v 0.757365 0.593280 0.274740
v 0.725415 0.561090 0.299335
v 0.732420 0.608185 0.307470
v 0.729130 0.575555 0.302530
v 0.731610 0.593280 0.305595
v 0.695355 0.561090 0.323555
v 0.700860 0.608185 0.333125
v 0.698275 0.575555 0.327315
v 0.700225 0.593280 0.330920
v 0.661060 0.561090 0.341555
v 0.664855 0.608185 0.352185
v 0.663070 0.575555 0.345735
v 0.664415 0.593280 0.349735
v 0.623850 0.561090 0.352640
v 0.625785 0.608185 0.363925
v 0.624875 0.575555 0.357075
v 0.625560 0.593280 0.361325
v 0.585155 0.561090 0.356380
v 0.585155 0.608185 0.367890
v 0.585155 0.575555 0.360905
v 0.585155 0.593280 0.365235
v 0.546455 0.561090 0.352640
v 0.544525 0.608185 0.363925
v 0.545430 0.575555 0.357075
v 0.544750 0.593280 0.361325
v 0.509245 0.561090 0.341555
v 0.505455 0.608185 0.352185
v 0.507235 0.575555 0.345735
v 0.505895 0.593280 0.349735
v 0.474955 0.561090 0.323555
v 0.469450 0.608185 0.333125
v 0.472035 0.575555 0.327315
v 0.470085 0.593280 0.330920
v 0.444895 0.561090 0.299335
v 0.437890 0.608185 0.307470
v 0.441180 0.575555 0.302530
v 0.438700 0.593280 0.305595
v 0.420225 0.561090 0.269820
v 0.411990 0.608185 0.276210
v 0.415860 0.575555 0.272330
v 0.412940 0.593280 0.274740
v 0.401895 0.561090 0.236145
v 0.392745 0.608185 0.240550
v 0.397045 0.575555 0.237875
v 0.393800 0.593280 0.239535
v 0.390610 0.561090 0.199605
v 0.380890 0.608185 0.201850
v 0.385460 0.575555 0.200490
v 0.382015 0.593280 0.201335
v 0.386795 0.561090 0.161610
v 0.376890 0.608185 0.161610
v 0.381545 0.575555 0.161610
v 0.378035 0.593280 0.161610
v 0.390610 0.561090 0.123610
v 0.380890 0.608185 0.121365
v 0.385460 0.575555 0.122730
v 0.382015 0.593280 0.121885
v 0.401895 0.561090 0.087070
v 0.392745 0.608185 0.082670
v 0.397045 0.575555 0.085340
v 0.393800 0.593280 0.083685
v 0.420225 0.561090 0.053400
v 0.411990 0.608185 0.047005
v 0.415860 0.575555 0.050885
v 0.412940 0.593280 0.048480
v 0.444895 0.561090 0.023885
v 0.437890 0.608185 0.015745
v 0.441180 0.575555 0.020685
v 0.438700 0.593280 0.017620
v 0.474955 0.561090 -0.000340
v 0.469450 0.608185 -0.009905
v 0.472035 0.575555 -0.004100
v 0.470085 0.593280 -0.007700
v 0.509245 0.561090 -0.018335
v 0.505455 0.608185 -0.028970
v 0.507235 0.575555 -0.022515
v 0.505895 0.593280 -0.026520
v 0.546455 0.561090 -0.029420
v 0.544525 0.608185 -0.040710
v 0.545430 0.575555 -0.033860
v 0.544750 0.593280 -0.038105
v 0.585155 0.541155 -0.026260
v 0.585155 0.494025 -0.015010
v 0.585155 0.526685 -0.021760
v 0.585155 0.508945 -0.017525
v 0.619610 0.494025 -0.011615
v 0.622105 0.541155 -0.022650
v 0.620100 0.508945 -0.014085
v 0.621010 0.526685 -0.018235
v 0.652745 0.494025 -0.001565
v 0.657635 0.541155 -0.011960
v 0.653705 0.508945 -0.003890
v 0.655485 0.526685 -0.007800
v 0.683280 0.494025 0.014755
v 0.690380 0.541155 0.005405
v 0.684675 0.508945 0.012665
v 0.687255 0.526685 0.009145
v 0.710040 0.494025 0.036720
v 0.719080 0.541155 0.028765
v 0.711820 0.508945 0.034940
v 0.715105 0.526685 0.031945
v 0.732005 0.494025 0.063485
v 0.742635 0.541155 0.057235
v 0.734100 0.508945 0.062085
v 0.737960 0.526685 0.059735
v 0.748325 0.494025 0.094020
v 0.760135 0.541155 0.089715
v 0.750655 0.508945 0.093055
v 0.754945 0.526685 0.091435
v 0.758380 0.494025 0.127150
v 0.770915 0.541155 0.124955
v 0.760845 0.508945 0.126660
v 0.765405 0.526685 0.125835
v 0.761770 0.494025 0.161610
v 0.774555 0.541155 0.161610
v 0.764290 0.508945 0.161610
v 0.768935 0.526685 0.161610
v 0.758380 0.494025 0.196065
v 0.770915 0.541155 0.198260
v 0.760845 0.508945 0.196555
v 0.765405 0.526685 0.197380
v 0.748325 0.494025 0.229195
v 0.760135 0.541155 0.233500
v 0.750655 0.508945 0.230160
v 0.754945 0.526685 0.231780
v 0.732005 0.494025 0.259730
v 0.742635 0.541155 0.265980
v 0.734100 0.508945 0.261130
v 0.737960 0.526685 0.263485
v 0.710040 0.494025 0.286495
v 0.719080 0.541155 0.294450
v 0.711820 0.508945 0.288275
v 0.715105 0.526685 0.291270
v 0.683280 0.494025 0.308460
v 0.690380 0.541155 0.317815
v 0.684675 0.508945 0.310555
v 0.687255 0.526685 0.314075
v 0.652745 0.494025 0.324780
v 0.657635 0.541155 0.335175
v 0.653705 0.508945 0.327105
v 0.655485 0.526685 0.331020
v 0.619610 0.494025 0.334830
v 0.622105 0.541155 0.345865
v 0.620100 0.508945 0.337300
v 0.621010 0.526685 0.341455
v 0.585155 0.494025 0.338225
v 0.585155 0.541155 0.349475
v 0.585155 0.508945 0.340745
v 0.585155 0.526685 0.344975
v 0.550700 0.494025 0.334830
v 0.548205 0.541155 0.345865
v 0.550205 0.508945 0.337300
v 0.549300 0.526685 0.341455
v 0.517565 0.494025 0.324780
v 0.512675 0.541155 0.335175
v 0.516600 0.508945 0.327105
v 0.514825 0.526685 0.331020
v 0.487030 0.494025 0.308460
v 0.479930 0.541155 0.317815
v 0.485630 0.508945 0.310555
v 0.483050 0.526685 0.314075
v 0.460265 0.494025 0.286495
v 0.451230 0.541155 0.294450
v 0.458485 0.508945 0.288275
v 0.455200 0.526685 0.291270
v 0.438300 0.494025 0.259730
v 0.427675 0.541155 0.265980
v 0.436210 0.508945 0.261130
v 0.432345 0.526685 0.263485
v 0.421980 0.494025 0.229195
v 0.410170 0.541155 0.233500
v 0.419655 0.508945 0.230160
v 0.415365 0.526685 0.231780
v 0.411930 0.494025 0.196065
v 0.399395 0.541155 0.198260
v 0.409460 0.508945 0.196555
v 0.404905 0.526685 0.197380
v 0.408535 0.494025 0.161610
v 0.395755 0.541155 0.161610
v 0.406020 0.508945 0.161610
v 0.401375 0.526685 0.161610
v 0.411930 0.494025 0.127150
v 0.399395 0.541155 0.124955
v 0.409460 0.508945 0.126660
v 0.404905 0.526685 0.125835
v 0.421980 0.494025 0.094020
v 0.410170 0.541155 0.089715
v 0.419655 0.508945 0.093055
v 0.415365 0.526685 0.091435
v 0.438300 0.494025 0.063485
v 0.427675 0.541155 0.057235
v 0.436210 0.508945 0.062085
v 0.432345 0.526685 0.059735
v 0.460265 0.494025 0.036720
v 0.451230 0.541155 0.028765
v 0.458485 0.508945 0.034940
v 0.455200 0.526685 0.031945
v 0.487030 0.494025 0.014755
v 0.479930 0.541155 0.005405
v 0.485630 0.508945 0.012665
v 0.483050 0.526685 0.009145
v 0.517565 0.494025 -0.001565
v 0.512675 0.541155 -0.011960
v 0.516600 0.508945 -0.003890
v 0.514825 0.526685 -0.007800
v 0.550700 0.494025 -0.011615
v 0.548205 0.541155 -0.022650
v 0.550205 0.508945 -0.014085
v 0.549300 0.526685 -0.018235
v 0.585155 0.881995 -0.077790
v 0.585155 0.888120 -0.072240
v 0.585155 0.885195 -0.077540
v 0.585155 0.887500 -0.075450
v 0.630775 0.888120 -0.067745
v 0.631860 0.881995 -0.073190
v 0.631400 0.887500 -0.070895
v 0.631810 0.885195 -0.072945
v 0.674645 0.888120 -0.054440
v 0.676770 0.881995 -0.059565
v 0.675875 0.887500 -0.057405
v 0.676675 0.885195 -0.059335
v 0.715075 0.888120 -0.032830
v 0.718155 0.881995 -0.037445
v 0.716860 0.887500 -0.035500
v 0.718020 0.885195 -0.037235
v 0.750510 0.888120 -0.003745
v 0.754435 0.881995 -0.007670
v 0.752780 0.887500 -0.006020
v 0.754260 0.885195 -0.007495
v 0.779590 0.888120 0.031690
v 0.784205 0.881995 0.028605
v 0.782260 0.887500 0.029905
v 0.784000 0.885195 0.028745
v 0.801200 0.888120 0.072120
v 0.806330 0.881995 0.069995
v 0.804170 0.887500 0.070890
v 0.806100 0.885195 0.070090
v 0.814510 0.888120 0.115985
v 0.819955 0.881995 0.114905
v 0.817660 0.887500 0.115360
v 0.819710 0.885195 0.114955
v 0.819005 0.888120 0.161610
v 0.824555 0.881995 0.161610
v 0.822215 0.887500 0.161610
v 0.824305 0.885195 0.161610
v 0.814510 0.888120 0.207230
v 0.819955 0.881995 0.208315
v 0.817660 0.887500 0.207855
v 0.819710 0.885195 0.208265
v 0.801200 0.888120 0.251100
v 0.806330 0.881995 0.253220
v 0.804170 0.887500 0.252325
v 0.806100 0.885195 0.253125
v 0.779590 0.888120 0.291530
v 0.784205 0.881995 0.294610
v 0.782260 0.887500 0.293310
v 0.784000 0.885195 0.294470
v 0.750510 0.888120 0.326965
v 0.754435 0.881995 0.330890
v 0.752780 0.887500 0.329235
v 0.754260 0.885195 0.330710
v 0.715075 0.888120 0.356045
v 0.718155 0.881995 0.360660
v 0.716860 0.887500 0.358715
v 0.718020 0.885195 0.360455
v 0.674645 0.888120 0.377655
v 0.676770 0.881995 0.382785
v 0.675875 0.887500 0.380625
v 0.676675 0.885195 0.382555
v 0.630775 0.888120 0.390965
v 0.631860 0.881995 0.396405
v 0.631400 0.887500 0.394115
v 0.631810 0.885195 0.396160
v 0.585155 0.888120 0.395455
v 0.585155 0.881995 0.401005
v 0.585155 0.887500 0.398670
v 0.585155 0.885195 0.400755
v 0.539535 0.888120 0.390965
v 0.538450 0.881995 0.396405
v 0.538905 0.887500 0.394115
v 0.538500 0.885195 0.396160
v 0.495665 0.888120 0.377655
v 0.493540 0.881995 0.382785
v 0.494435 0.887500 0.380625
v 0.493635 0.885195 0.382555
v 0.455235 0.888120 0.356045
v 0.452150 0.881995 0.360660
v 0.453450 0.887500 0.358715
v 0.452290 0.885195 0.360455
v 0.419800 0.888120 0.326965
v 0.415875 0.881995 0.330890
v 0.417530 0.887500 0.329235
v 0.416050 0.885195 0.330710
v 0.390715 0.888120 0.291530
v 0.386100 0.881995 0.294610
v 0.388045 0.887500 0.293310
v 0.386310 0.885195 0.294470
v 0.369105 0.888120 0.251100
v 0.363980 0.881995 0.253220
v 0.366140 0.887500 0.252325
v 0.364210 0.885195 0.253125
v 0.355800 0.888120 0.207230
v 0.350355 0.881995 0.208315
v 0.352650 0.887500 0.207855
v 0.350600 0.885195 0.208265
v 0.351305 0.888120 0.161610
v 0.345755 0.881995 0.161610
v 0.348095 0.887500 0.161610
v 0.346005 0.885195 0.161610
v 0.355800 0.888120 0.115985
v 0.350355 0.881995 0.114905
v 0.352650 0.887500 0.115360
v 0.350600 0.885195 0.114955
v 0.369105 0.888120 0.072120
v 0.363980 0.881995 0.069995
v 0.366140 0.887500 0.070890
v 0.364210 0.885195 0.070090
v 0.390715 0.888120 0.031690
v 0.386100 0.881995 0.028605
v 0.388045 0.887500 0.029905
v 0.386310 0.885195 0.028745
v 0.419800 0.888120 -0.003745
v 0.415875 0.881995 -0.007670
v 0.417530 0.887500 -0.006020
v 0.416050 0.885195 -0.007495
v 0.455235 0.888120 -0.032830
v 0.452150 0.881995 -0.037445
v 0.453450 0.887500 -0.035500
v 0.452290 0.885195 -0.037235
v 0.495665 0.888120 -0.054440
v 0.493540 0.881995 -0.059565
v 0.494435 0.887500 -0.057405
v 0.493635 0.885195 -0.059335
v 0.539535 0.888120 -0.067745
v 0.538450 0.881995 -0.073190
v 0.538905 0.887500 -0.070895
v 0.538500 0.885195 -0.072945
v 0.585155 0.882005 -0.065155
v 0.585155 0.887500 -0.068875
v 0.585155 0.885200 -0.066205
v 0.629395 0.882005 -0.060795
v 0.629600 0.885200 -0.061830
v 0.630120 0.887500 -0.064445
v 0.671935 0.882005 -0.047895
v 0.672335 0.885200 -0.048865
v 0.673355 0.887500 -0.051330
v 0.711135 0.882005 -0.026940
v 0.711720 0.885200 -0.027815
v 0.713205 0.887500 -0.030030
v 0.745500 0.882005 0.001265
v 0.746245 0.885200 0.000520
v 0.748130 0.887500 -0.001365
v 0.773700 0.882005 0.035625
v 0.774575 0.885200 0.035040
v 0.776795 0.887500 0.033560
v 0.794655 0.882005 0.074830
v 0.795630 0.885200 0.074425
v 0.798090 0.887500 0.073405
v 0.807560 0.882005 0.117370
v 0.808590 0.885200 0.117165
v 0.811205 0.887500 0.116645
v 0.811915 0.882005 0.161610
v 0.812970 0.885200 0.161610
v 0.815635 0.887500 0.161610
v 0.807560 0.882005 0.205850
v 0.808590 0.885200 0.206055
v 0.811205 0.887500 0.206575
v 0.794655 0.882005 0.248385
v 0.795630 0.885200 0.248790
v 0.798090 0.887500 0.249810
v 0.773700 0.882005 0.287590
v 0.774575 0.885200 0.288175
v 0.776795 0.887500 0.289655
v 0.745500 0.882005 0.321955
v 0.746245 0.885200 0.322700
v 0.748130 0.887500 0.324585
v 0.711135 0.882005 0.350155
v 0.711720 0.885200 0.351030
v 0.713205 0.887500 0.353245
v 0.671935 0.882005 0.371110
v 0.672335 0.885200 0.372080
v 0.673355 0.887500 0.374545
v 0.629395 0.882005 0.384015
v 0.629600 0.885200 0.385045
v 0.630120 0.887500 0.387660
v 0.585155 0.882005 0.388370
v 0.585155 0.885200 0.389425
v 0.585155 0.887500 0.392090
v 0.540915 0.882005 0.384015
v 0.540710 0.885200 0.385045
v 0.540190 0.887500 0.387660
v 0.498375 0.882005 0.371110
v 0.497975 0.885200 0.372080
v 0.496955 0.887500 0.374545
v 0.459170 0.882005 0.350155
v 0.458585 0.885200 0.351030
v 0.457105 0.887500 0.353245
v 0.424810 0.882005 0.321955
v 0.424065 0.885200 0.322700
v 0.422180 0.887500 0.324585
v 0.396610 0.882005 0.287590
v 0.395735 0.885200 0.288175
v 0.393515 0.887500 0.289655
v 0.375655 0.882005 0.248385
v 0.374680 0.885200 0.248790
v 0.372215 0.887500 0.249810
v 0.362750 0.882005 0.205850
v 0.361715 0.885200 0.206055
v 0.359100 0.887500 0.206575
v 0.358390 0.882005 0.161610
v 0.357340 0.885200 0.161610
v 0.354675 0.887500 0.161610
v 0.362750 0.882005 0.117370
v 0.361715 0.885200 0.117165
v 0.359100 0.887500 0.116645
v 0.375655 0.882005 0.074830
v 0.374680 0.885200 0.074425
v 0.372215 0.887500 0.073405
v 0.396610 0.882005 0.035625
v 0.395735 0.885200 0.035040
v 0.393515 0.887500 0.033560
v 0.424810 0.882005 0.001265
v 0.424065 0.885200 0.000520
v 0.422180 0.887500 -0.001365
v 0.459170 0.882005 -0.026940
v 0.458585 0.885200 -0.027815
v 0.457105 0.887500 -0.030030
v 0.498375 0.882005 -0.047895
v 0.497975 0.885200 -0.048865
v 0.496955 0.887500 -0.051330
v 0.540915 0.882005 -0.060795
v 0.540710 0.885200 -0.061830
v 0.540190 0.887500 -0.064445
v 0.453450 0.887500 0.358715
vn -0.0748 -0.3086 0.9482
vn -0.1745 -0.3014 0.9374
vn -0.1546 -0.3737 0.9146
vn -0.0736 -0.4020 0.9127
vn -0.0000 -0.0764 0.9971
vn -0.0001 -0.0868 0.9962
vn 0.0810 -0.0862 0.9930
vn 0.0819 -0.0753 0.9938
vn 0.7606 -0.0753 0.6448
vn 0.7595 -0.0862 0.6448
vn 0.8081 -0.0873 0.5826
vn 0.8099 -0.0729 0.5820
vn 0.4013 -0.1777 0.8985
vn 0.0752 -0.1954 0.9778
vn 0.0817 -0.2016 0.9760
vn 0.4615 -0.2170 0.8602
vn -0.0000 -0.3147 0.9492
vn -0.0000 -0.4100 0.9121
vn -0.0816 -0.0753 0.9938
vn -0.0807 -0.0918 0.9925
vn 0.0007 -0.5123 0.8588
vn 0.0616 -0.5016 0.8629
vn 0.0764 -0.4084 0.9096
vn -0.0846 -0.1822 0.9796
vn -0.1694 -0.1833 0.9684
vn -0.1740 -0.2281 0.9580
vn -0.0863 -0.2371 0.9676
vn -0.0003 -0.2448 0.9696
vn -0.0660 -0.4960 0.8658
vn 0.1528 -0.3803 0.9121
vn 0.1734 -0.3003 0.9379
vn 0.0743 -0.3079 0.9485
vn 0.1595 -0.0873 0.9833
vn 0.1609 -0.0729 0.9843
vn 0.1681 -0.2641 0.9497
vn 0.0844 -0.2521 0.9640
vn -0.1599 -0.0730 0.9844
vn -0.1580 -0.1028 0.9821
vn -0.0000 -1.0000 -0.0000
vn -0.0147 -0.9834 0.1807
vn -0.0000 -0.9817 0.1902
vn -0.3647 -0.2988 0.8819
vn -0.1064 -0.2935 0.9500
vn -0.0979 -0.0826 0.9918
vn -0.3462 -0.0861 0.9342
vn 0.0726 -0.9813 0.1784
vn 0.0227 -0.9762 0.2157
vn 0.1384 -0.9752 0.1729
vn -0.0000 -0.1047 0.9945
vn 0.0804 -0.1035 0.9914
vn 0.1623 -0.2018 0.9659
vn 0.0815 -0.1891 0.9786
vn -0.0007 -0.1841 0.9829
vn 0.6175 -0.3089 0.7234
vn 0.5402 -0.3012 0.7858
vn 0.5392 -0.3676 0.7577
vn 0.5965 -0.3967 0.6978
vn -0.1234 -0.2222 0.9672
vn -0.3421 -0.1545 0.9269
vn -0.2799 -0.1901 0.9410
vn -0.0506 -0.2158 0.9751
vn 0.9938 -0.0752 -0.0819
vn 0.9930 -0.0862 -0.0810
vn 0.9833 -0.0873 -0.1596
vn 0.9843 -0.0729 -0.1608
vn 0.9263 -0.1531 0.3444
vn 0.8103 -0.1833 0.5567
vn 0.8145 -0.1839 0.5502
vn 0.9407 -0.1818 0.2864
vn 0.6711 -0.3148 0.6712
vn 0.6457 -0.4073 0.6459
vn 0.6450 -0.0752 0.7604
vn 0.6448 -0.0915 0.7589
vn 0.7044 -0.0865 0.7045
vn 0.7050 -0.0763 0.7051
vn 0.6109 -0.5038 0.6107
vn 0.6619 -0.4866 0.5702
vn 0.6977 -0.3992 0.5949
vn 0.6329 -0.1823 0.7525
vn 0.5650 -0.1833 0.8044
vn 0.5543 -0.2280 0.8005
vn 0.6232 -0.2371 0.7452
vn 0.6854 -0.2450 0.6857
vn 0.5690 -0.4845 0.6645
vn 0.7557 -0.3714 0.5395
vn 0.7851 -0.2998 0.5419
vn 0.7232 -0.3082 0.6180
vn 0.4158 -0.0862 0.9053
vn 0.6321 -0.0825 0.7705
vn 0.6661 -0.0986 0.7393
vn 0.4827 -0.1026 0.8698
vn 0.7903 -0.2641 0.5529
vn 0.7414 -0.2519 0.6220
vn 0.5830 -0.0729 0.8092
vn 0.5826 -0.1028 0.8062
vn -0.0297 -0.9973 -0.0666
vn 0.1359 -0.9789 0.1528
vn 0.1430 -0.9793 0.1433
vn -0.0694 -0.9973 -0.0225
vn -0.0725 -0.9973 -0.0076
vn 0.1785 -0.9839 -0.0000
vn 0.1681 -0.9857 -0.0134
vn -0.0429 -0.9973 -0.0590
vn -0.0542 -0.9973 -0.0488
vn 0.1516 -0.9862 0.0671
vn 0.1658 -0.9707 0.1740
vn 0.1431 -0.9822 0.1219
vn 0.7032 -0.1049 0.7032
vn 0.7578 -0.1035 0.6442
vn 0.6946 -0.1841 0.6955
vn 0.9482 -0.3088 0.0748
vn 0.9374 -0.3014 0.1745
vn 0.9146 -0.3732 0.1555
vn 0.9134 -0.4005 0.0732
vn 0.9659 -0.2018 -0.1624
vn 0.9786 -0.1891 -0.0815
vn 0.9640 -0.2521 -0.0843
vn 0.9497 -0.2641 -0.1682
vn 0.6343 -0.1891 -0.7496
vn 0.6955 -0.1839 -0.6946
vn 0.6858 -0.2451 -0.6853
vn 0.6220 -0.2520 -0.7414
vn 0.9007 -0.1483 -0.4083
vn 0.9663 -0.1810 -0.1828
vn 0.9658 -0.1800 -0.1868
vn 0.8701 -0.1748 -0.4608
vn 0.9491 -0.3149 -0.0000
vn 0.9145 -0.4046 0.0037
vn 0.9938 -0.0752 0.0816
vn 0.9925 -0.0916 0.0807
vn 0.9962 -0.0867 0.0001
vn 0.9971 -0.0762 -0.0000
vn 0.8579 -0.5138 0.0089
vn 0.8764 -0.4784 -0.0547
vn 0.9192 -0.3876 -0.0699
vn 0.9796 -0.1822 0.0846
vn 0.9683 -0.1833 0.1698
vn 0.9580 -0.2281 0.1738
vn 0.9676 -0.2372 0.0862
vn 0.9696 -0.2447 0.0003
vn 0.8648 -0.4982 0.0628
vn 0.9188 -0.3631 -0.1550
vn 0.9389 -0.2991 -0.1703
vn 0.9484 -0.3083 -0.0744
vn 0.9829 -0.1840 0.0007
vn 0.9844 -0.0729 0.1600
vn 0.9821 -0.1026 0.1579
vn -0.0725 -0.9973 0.0076
vn 0.1693 -0.9855 0.0131
vn -0.0429 -0.9973 0.0590
vn -0.0297 -0.9973 0.0666
vn 0.1426 -0.9794 -0.1429
vn 0.1371 -0.9786 -0.1532
vn -0.0694 -0.9973 0.0225
vn -0.0632 -0.9973 0.0365
vn 0.1493 -0.9866 -0.0657
vn 0.1938 -0.9810 -0.0129
vn -0.0632 -0.9973 -0.0365
vn 0.1933 -0.9810 0.0157
vn 0.9945 -0.1044 -0.0000
vn 0.9914 -0.1034 -0.0804
vn 0.7235 -0.3085 -0.6176
vn 0.7864 -0.3016 -0.5391
vn 0.7557 -0.3818 -0.5321
vn 0.6946 -0.4073 -0.5929
vn 0.5683 -0.2020 -0.7976
vn 0.5526 -0.2641 -0.7905
vn -0.0815 -0.1888 -0.9786
vn 0.0006 -0.1839 -0.9830
vn 0.0003 -0.2446 -0.9696
vn -0.0844 -0.2518 -0.9641
vn 0.3461 -0.1481 -0.9264
vn 0.5594 -0.1819 -0.8087
vn 0.5559 -0.1787 -0.8118
vn 0.2865 -0.1737 -0.9422
vn 0.6712 -0.3149 -0.6711
vn 0.6423 -0.4177 -0.6426
vn 0.7605 -0.0753 -0.6450
vn 0.7589 -0.0915 -0.6447
vn 0.7045 -0.0868 -0.7044
vn 0.7050 -0.0763 -0.7050
vn 0.5485 -0.6322 -0.5472
vn 0.5334 -0.5753 -0.6201
vn 0.5896 -0.4127 -0.6943
vn 0.7526 -0.1820 -0.6329
vn 0.8047 -0.1832 -0.5647
vn 0.8002 -0.2282 -0.5546
vn 0.7453 -0.2370 -0.6232
vn 0.6253 -0.5705 -0.5325
vn 0.5320 -0.3880 -0.7526
vn 0.5401 -0.3005 -0.7861
vn 0.6182 -0.3079 -0.7232
vn 0.7952 -0.2219 -0.5643
vn 0.7563 -0.2123 -0.6188
vn 0.8090 -0.0730 -0.5832
vn 0.8064 -0.1026 -0.5824
vn 0.1430 -0.9822 -0.1219
vn -0.0000 -0.9817 -0.1902
vn -0.0148 -0.9834 -0.1810
vn 0.0728 -0.9812 -0.1788
vn 0.1385 -0.9751 -0.1731
vn -0.0542 -0.9973 0.0488
vn 0.1670 -0.9697 -0.1783
vn 0.7032 -0.1046 -0.7033
vn 0.6448 -0.0750 -0.7607
vn 0.6441 -0.1033 -0.7579
vn 0.6448 -0.0862 -0.7595
vn 0.0748 -0.3089 -0.9482
vn 0.1739 -0.3012 -0.9376
vn 0.1361 -0.3483 -0.9275
vn 0.0824 -0.3987 -0.9134
vn 0.3464 -0.0861 -0.9341
vn 0.0981 -0.0826 -0.9917
vn 0.0605 -0.0962 -0.9935
vn 0.2745 -0.0967 -0.9567
vn -0.7496 -0.1890 -0.6343
vn -0.6946 -0.1838 -0.6955
vn -0.6854 -0.2447 -0.6858
vn -0.7414 -0.2520 -0.6220
vn -0.3827 -0.1111 -0.9172
vn -0.2686 -0.1649 -0.9490
vn -0.2634 -0.1634 -0.9507
vn -0.4331 -0.1407 -0.8903
vn -0.0000 -0.3149 -0.9491
vn -0.0003 -0.3955 -0.9184
vn 0.0816 -0.0752 -0.9938
vn 0.0807 -0.0916 -0.9925
vn 0.0001 -0.0866 -0.9962
vn -0.0000 -0.0764 -0.9971
vn 0.0009 -0.5681 -0.8230
vn -0.0689 -0.5102 -0.8573
vn -0.0849 -0.4071 -0.9094
vn 0.0846 -0.1821 -0.9796
vn 0.1695 -0.1833 -0.9683
vn 0.1743 -0.2281 -0.9579
vn 0.0863 -0.2371 -0.9677
vn 0.0710 -0.5076 -0.8586
vn -0.1354 -0.3537 -0.9255
vn -0.1730 -0.3002 -0.9381
vn -0.0743 -0.3080 -0.9485
vn 0.1561 -0.2214 -0.9626
vn 0.0875 -0.2108 -0.9736
vn -0.1681 -0.2642 -0.9497
vn 0.1605 -0.0728 -0.9843
vn 0.1584 -0.1026 -0.9820
vn 0.0148 -0.9834 -0.1810
vn 0.0297 -0.9973 0.0666
vn -0.1425 -0.9794 -0.1428
vn -0.1431 -0.9822 -0.1219
vn -0.0727 -0.9813 -0.1783
vn -0.0228 -0.9762 -0.2158
vn 0.0227 -0.9761 -0.2159
vn -0.0000 -0.1047 -0.9945
vn -0.0819 -0.0752 -0.9938
vn -0.0804 -0.1034 -0.9914
vn -0.0811 -0.0862 -0.9930
vn -0.6176 -0.3087 -0.7234
vn -0.5388 -0.3018 -0.7866
vn -0.5359 -0.3771 -0.7554
vn -0.5915 -0.4056 -0.6969
vn -0.7975 -0.2020 -0.5684
vn -0.7904 -0.2640 -0.5528
vn -0.9786 -0.1890 0.0815
vn -0.9829 -0.1839 -0.0007
vn -0.9696 -0.2447 -0.0003
vn -0.9640 -0.2520 0.0844
vn -0.9190 -0.1088 -0.3790
vn -0.8621 -0.1640 -0.4795
vn -0.8592 -0.1627 -0.4851
vn -0.9359 -0.1395 -0.3234
vn -0.6711 -0.3149 -0.6711
vn -0.6441 -0.4108 -0.6452
vn -0.6450 -0.0752 -0.7605
vn -0.6447 -0.0918 -0.7589
vn -0.7044 -0.0868 -0.7045
vn -0.7051 -0.0763 -0.7050
vn -0.6030 -0.5193 -0.6056
vn -0.6554 -0.5001 -0.5660
vn -0.6970 -0.4044 -0.5922
vn -0.6328 -0.1821 -0.7526
vn -0.5651 -0.1833 -0.8044
vn -0.5544 -0.2281 -0.8004
vn -0.6232 -0.2371 -0.7452
vn -0.5627 -0.5033 -0.6558
vn -0.7545 -0.3771 -0.5371
vn -0.7855 -0.3000 -0.5413
vn -0.7233 -0.3080 -0.6181
vn -0.4658 -0.2054 -0.8607
vn -0.5278 -0.2015 -0.8252
vn -0.5827 -0.0728 -0.8094
vn -0.5825 -0.1027 -0.8063
vn 0.0429 -0.9973 0.0590
vn -0.1370 -0.9787 -0.1531
vn 0.0725 -0.9973 0.0076
vn 0.0725 -0.9973 -0.0076
vn -0.1778 -0.9841 -0.0000
vn -0.1697 -0.9854 0.0132
vn 0.0542 -0.9973 0.0488
vn 0.0632 -0.9973 0.0365
vn -0.1493 -0.9866 -0.0658
vn -0.1669 -0.9697 -0.1782
vn -0.1385 -0.9751 -0.1731
vn -0.7032 -0.1045 -0.7032
vn -0.7607 -0.0752 -0.6448
vn -0.7578 -0.1036 -0.6442
vn -0.7595 -0.0862 -0.6448
vn -0.9449 -0.3176 -0.0791
vn -0.9277 -0.3295 -0.1755
vn -0.8916 -0.4134 -0.1847
vn -0.9051 -0.4163 -0.0864
vn -0.9342 -0.0861 -0.3461
vn -0.9918 -0.0826 -0.0980
vn -0.9930 -0.0927 -0.0732
vn -0.9568 -0.0887 -0.2768
vn -0.6344 -0.1890 0.7496
vn -0.6955 -0.1840 0.6946
vn -0.6858 -0.2448 0.6854
vn -0.6220 -0.2520 0.7414
vn -0.8936 -0.1703 0.4152
vn -0.9743 -0.1909 0.1192
vn -0.9718 -0.1989 0.1269
vn -0.8559 -0.2108 0.4723
vn -0.9491 -0.3149 -0.0000
vn -0.9053 -0.4249 0.0011
vn -0.9938 -0.0753 -0.0816
vn -0.9925 -0.0916 -0.0807
vn -0.9962 -0.0866 -0.0001
vn -0.9971 -0.0764 -0.0000
vn -0.8004 -0.5994 0.0027
vn -0.8244 -0.5634 0.0555
vn -0.9057 -0.4179 0.0717
vn -0.9796 -0.1821 -0.0846
vn -0.9683 -0.1833 -0.1696
vn -0.9575 -0.2277 -0.1773
vn -0.9678 -0.2365 -0.0862
vn -0.8320 -0.5479 -0.0871
vn -0.9041 -0.3961 0.1600
vn -0.9376 -0.3008 0.1745
vn -0.9485 -0.3079 0.0743
vn -0.9374 -0.2045 -0.2820
vn -0.9566 -0.2009 -0.2113
vn -0.9498 -0.2641 0.1677
vn -0.9844 -0.0729 -0.1603
vn -0.9820 -0.1025 -0.1587
vn 0.0694 -0.9973 -0.0225
vn -0.1685 -0.9856 -0.0135
vn 0.0297 -0.9973 -0.0666
vn -0.1430 -0.9793 0.1433
vn -0.1358 -0.9789 0.1527
vn 0.0632 -0.9973 -0.0365
vn 0.0542 -0.9973 -0.0488
vn -0.1520 -0.9861 0.0672
vn -0.1932 -0.9810 0.0157
vn 0.0694 -0.9973 0.0225
vn -0.1936 -0.9810 -0.0129
vn -0.9945 -0.1047 -0.0000
vn -0.9938 -0.0752 0.0819
vn -0.9914 -0.1036 0.0804
vn -0.9930 -0.0861 0.0811
vn -0.7234 -0.3087 0.6176
vn -0.7866 -0.3018 0.5387
vn -0.7553 -0.3775 0.5357
vn -0.6966 -0.4056 0.5919
vn -0.5684 -0.2017 0.7977
vn -0.5529 -0.2641 0.7903
vn 0.7496 -0.1889 0.6343
vn -0.5815 -0.1836 0.7925
vn -0.5812 -0.1873 0.7919
vn -0.6711 -0.3148 0.6712
vn -0.6450 -0.4117 0.6438
vn -0.7605 -0.0753 0.6450
vn -0.7589 -0.0917 0.6447
vn -0.7045 -0.0866 0.7044
vn -0.7051 -0.0763 0.7050
vn -0.6049 -0.5211 0.6021
vn -0.5652 -0.5051 0.6522
vn -0.5903 -0.4072 0.6969
vn -0.7524 -0.1823 0.6329
vn -0.8046 -0.1833 0.5649
vn -0.8003 -0.2281 0.5544
vn -0.7452 -0.2371 0.6232
vn -0.6559 -0.5051 0.5609
vn -0.5363 -0.3802 0.7536
vn -0.5409 -0.3003 0.7857
vn -0.6181 -0.3080 0.7232
vn -0.7497 -0.2281 0.6212
vn -0.7056 -0.2235 0.6724
vn -0.8093 -0.0730 0.5828
vn -0.8064 -0.1027 0.5824
vn -0.1430 -0.9822 0.1218
vn -0.5966 -0.2904 0.7481
vn -0.6018 -0.0837 0.7942
vn -0.0230 -0.9762 0.2157
vn -0.0728 -0.9812 0.1786
vn 0.0429 -0.9973 -0.0590
vn -0.1658 -0.9707 0.1740
vn -0.1384 -0.9751 0.1732
vn -0.6448 -0.0862 0.7595
vn -0.6448 -0.0752 0.7606
vn 0.8083 -0.1015 0.5799
vn 0.6480 -0.2292 0.7264
vn 0.6956 -0.2211 0.6836
vn 0.9817 -0.1013 -0.1615
vn 0.9618 -0.2234 0.1584
vn 0.9719 -0.2158 0.0942
vn -0.1930 -0.1576 -0.9685
vn -0.1951 0.0050 -0.9808
vn -0.0000 0.0050 -1.0000
vn -0.0000 -0.1574 -0.9875
vn 0.9908 -0.1353 -0.0001
vn 0.9718 -0.1351 0.1933
vn 0.9504 -0.2818 0.1316
vn 0.9032 -0.4293 0.0010
vn -0.1934 -0.1382 0.9713
vn -0.3792 -0.1390 0.9148
vn -0.3779 -0.1637 0.9113
vn -0.1442 -0.2563 0.9558
vn -0.9116 -0.1612 -0.3782
vn -0.8240 -0.1549 -0.5450
vn -0.7233 -0.3638 -0.5869
vn -0.9118 -0.1447 -0.3843
vn 0.7002 -0.1375 -0.7006
vn 0.8235 -0.1368 -0.5505
vn 0.7871 -0.2421 -0.5674
vn 0.6660 -0.3407 -0.6636
vn 0.5503 -0.1356 0.8239
vn 0.3789 -0.1361 0.9154
vn 0.3763 -0.1723 0.9104
vn 0.5728 -0.2684 0.7745
vn -0.9154 -0.1490 0.3739
vn -0.9687 -0.1507 0.1970
vn -0.9565 -0.2594 0.1337
vn -0.9166 -0.1474 0.3716
vn 0.1937 -0.1593 -0.9680
vn 0.1448 -0.2326 -0.9617
vn 0.0013 -0.4238 -0.9058
vn -0.1571 -0.2217 -0.9624
vn 0.9154 -0.1349 0.3792
vn 0.9104 -0.1667 0.3787
vn -0.5503 -0.1398 0.8232
vn -0.5711 -0.2495 0.7821
vn -0.7000 -0.1429 -0.6997
vn -0.6335 -0.4436 -0.6339
vn 0.9152 -0.1362 -0.3793
vn 0.9114 -0.1694 -0.3751
vn 0.1931 -0.1367 0.9716
vn 0.1506 -0.2511 0.9562
vn -0.9897 -0.1428 -0.0000
vn -0.9393 -0.3431 -0.0005
vn 0.3713 -0.1504 -0.9163
vn 0.3638 -0.1607 -0.9175
vn 0.8238 -0.1349 0.5505
vn 0.7759 -0.2649 0.5725
vn -0.7002 -0.1406 0.6999
vn -0.6526 -0.3866 0.6516
vn -0.5450 -0.1545 -0.8241
vn -0.5866 -0.3529 -0.7289
vn 0.9717 -0.1356 -0.1934
vn 0.9540 -0.2643 -0.1419
vn -0.0002 -0.1374 0.9905
vn -0.0006 -0.3842 0.9233
vn -0.9681 -0.1536 -0.1979
vn -0.9552 -0.2637 -0.1341
vn 0.5500 -0.1383 -0.8236
vn 0.5642 -0.2358 -0.7912
vn 0.7006 -0.1352 0.7007
vn 0.6456 -0.4063 0.6466
vn -0.8232 -0.1414 0.5498
vn -0.7776 -0.2558 0.5743
vn -0.3786 -0.1603 -0.9116
vn -0.3769 -0.1498 -0.9140
vn 0.7942 -0.0837 0.6019
vn 0.9341 -0.0861 0.3464
vn 0.9567 -0.0952 0.2752
vn 0.8208 -0.1082 0.5609
vn -0.9834 -0.0871 0.1594
vn -0.9843 -0.0729 0.1610
vn -0.7941 -0.0837 -0.6020
vn -0.8267 -0.1044 -0.5529
vn 0.7977 -0.2020 0.5682
vn 0.1362 -0.0836 0.9871
vn 0.1725 -0.1125 0.9786
vn -0.1597 -0.0873 -0.9833
vn -0.1609 -0.0730 -0.9843
vn 0.6018 -0.0837 -0.7942
vn 0.5626 -0.1090 -0.8195
vn -0.4156 -0.0860 -0.9055
vn -0.6320 -0.0826 -0.7705
vn -0.6506 -0.0928 -0.7537
vn -0.4809 -0.0887 -0.8723
vn -0.1361 -0.0840 -0.9871
vn -0.1932 -0.1044 -0.9756
vn -0.0575 -0.0969 0.9936
vn -0.2744 -0.0985 0.9566
vn -0.5650 -0.1099 0.8177
vn 0.9055 -0.0860 -0.4156
vn 0.7704 -0.0826 -0.6322
vn 0.7461 -0.0959 -0.6589
vn 0.8710 -0.0959 -0.4819
vn 0.9872 -0.0837 -0.1360
vn 0.9771 -0.1084 -0.1829
vn -0.9053 -0.0861 0.4159
vn -0.7704 -0.0826 0.6322
vn -0.7426 -0.0973 0.6626
vn -0.8703 -0.0991 0.4824
vn -0.9871 -0.0836 0.1362
vn -0.9779 -0.1103 0.1778
vn 0.9918 -0.0826 0.0979
vn 0.9935 -0.0956 0.0622
vn 0.3890 -0.0671 0.9188
vn 0.0981 -0.1764 0.9794
vn 0.6296 -0.1727 0.7574
vn 0.6400 -0.2389 0.7303
vn 0.3897 -0.0264 0.9206
vn 0.0743 -0.2305 0.9702
vn 0.3839 -0.0928 0.9187
vn 0.2280 -0.1524 0.9617
vn 0.5252 -0.1666 0.8345
vn 0.6193 -0.5353 0.5744
vn 0.5684 -0.5944 0.5689
vn 0.9762 -0.1772 0.1248
vn 0.9255 -0.0654 0.3731
vn 0.7850 -0.1811 0.5924
vn 0.9261 -0.0392 0.3752
vn 0.7351 -0.2347 0.6360
vn 0.9683 -0.2438 0.0554
vn 0.9639 -0.1724 0.2029
vn 0.9213 -0.0918 0.3779
vn 0.8358 -0.1560 0.5264
vn 0.8287 -0.5588 -0.0313
vn 0.5751 -0.5355 0.6185
vn 0.5819 -0.0728 -0.8100
vn 0.5797 -0.1014 -0.8085
vn 0.5827 -0.0873 -0.8080
vn -0.1622 -0.1012 -0.9815
vn -0.1620 -0.2019 -0.9659
vn -0.8100 -0.0729 -0.5818
vn -0.8085 -0.1013 -0.5797
vn -0.8082 -0.0872 -0.5823
vn -0.9816 -0.1014 0.1619
vn -0.9660 -0.2019 0.1616
vn -0.6442 -0.1034 0.7579
vn -0.5821 -0.0729 0.8098
vn -0.5795 -0.1014 0.8086
vn -0.5827 -0.0873 0.8080
vn 0.9170 -0.0772 -0.3914
vn 0.9747 -0.1817 -0.1303
vn 0.7730 -0.1806 -0.6082
vn 0.7311 -0.2429 -0.6376
vn 0.9207 -0.0309 -0.3891
vn 0.9704 -0.2303 -0.0721
vn 0.9190 -0.0818 -0.3856
vn 0.9637 -0.1607 -0.2131
vn 0.8354 -0.1565 -0.5268
vn 0.7807 -0.6249 0.0053
vn 0.8254 -0.5637 0.0309
vn 0.5864 -0.5441 -0.6001
vn 0.5510 -0.6257 -0.5522
vn 0.3723 -0.0747 -0.9251
vn 0.5975 -0.1756 -0.7824
vn 0.1188 -0.1727 -0.9778
vn 0.0835 -0.2011 -0.9760
vn 0.3751 -0.0271 -0.9266
vn 0.6312 -0.2361 -0.7388
vn 0.3676 -0.0611 -0.9280
vn 0.5108 -0.1370 -0.8487
vn 0.2183 -0.0780 -0.9728
vn 0.6025 -0.5355 -0.5918
vn -0.3846 -0.0535 -0.9215
vn -0.1810 -0.1781 -0.9672
vn -0.5635 -0.1749 -0.8074
vn -0.6337 -0.2431 -0.7344
vn -0.3900 -0.0332 -0.9202
vn -0.0992 -0.1915 -0.9765
vn -0.3873 -0.0397 -0.9211
vn -0.2299 -0.0695 -0.9707
vn -0.5315 -0.1018 -0.8409
vn 0.0022 -0.5282 -0.8491
vn -0.0085 -0.5500 -0.8351
vn -0.0030 -0.6528 -0.7575
vn -0.9228 -0.0555 -0.3813
vn -0.8093 -0.1764 -0.5603
vn -0.9706 -0.1737 -0.1664
vn -0.9653 -0.2503 -0.0748
vn -0.9263 -0.0385 -0.3748
vn -0.7443 -0.2358 -0.6248
vn -0.9231 -0.0427 -0.3821
vn -0.8389 -0.1000 -0.5351
vn -0.9686 -0.1134 -0.2214
vn -0.5962 -0.5009 -0.6274
vn -0.5425 -0.6391 -0.5452
vn -0.6251 -0.5074 -0.5931
vn -0.9157 -0.0628 0.3970
vn -0.9716 -0.1934 0.1364
vn -0.7682 -0.1732 0.6163
vn -0.7337 -0.2415 0.6351
vn -0.9155 -0.0309 0.4012
vn -0.9665 -0.2488 0.0637
vn -0.9202 -0.0544 0.3877
vn -0.9698 -0.0833 0.2291
vn -0.8332 -0.1517 0.5318
vn -0.8870 -0.4617 -0.0087
vn -0.8181 -0.5750 0.0021
vn -0.8718 -0.4897 -0.0063
vn -0.3711 -0.0741 0.9256
vn -0.6015 -0.1710 0.7804
vn -0.1150 -0.1691 0.9789
vn -0.0723 -0.2429 0.9674
vn -0.3750 -0.0335 0.9264
vn -0.6277 -0.2328 0.7429
vn -0.3785 -0.0844 0.9217
vn -0.5248 -0.1477 0.8383
vn -0.2143 -0.1620 0.9632
vn -0.6214 -0.5251 0.5815
vn -0.5777 -0.5788 0.5755
vn -0.5781 -0.5316 0.6190
vn -0.0290 -0.5267 0.8496
vn 0.0317 -0.5314 0.8465
vn 0.0002 -0.5764 0.8172
vn -0.0804 -0.1035 0.9914
vn 0.3647 -0.2987 0.8819
vn 0.5966 -0.2906 0.7481
vn -0.1616 -0.1016 0.9816
vn 0.1619 -0.1015 0.9816
vn 0.0147 -0.9834 0.1806
vn 0.6441 -0.1037 0.7578
vn 0.8675 -0.3388 0.3642
vn 0.9422 -0.3155 0.1126
vn 0.5800 -0.1017 0.8082
vn 0.9914 -0.1034 0.0804
vn 0.8658 -0.3441 -0.3633
vn 0.7614 -0.3092 -0.5698
vn 0.9816 -0.1016 0.1616
vn 0.7579 -0.1037 -0.6441
vn 0.3647 -0.2987 -0.8819
vn 0.1063 -0.2936 -0.9500
vn 0.8083 -0.1016 -0.5799
vn 0.0804 -0.1035 -0.9914
vn -0.3646 -0.2986 -0.8820
vn -0.5969 -0.2908 -0.7478
vn 0.1615 -0.1017 -0.9816
vn -0.6442 -0.1032 -0.7579
vn -0.8658 -0.3442 -0.3632
vn -0.9412 -0.3173 -0.1159
vn -0.5796 -0.1014 -0.8085
vn -0.9914 -0.1037 -0.0804
vn -0.8676 -0.3387 0.3642
vn -0.7614 -0.3061 0.5715
vn -0.9816 -0.1016 -0.1616
vn -0.7032 -0.1043 0.7032
vn -0.8084 -0.1017 0.5798
vn -0.7578 -0.1035 0.6442
vn 0.1066 -0.2934 0.9500
vn 0.7614 -0.3062 0.5714
vn 0.9413 -0.3171 -0.1158
vn 0.5966 -0.2905 -0.7481
vn -0.1066 -0.2936 -0.9500
vn -0.7617 -0.3094 -0.5693
vn -0.9422 -0.3155 0.1126
vn -0.0152 -0.9973 0.0714
vn -0.0000 -0.9973 0.0730
vn 0.0152 -0.9973 0.0714
vn -0.0474 -0.9932 0.1064
vn -0.0242 -0.9932 0.1139
vn 0.0296 -0.9995 0.0096
vn 0.0270 -0.9995 0.0156
vn 0.0116 -0.9999 0.0067
vn 0.0127 -0.9999 0.0041
vn 0.0539 -0.9984 0.0175
vn 0.0491 -0.9984 0.0283
vn 0.1108 -0.9932 0.0360
vn 0.1009 -0.9932 0.0582
vn -0.0310 -0.9995 -0.0033
vn -0.0296 -0.9995 -0.0096
vn -0.0127 -0.9999 -0.0041
vn -0.0133 -0.9999 -0.0014
vn -0.0564 -0.9984 -0.0059
vn -0.0539 -0.9984 -0.0175
vn -0.1158 -0.9932 -0.0122
vn -0.1108 -0.9932 -0.0360
vn -0.0065 -0.9995 -0.0305
vn -0.0000 -0.9995 -0.0311
vn -0.0000 -0.9999 -0.0133
vn -0.0028 -0.9999 -0.0131
vn -0.0118 -0.9984 -0.0554
vn -0.0000 -0.9984 -0.0567
vn -0.0242 -0.9932 -0.1139
vn -0.0000 -0.9932 -0.1165
vn -0.0152 -0.9973 -0.0714
vn -0.0000 -0.9973 -0.0729
vn -0.0078 -0.9999 -0.0108
vn -0.0054 -0.9999 -0.0122
vn -0.0116 -0.9999 -0.0067
vn -0.0099 -0.9999 -0.0089
vn 0.0099 -0.9999 -0.0089
vn 0.0116 -0.9999 -0.0067
vn 0.0127 -0.9999 -0.0041
vn 0.0133 -0.9999 -0.0014
vn 0.0099 -0.9999 0.0089
vn 0.0133 -0.9999 0.0014
vn 0.0054 -0.9999 -0.0122
vn 0.0078 -0.9999 -0.0108
vn 0.0054 -0.9999 0.0122
vn 0.0028 -0.9999 0.0131
vn -0.0116 -0.9999 0.0067
vn -0.0127 -0.9999 0.0041
vn -0.0000 -0.9999 0.0133
vn -0.0054 -0.9999 0.0122
vn -0.0078 -0.9999 0.0108
vn 0.0078 -0.9999 0.0108
vn 0.0028 -0.9999 -0.0131
vn -0.0099 -0.9999 0.0089
vn -0.0133 -0.9999 0.0014
vn -0.0028 -0.9999 0.0131
vn 0.0152 -0.9973 -0.0714
vn -0.0230 -0.9984 0.0518
vn -0.0118 -0.9984 0.0554
vn -0.0127 -0.9995 0.0285
vn -0.0065 -0.9995 0.0305
vn -0.1009 -0.9932 0.0582
vn -0.0866 -0.9932 0.0779
vn -0.0491 -0.9984 0.0283
vn -0.0421 -0.9984 0.0379
vn -0.0270 -0.9995 0.0156
vn -0.0232 -0.9995 0.0208
vn 0.0242 -0.9932 -0.1139
vn 0.0118 -0.9984 -0.0554
vn 0.0065 -0.9995 -0.0305
vn 0.0685 -0.9932 0.0942
vn 0.0866 -0.9932 0.0779
vn 0.0333 -0.9984 0.0459
vn 0.0421 -0.9984 0.0379
vn 0.0183 -0.9995 0.0252
vn 0.0231 -0.9995 0.0208
vn -0.1158 -0.9932 0.0122
vn -0.1108 -0.9932 0.0360
vn -0.0564 -0.9984 0.0059
vn -0.0539 -0.9984 0.0175
vn -0.0310 -0.9995 0.0033
vn -0.0296 -0.9995 0.0096
vn -0.1009 -0.9932 -0.0582
vn -0.0491 -0.9984 -0.0283
vn -0.0270 -0.9995 -0.0156
vn -0.0000 -0.9932 0.1165
vn -0.0000 -0.9984 0.0567
vn -0.0000 -0.9995 0.0311
vn -0.0685 -0.9932 0.0942
vn -0.0333 -0.9984 0.0458
vn -0.0183 -0.9995 0.0252
vn 0.0474 -0.9932 -0.1064
vn 0.0231 -0.9984 -0.0518
vn 0.0127 -0.9995 -0.0285
vn 0.0474 -0.9932 0.1064
vn 0.0230 -0.9984 0.0518
vn 0.0127 -0.9995 0.0285
vn 0.1158 -0.9932 0.0122
vn 0.1158 -0.9932 -0.0122
vn 0.0564 -0.9984 0.0059
vn 0.0564 -0.9984 -0.0059
vn 0.0310 -0.9995 0.0033
vn 0.0310 -0.9995 -0.0033
vn 0.0242 -0.9932 0.1139
vn 0.0118 -0.9984 0.0554
vn 0.0065 -0.9995 0.0305
vn -0.0685 -0.9932 -0.0942
vn -0.0866 -0.9932 -0.0779
vn -0.0333 -0.9984 -0.0458
vn -0.0421 -0.9984 -0.0379
vn -0.0183 -0.9995 -0.0249
vn -0.0231 -0.9995 -0.0208
vn 0.0866 -0.9932 -0.0779
vn 0.0685 -0.9932 -0.0942
vn 0.0421 -0.9984 -0.0379
vn 0.0333 -0.9984 -0.0458
vn 0.0231 -0.9995 -0.0208
vn 0.0183 -0.9995 -0.0252
vn 0.1108 -0.9932 -0.0360
vn 0.1009 -0.9932 -0.0582
vn 0.0539 -0.9984 -0.0175
vn 0.0491 -0.9984 -0.0283
vn 0.0296 -0.9995 -0.0096
vn 0.0270 -0.9995 -0.0156
vn -0.0474 -0.9932 -0.1064
vn -0.0231 -0.9984 -0.0518
vn -0.0127 -0.9995 -0.0285
vn -0.0000 -0.2855 0.9584
vn 0.0783 -0.2898 0.9539
vn 0.0539 -0.7489 0.6605
vn -0.0000 -0.7389 0.6738
vn 0.4351 -0.7179 0.5435
vn 0.2557 -0.7404 0.6216
vn -0.0783 -0.2899 0.9539
vn -0.0539 -0.7489 0.6604
vn 0.0751 -0.7224 0.6874
vn -0.0751 -0.7224 0.6874
vn 0.6793 -0.2780 0.6792
vn 0.7312 -0.2837 0.6204
vn 0.5126 -0.7398 0.4359
vn 0.4870 -0.7249 0.4872
vn 0.6565 -0.7517 0.0623
vn 0.5688 -0.7846 0.2469
vn 0.6164 -0.2475 0.7476
vn 0.4611 -0.7072 0.5359
vn 0.5178 -0.7082 0.4800
vn 0.9545 -0.2981 -0.0000
vn 0.9502 -0.3015 -0.0786
vn 0.6413 -0.7656 -0.0520
vn 0.6544 -0.7562 -0.0000
vn 0.5167 -0.7062 -0.4841
vn 0.5633 -0.7894 -0.2442
vn 0.9509 -0.2990 0.0799
vn 0.6437 -0.7635 0.0516
vn 0.6566 -0.7521 -0.0572
vn 0.6791 -0.2785 -0.6791
vn 0.6158 -0.2429 -0.7495
vn 0.4637 -0.7039 -0.5381
vn 0.4879 -0.7237 -0.4881
vn 0.0755 -0.7223 -0.6875
vn 0.2557 -0.7404 -0.6217
vn 0.7313 -0.2832 -0.6205
vn 0.5129 -0.7394 -0.4362
vn 0.4351 -0.7177 -0.5436
vn -0.0000 -0.2855 -0.9584
vn -0.0783 -0.2898 -0.9539
vn -0.0539 -0.7487 -0.6607
vn -0.0000 -0.7387 -0.6740
vn -0.4351 -0.7178 -0.5436
vn -0.2557 -0.7403 -0.6218
vn 0.0783 -0.2897 -0.9539
vn 0.0539 -0.7487 -0.6607
vn -0.0751 -0.7225 -0.6873
vn -0.6792 -0.2783 -0.6791
vn -0.7313 -0.2832 -0.6204
vn -0.5129 -0.7394 -0.4362
vn -0.4879 -0.7237 -0.4881
vn -0.6565 -0.7522 -0.0572
vn -0.5630 -0.7896 -0.2442
vn -0.6159 -0.2427 -0.7495
vn -0.4638 -0.7037 -0.5382
vn -0.5164 -0.7066 -0.4838
vn -0.9545 -0.2982 -0.0000
vn -0.9509 -0.2991 0.0799
vn -0.6439 -0.7634 0.0516
vn -0.6544 -0.7561 -0.0000
vn -0.5180 -0.7079 0.4802
vn -0.5689 -0.7845 0.2468
vn -0.9502 -0.3016 -0.0785
vn -0.6412 -0.7657 -0.0519
vn -0.6566 -0.7516 0.0623
vn -0.6164 -0.2475 0.7475
vn -0.4611 -0.7072 0.5360
vn -0.6793 -0.2776 0.6793
vn -0.4869 -0.7250 0.4871
vn -0.7313 -0.2834 0.6204
vn -0.5126 -0.7397 0.4359
vn -0.4350 -0.7179 0.5435
vn -0.2557 -0.7404 0.6216
vn -0.0828 -0.1559 0.9843
vn -0.0005 -0.1419 0.9899
vn 0.6909 -0.1656 0.7037
vn 0.5054 -0.1784 0.8442
vn 0.0815 -0.1422 0.9865
vn 0.1583 -0.1471 0.9764
vn -0.1602 -0.1826 0.9701
vn 0.6374 -0.1559 0.7546
vn 0.6996 -0.1420 0.7002
vn 0.9857 -0.1576 0.0593
vn 0.9576 -0.1530 0.2440
vn 0.5726 -0.1826 0.7992
vn 0.7552 -0.1423 0.6399
vn 0.9843 -0.1558 0.0828
vn 0.9899 -0.1420 0.0005
vn 0.9700 -0.1825 0.1605
vn 0.9865 -0.1422 -0.0815
vn 0.9763 -0.1470 -0.1587
vn 0.7546 -0.1561 -0.6374
vn 0.7002 -0.1422 -0.6996
vn -0.0816 -0.1423 -0.9865
vn -0.1583 -0.1470 -0.9764
vn 0.7996 -0.1826 -0.5721
vn 0.6399 -0.1423 -0.7552
vn 0.5782 -0.1471 -0.8025
vn 0.0828 -0.1559 -0.9843
vn 0.0004 -0.1420 -0.9899
vn 0.1605 -0.1826 -0.9700
vn -0.7552 -0.1423 -0.6399
vn -0.8024 -0.1471 -0.5784
vn -0.6374 -0.1560 -0.7546
vn -0.6996 -0.1421 -0.7003
vn -0.9865 -0.1421 0.0815
vn -0.9764 -0.1469 0.1581
vn -0.5726 -0.1828 -0.7992
vn -0.9843 -0.1559 -0.0828
vn -0.9899 -0.1419 -0.0004
vn -0.9700 -0.1827 -0.1605
vn -0.7546 -0.1558 0.6374
vn -0.7003 -0.1419 0.6996
vn -0.7993 -0.1826 0.5725
vn -0.6399 -0.1422 0.7552
vn -0.5785 -0.1469 0.8024
vn 0.8021 -0.1471 0.5788
vn 0.1485 -0.1996 0.9686
vn 0.8220 -0.1860 0.5383
vn -0.8451 -0.1670 0.5079
vn -0.7184 -0.1623 0.6764
vn -0.9570 -0.1329 -0.2578
vn -0.9825 -0.1501 -0.1099
vn 0.2419 -0.1578 -0.9574
vn 0.0495 -0.1592 -0.9860
vn -0.4945 -0.1331 -0.8589
vn -0.6175 -0.1503 -0.7721
vn -0.2399 -0.1645 0.9568
vn -0.0359 -0.1616 0.9862
vn 0.8491 -0.1551 -0.5049
vn 0.7363 -0.1582 -0.6579
vn 0.9625 -0.1872 -0.1964
vn 0.5458 -0.1886 -0.8164
vn -0.2379 -0.1760 -0.9552
vn -0.8437 -0.1762 -0.5070
vn -0.9656 -0.1933 0.1739
vn -0.5561 -0.1922 0.8086
vn -1.0000 0.0050 -0.0000
vn -0.9808 0.0050 -0.1951
vn 0.3827 0.0049 -0.9239
vn 0.5555 0.0048 -0.8315
vn 0.8315 0.0048 0.5556
vn 0.7071 0.0048 0.7071
vn -0.7071 0.0051 0.7071
vn -0.8315 0.0052 0.5556
vn -0.5556 0.0047 -0.8314
vn -0.3827 0.0050 -0.9239
vn 0.9808 0.0049 -0.1951
vn 1.0000 0.0050 -0.0000
vn -0.0000 0.0050 1.0000
vn -0.1951 0.0050 0.9808
vn -0.9239 0.0050 -0.3827
vn 0.7071 0.0047 -0.7071
vn 0.5556 0.0050 0.8315
vn -0.9239 0.0050 0.3827
vn 0.9808 0.0049 0.1951
vn -0.3827 0.0048 0.9239
vn -0.8315 0.0050 -0.5556
vn 0.8314 0.0047 -0.5556
vn 0.3827 0.0047 0.9239
vn -0.9808 0.0050 0.1951
vn -0.1916 0.1872 0.9634
vn -0.0000 0.1869 0.9824
vn -0.0000 0.1158 0.9933
vn -0.1931 0.1150 0.9744
vn 0.9239 0.0048 0.3827
vn -0.5556 0.0049 0.8314
vn -0.7071 0.0050 -0.7071
vn 0.9239 0.0048 -0.3827
vn 0.1951 0.0050 0.9808
vn 0.1951 0.0049 -0.9808
vn -0.9075 0.1874 -0.3759
vn -0.9634 0.1873 -0.1916
vn -0.9762 0.0947 -0.1949
vn -0.9190 0.0971 -0.3821
vn 0.9823 0.1873 -0.0000
vn 0.9634 0.1874 -0.1917
vn 0.9762 0.0947 -0.1949
vn 0.9956 0.0938 -0.0000
vn -0.8168 0.1871 -0.5458
vn -0.8263 0.1007 -0.5541
vn 0.9634 0.1874 0.1916
vn 0.9762 0.0947 0.1949
vn -0.6947 0.1868 -0.6947
vn -0.7019 0.1049 -0.7045
vn 0.9076 0.1872 0.3759
vn 0.9190 0.0971 0.3820
vn -0.5457 0.1872 -0.8168
vn -0.5509 0.1091 -0.8274
vn 0.8168 0.1871 0.5458
vn 0.8263 0.1007 0.5541
vn -0.3760 0.1869 -0.9076
vn -0.3791 0.1126 -0.9185
vn 0.6946 0.1873 0.6946
vn 0.7019 0.1049 0.7045
vn -0.1917 0.1871 -0.9635
vn -0.1931 0.1150 -0.9744
vn 0.1916 0.1872 0.9634
vn 0.1931 0.1150 0.9744
vn 0.5458 0.1872 0.8168
vn 0.5509 0.1091 0.8274
vn -0.0000 0.1873 -0.9823
vn -0.0000 0.1158 -0.9933
vn -0.5458 0.1872 0.8168
vn -0.3759 0.1871 0.9076
vn -0.3791 0.1126 0.9185
vn -0.5509 0.1091 0.8274
vn 0.3759 0.1871 0.9076
vn 0.3791 0.1126 0.9185
vn 0.1917 0.1871 -0.9635
vn 0.1931 0.1150 -0.9744
vn -0.6946 0.1870 0.6946
vn -0.7019 0.1049 0.7045
vn 0.3759 0.1869 -0.9076
vn 0.3791 0.1126 -0.9185
vn -0.8167 0.1874 0.5457
vn -0.8263 0.1007 0.5541
vn 0.5457 0.1872 -0.8168
vn 0.5509 0.1091 -0.8274
vn -0.9075 0.1874 0.3759
vn -0.9190 0.0971 0.3821
vn 0.6946 0.1870 -0.6946
vn 0.7019 0.1049 -0.7045
vn -0.9634 0.1873 0.1916
vn -0.9762 0.0947 0.1949
vn 0.8167 0.1874 -0.5457
vn 0.8263 0.1007 -0.5542
vn -0.9824 0.1869 -0.0000
vn -0.9956 0.0938 -0.0000
vn 0.9076 0.1871 -0.3759
vn 0.9190 0.0971 -0.3821
vn -0.5184 0.3325 -0.7878
vn -0.6587 0.3443 -0.6690
vn -0.6589 0.3502 -0.6658
vn -0.5195 0.3361 -0.7856
vn 0.7733 0.3560 0.5247
vn 0.8579 0.3657 0.3609
vn 0.8549 0.3756 0.3578
vn 0.7719 0.3640 0.5212
vn -0.3576 0.3224 -0.8765
vn -0.3589 0.3240 -0.8753
vn 0.6587 0.3444 0.6689
vn 0.6589 0.3501 0.6658
vn -0.1824 0.3156 -0.9312
vn -0.1833 0.3160 -0.9309
vn -0.0000 0.3133 0.9497
vn 0.1825 0.3156 0.9312
vn 0.1833 0.3160 0.9309
vn -0.0000 0.3132 0.9497
vn 0.5184 0.3326 0.7878
vn 0.5195 0.3361 0.7856
vn -0.0000 0.3132 -0.9497
vn -0.0000 0.3131 -0.9497
vn -0.5184 0.3325 0.7878
vn -0.3575 0.3224 0.8765
vn -0.3589 0.3241 0.8753
vn -0.5195 0.3361 0.7856
vn 0.3576 0.3224 0.8765
vn 0.3588 0.3241 0.8753
vn 0.1824 0.3156 -0.9312
vn 0.1832 0.3160 -0.9309
vn -0.6587 0.3444 0.6689
vn -0.6589 0.3501 0.6658
vn 0.3576 0.3224 -0.8765
vn 0.3588 0.3240 -0.8753
vn -0.7733 0.3560 0.5247
vn -0.7719 0.3640 0.5212
vn -0.1940 0.1058 0.9753
vn -0.0000 0.1058 0.9944
vn -0.0000 0.0827 0.9966
vn -0.1944 0.0827 0.9774
vn 0.5184 0.3325 -0.7878
vn 0.5195 0.3360 -0.7856
vn -0.8579 0.3658 0.3608
vn -0.8549 0.3756 0.3578
vn -0.1825 0.3156 0.9312
vn -0.1833 0.3160 0.9309
vn 0.6587 0.3443 -0.6690
vn 0.6589 0.3501 -0.6658
vn -0.9098 0.3722 0.1838
vn -0.9055 0.3833 0.1820
vn 0.7733 0.3560 -0.5247
vn 0.7719 0.3640 -0.5212
vn -0.9272 0.3745 -0.0000
vn -0.9225 0.3859 -0.0000
vn 0.8579 0.3657 -0.3609
vn 0.8549 0.3756 -0.3578
vn -0.9098 0.3722 -0.1838
vn -0.9055 0.3833 -0.1820
vn 0.9098 0.3722 -0.1838
vn 0.9055 0.3833 -0.1820
vn -0.8579 0.3657 -0.3609
vn -0.8549 0.3756 -0.3578
vn 0.9272 0.3745 -0.0000
vn 0.9225 0.3860 -0.0000
vn -0.7733 0.3560 -0.5247
vn -0.7719 0.3640 -0.5211
vn 0.9098 0.3722 0.1838
vn 0.9055 0.3833 0.1820
vn -0.3741 0.1655 -0.9125
vn -0.1903 0.1729 -0.9664
vn -0.1903 0.1729 0.9664
vn -0.3741 0.1655 0.9125
vn 0.6964 0.1410 0.7037
vn 0.5450 0.1543 0.8241
vn -0.0000 0.1755 -0.9845
vn -0.5450 0.1543 0.8241
vn 0.3741 0.1655 0.9125
vn 0.1903 0.1729 -0.9664
vn -0.6964 0.1410 0.7036
vn 0.1903 0.1729 0.9664
vn 0.3741 0.1655 -0.9125
vn -0.8221 0.1275 0.5549
vn -0.0000 0.1755 0.9845
vn 0.5450 0.1543 -0.8241
vn -0.9162 0.1159 0.3835
vn 0.6964 0.1409 -0.7036
vn -0.9746 0.1081 0.1959
vn 0.8220 0.1274 -0.5550
vn -0.9944 0.1053 -0.0000
vn 0.9163 0.1158 -0.3835
vn -0.9747 0.1080 -0.1959
vn 0.9747 0.1080 -0.1959
vn -0.9162 0.1159 -0.3835
vn 0.9944 0.1053 -0.0000
vn -0.8220 0.1275 -0.5550
vn 0.9746 0.1081 0.1959
vn -0.6964 0.1409 -0.7036
vn 0.9163 0.1158 0.3835
vn -0.5450 0.1543 -0.8241
vn 0.8220 0.1274 0.5550
vn 0.5524 0.1059 -0.8268
vn 0.3805 0.1059 -0.9187
vn 0.3814 0.0827 -0.9207
vn 0.5537 0.0827 -0.8286
vn -0.9187 0.1059 0.3805
vn -0.8268 0.1059 0.5524
vn -0.8286 0.0827 0.5536
vn -0.9207 0.0827 0.3814
vn -0.3805 0.1058 0.9187
vn -0.3814 0.0826 0.9207
vn 0.7031 0.1058 -0.7031
vn 0.7047 0.0826 -0.7047
vn -0.9753 0.1058 0.1940
vn -0.9774 0.0826 0.1944
vn 0.8268 0.1058 -0.5524
vn 0.8286 0.0826 -0.5536
vn -0.9944 0.1058 -0.0000
vn -0.9966 0.0826 -0.0000
vn 0.9187 0.1058 -0.3805
vn 0.9207 0.0827 -0.3814
vn -0.9753 0.1058 -0.1940
vn -0.9774 0.0826 -0.1944
vn 0.9753 0.1058 -0.1940
vn 0.9774 0.0827 -0.1945
vn -0.9187 0.1059 -0.3805
vn -0.9207 0.0827 -0.3814
vn 0.9944 0.1058 -0.0000
vn 0.9966 0.0827 -0.0000
vn -0.8268 0.1059 -0.5524
vn -0.8286 0.0827 -0.5537
vn 0.9753 0.1058 0.1940
vn 0.9774 0.0827 0.1945
vn -0.7031 0.1058 -0.7031
vn -0.7047 0.0827 -0.7047
vn 0.9187 0.1058 0.3805
vn 0.9207 0.0827 0.3814
vn -0.5525 0.1058 -0.8268
vn -0.5537 0.0826 -0.8286
vn 0.8268 0.1058 0.5524
vn 0.8286 0.0826 0.5536
vn -0.3805 0.1058 -0.9187
vn -0.3814 0.0826 -0.9207
vn 0.7031 0.1058 0.7031
vn 0.7047 0.0826 0.7047
vn -0.1940 0.1058 -0.9753
vn -0.1944 0.0826 -0.9774
vn 0.1940 0.1058 0.9753
vn 0.1944 0.0827 0.9774
vn 0.5524 0.1058 0.8268
vn 0.5536 0.0826 0.8286
vn -0.0000 0.1059 -0.9944
vn -0.0000 0.0827 -0.9966
vn -0.5525 0.1057 0.8268
vn -0.5537 0.0826 0.8286
vn 0.3805 0.1058 0.9187
vn 0.3814 0.0826 0.9207
vn 0.1940 0.1059 -0.9753
vn 0.1944 0.0826 -0.9774
vn -0.7031 0.1058 0.7031
vn -0.7047 0.0827 0.7047
vn 0.8214 0.1555 -0.5488
vn 0.9126 0.1555 -0.3780
vn -0.9878 0.1556 -0.0000
vn -0.9688 0.1556 -0.1927
vn 0.9688 0.1556 -0.1928
vn -0.9126 0.1556 -0.3781
vn 0.9878 0.1556 -0.0000
vn -0.8213 0.1556 -0.5488
vn 0.9688 0.1556 0.1927
vn -0.6985 0.1556 -0.6985
vn 0.9126 0.1555 0.3780
vn -0.5488 0.1556 -0.8213
vn 0.8214 0.1555 0.5488
vn -0.3781 0.1556 -0.9126
vn 0.6985 0.1556 0.6985
vn -0.1927 0.1556 -0.9688
vn -0.1927 0.1556 0.9688
vn -0.3780 0.1556 0.9126
vn 0.5488 0.1556 0.8214
vn -0.0000 0.1555 -0.9878
vn -0.5488 0.1556 0.8213
vn 0.3780 0.1556 0.9126
vn 0.1927 0.1556 -0.9688
vn -0.6985 0.1556 0.6985
vn 0.1927 0.1556 0.9688
vn 0.3780 0.1556 -0.9126
vn -0.8214 0.1556 0.5488
vn 0.5488 0.1556 -0.8213
vn -0.9126 0.1556 0.3780
vn -0.0000 0.1556 0.9878
vn 0.6985 0.1556 -0.6985
vn -0.9688 0.1556 0.1927
vn -0.0000 0.3463 0.9381
vn -0.1830 0.3463 0.9201
vn -0.0000 0.6804 0.7328
vn -0.1430 0.6804 0.7187
vn -0.0000 0.9236 0.3834
vn -0.0748 0.9236 0.3760
vn -0.0000 0.9915 0.1299
vn -0.0253 0.9915 0.1274
vn -0.3590 0.3463 0.8667
vn -0.2804 0.6804 0.6770
vn -0.1467 0.9236 0.3542
vn -0.0497 0.9915 0.1200
vn -0.5212 0.3463 0.7800
vn -0.4071 0.6805 0.6093
vn -0.2130 0.9236 0.3188
vn -0.0722 0.9915 0.1080
vn -0.6634 0.3463 0.6633
vn -0.5182 0.6805 0.5181
vn -0.2709 0.9237 0.2709
vn -0.0919 0.9915 0.0919
vn -0.7800 0.3463 0.5212
vn -0.6093 0.6805 0.4071
vn -0.3188 0.9236 0.2130
vn -0.1080 0.9915 0.0722
vn -0.8667 0.3463 0.3590
vn -0.6770 0.6805 0.2804
vn -0.3542 0.9236 0.1467
vn -0.1200 0.9915 0.0497
vn -0.9201 0.3463 0.1830
vn -0.7187 0.6805 0.1430
vn -0.3760 0.9236 0.0748
vn -0.1274 0.9915 0.0253
vn -0.9381 0.3463 -0.0000
vn -0.7328 0.6805 -0.0000
vn -0.3834 0.9236 -0.0000
vn -0.1299 0.9915 -0.0000
vn -0.9201 0.3463 -0.1831
vn -0.7187 0.6805 -0.1430
vn -0.3760 0.9236 -0.0748
vn -0.1274 0.9915 -0.0253
vn -0.8667 0.3463 -0.3590
vn -0.6770 0.6804 -0.2804
vn -0.3542 0.9236 -0.1467
vn -0.1200 0.9915 -0.0497
vn -0.7800 0.3462 -0.5212
vn -0.6093 0.6804 -0.4071
vn -0.3188 0.9236 -0.2130
vn -0.1080 0.9915 -0.0722
vn -0.6634 0.3462 -0.6633
vn -0.5182 0.6805 -0.5182
vn -0.2711 0.9236 -0.2711
vn -0.0919 0.9915 -0.0919
vn -0.5212 0.3463 -0.7800
vn -0.4071 0.6805 -0.6093
vn -0.2130 0.9236 -0.3188
vn -0.0722 0.9915 -0.1080
vn -0.3590 0.3463 -0.8667
vn -0.2804 0.6805 -0.6770
vn -0.1467 0.9236 -0.3542
vn -0.0497 0.9915 -0.1200
vn -0.1830 0.3463 -0.9201
vn -0.1430 0.6805 -0.7187
vn -0.0748 0.9236 -0.3760
vn -0.0253 0.9915 -0.1274
vn -0.0000 0.3463 -0.9381
vn -0.0000 0.6805 -0.7327
vn -0.0000 0.9236 -0.3834
vn -0.0000 0.9915 -0.1299
vn 0.1830 0.3463 -0.9201
vn 0.1430 0.6805 -0.7187
vn 0.0748 0.9236 -0.3760
vn 0.0253 0.9915 -0.1274
vn 0.3590 0.3463 -0.8667
vn 0.2804 0.6805 -0.6770
vn 0.1467 0.9236 -0.3542
vn 0.0497 0.9915 -0.1200
vn 0.5212 0.3463 -0.7800
vn 0.4071 0.6805 -0.6093
vn 0.2130 0.9236 -0.3188
vn 0.0722 0.9915 -0.1080
vn 0.6634 0.3463 -0.6634
vn 0.5181 0.6805 -0.5181
vn 0.2711 0.9236 -0.2711
vn 0.0919 0.9915 -0.0919
vn 0.7800 0.3463 -0.5212
vn 0.6092 0.6805 -0.4071
vn 0.3188 0.9236 -0.2130
vn 0.1080 0.9915 -0.0722
vn 0.8667 0.3463 -0.3590
vn 0.6770 0.6805 -0.2804
vn 0.3542 0.9236 -0.1467
vn 0.1200 0.9915 -0.0497
vn 0.9201 0.3463 -0.1830
vn 0.7187 0.6805 -0.1430
vn 0.3760 0.9236 -0.0748
vn 0.1274 0.9915 -0.0254
vn 0.9381 0.3463 -0.0000
vn 0.7328 0.6805 -0.0000
vn 0.3834 0.9236 -0.0000
vn 0.1299 0.9915 -0.0000
vn 0.9201 0.3463 0.1830
vn 0.7187 0.6805 0.1430
vn 0.3760 0.9236 0.0748
vn 0.1274 0.9915 0.0254
vn 0.8667 0.3463 0.3590
vn 0.6770 0.6805 0.2804
vn 0.3542 0.9236 0.1467
vn 0.1200 0.9915 0.0497
vn 0.7800 0.3463 0.5212
vn 0.6093 0.6805 0.4071
vn 0.3188 0.9236 0.2130
vn 0.1080 0.9915 0.0722
vn 0.6634 0.3463 0.6633
vn 0.5181 0.6805 0.5181
vn 0.2711 0.9236 0.2711
vn 0.0919 0.9915 0.0919
vn 0.5212 0.3463 0.7800
vn 0.4071 0.6805 0.6093
vn 0.2130 0.9236 0.3188
vn 0.0722 0.9915 0.1080
vn 0.3590 0.3463 0.8667
vn 0.2804 0.6805 0.6770
vn 0.1467 0.9236 0.3542
vn 0.0497 0.9915 0.1200
vn 0.1830 0.3463 0.9201
vn 0.1430 0.6804 0.7187
vn 0.0748 0.9236 0.3760
vn 0.0253 0.9915 0.1274
vn -0.0000 0.9979 0.0645
vn -0.0126 0.9979 0.0633
vn -0.0247 0.9979 0.0596
vn -0.0359 0.9979 0.0537
vn -0.0456 0.9979 0.0456
vn -0.0537 0.9979 0.0359
vn -0.0596 0.9979 0.0247
vn -0.0633 0.9979 0.0126
vn -0.0645 0.9979 -0.0000
vn -0.0633 0.9979 -0.0126
vn -0.0596 0.9979 -0.0247
vn -0.0537 0.9979 -0.0359
vn -0.0456 0.9979 -0.0456
vn -0.0359 0.9979 -0.0537
vn -0.0247 0.9979 -0.0596
vn -0.0126 0.9979 -0.0633
vn -0.0000 0.9979 -0.0645
vn 0.0126 0.9979 -0.0633
vn 0.0247 0.9979 -0.0596
vn 0.0359 0.9979 -0.0537
vn 0.0456 0.9979 -0.0456
vn 0.0537 0.9979 -0.0359
vn 0.0596 0.9979 -0.0247
vn 0.0633 0.9979 -0.0126
vn 0.0645 0.9979 -0.0000
vn 0.0633 0.9979 0.0126
vn 0.0596 0.9979 0.0247
vn 0.0537 0.9979 0.0359
vn 0.0456 0.9979 0.0456
vn 0.0359 0.9979 0.0537
vn 0.0247 0.9979 0.0596
vn 0.0126 0.9979 0.0633
vn -0.0000 1.0000 -0.0000
vn -0.0000 0.9995 0.0325
vn 0.0063 0.9995 0.0319
vn -0.0000 0.9984 0.0559
vn 0.0109 0.9984 0.0548
vn 0.0125 0.9995 0.0301
vn 0.0214 0.9984 0.0517
vn 0.0181 0.9995 0.0270
vn 0.0311 0.9984 0.0465
vn 0.0230 0.9995 0.0230
vn 0.0395 0.9984 0.0395
vn 0.0271 0.9995 0.0181
vn 0.0465 0.9984 0.0311
vn 0.0300 0.9995 0.0124
vn 0.0517 0.9984 0.0214
vn 0.0319 0.9995 0.0064
vn 0.0548 0.9984 0.0109
vn 0.0325 0.9995 -0.0000
vn 0.0559 0.9984 -0.0000
vn 0.0319 0.9995 -0.0064
vn 0.0548 0.9984 -0.0109
vn 0.0300 0.9995 -0.0124
vn 0.0517 0.9984 -0.0214
vn 0.0270 0.9995 -0.0181
vn 0.0465 0.9984 -0.0311
vn 0.0230 0.9995 -0.0230
vn 0.0395 0.9984 -0.0395
vn 0.0181 0.9995 -0.0270
vn 0.0311 0.9984 -0.0465
vn 0.0124 0.9995 -0.0301
vn 0.0214 0.9984 -0.0517
vn 0.0063 0.9995 -0.0319
vn 0.0109 0.9984 -0.0548
vn -0.0000 0.9995 -0.0325
vn -0.0000 0.9984 -0.0559
vn -0.0063 0.9995 -0.0319
vn -0.0109 0.9984 -0.0548
vn -0.0124 0.9995 -0.0301
vn -0.0214 0.9984 -0.0517
vn -0.0181 0.9995 -0.0270
vn -0.0311 0.9984 -0.0465
vn -0.0230 0.9995 -0.0230
vn -0.0395 0.9984 -0.0395
vn -0.0270 0.9995 -0.0181
vn -0.0465 0.9984 -0.0311
vn -0.0301 0.9995 -0.0124
vn -0.0517 0.9984 -0.0214
vn -0.0319 0.9995 -0.0063
vn -0.0548 0.9984 -0.0109
vn -0.0325 0.9995 -0.0000
vn -0.0559 0.9984 -0.0000
vn -0.0319 0.9995 0.0063
vn -0.0548 0.9984 0.0109
vn -0.0301 0.9995 0.0124
vn -0.0517 0.9984 0.0214
vn -0.0270 0.9995 0.0181
vn -0.0465 0.9984 0.0311
vn -0.0230 0.9995 0.0230
vn -0.0395 0.9984 0.0395
vn -0.0181 0.9995 0.0270
vn -0.0311 0.9984 0.0465
vn -0.0125 0.9995 0.0301
vn -0.0214 0.9984 0.0517
vn -0.0063 0.9995 0.0319
vn -0.0109 0.9984 0.0548
vn -0.0000 0.2053 0.9787
vn -0.1885 0.2027 0.9609
vn -0.0000 0.2675 0.9635
vn -0.1851 0.2676 0.9456
vn -0.3709 0.1954 0.9079
vn -0.3636 0.2676 0.8923
vn -0.5408 0.1842 0.8207
vn -0.5293 0.2676 0.8051
vn -0.6919 0.1710 0.7015
vn -0.6758 0.2676 0.6868
vn -0.8176 0.1576 0.5539
vn -0.7971 0.2674 0.5413
vn -0.9121 0.1462 0.3831
vn -0.8881 0.2674 0.3739
vn -0.9708 0.1386 0.1958
vn -0.9445 0.2674 0.1909
vn -0.9907 0.1359 -0.0000
vn -0.9636 0.2674 -0.0000
vn -0.9708 0.1386 -0.1958
vn -0.9445 0.2674 -0.1909
vn -0.9121 0.1462 -0.3831
vn -0.8881 0.2674 -0.3739
vn -0.8175 0.1576 -0.5539
vn -0.7972 0.2674 -0.5413
vn -0.6919 0.1710 -0.7015
vn -0.6758 0.2675 -0.6868
vn -0.5408 0.1843 -0.8207
vn -0.5293 0.2676 -0.8051
vn -0.3709 0.1954 -0.9079
vn -0.3636 0.2676 -0.8923
vn -0.1885 0.2027 -0.9609
vn -0.1851 0.2675 -0.9456
vn -0.0000 0.2053 -0.9787
vn -0.0000 0.2675 -0.9636
vn 0.1885 0.2027 -0.9609
vn 0.1851 0.2675 -0.9456
vn 0.3709 0.1953 -0.9079
vn 0.3637 0.2675 -0.8923
vn 0.5408 0.1842 -0.8207
vn 0.5293 0.2676 -0.8051
vn 0.6918 0.1710 -0.7015
vn 0.6758 0.2676 -0.6868
vn 0.8175 0.1576 -0.5539
vn 0.7971 0.2675 -0.5413
vn 0.9121 0.1463 -0.3831
vn 0.8881 0.2675 -0.3738
vn 0.9708 0.1386 -0.1958
vn 0.9445 0.2674 -0.1909
vn 0.9907 0.1360 -0.0000
vn 0.9636 0.2673 -0.0000
vn 0.9708 0.1386 0.1958
vn 0.9445 0.2674 0.1909
vn 0.9121 0.1462 0.3831
vn 0.8881 0.2674 0.3738
vn 0.8175 0.1576 0.5539
vn 0.7971 0.2675 0.5413
vn 0.6918 0.1710 0.7015
vn 0.6758 0.2676 0.6868
vn 0.5408 0.1842 0.8207
vn 0.5293 0.2676 0.8051
vn 0.3709 0.1954 0.9079
vn 0.3637 0.2676 0.8923
vn 0.1885 0.2027 0.9609
vn 0.1851 0.2676 0.9456
vn -0.0000 0.2657 0.9641
vn -0.1871 0.2673 0.9453
vn -0.0000 0.1998 0.9798
vn -0.1909 0.2002 0.9610
vn -0.3667 0.2721 0.8897
vn -0.3744 0.2014 0.9051
vn -0.5316 0.2791 0.7997
vn -0.5435 0.2031 0.8145
vn -0.6756 0.2874 0.6790
vn -0.6916 0.2052 0.6925
vn -0.7931 0.2956 0.5326
vn -0.8131 0.2073 0.5440
vn -0.8799 0.3025 0.3663
vn -0.9033 0.2090 0.3747
vn -0.9332 0.3072 0.1865
vn -0.9588 0.2101 0.1910
vn -0.9511 0.3088 -0.0000
vn -0.9776 0.2105 -0.0000
vn -0.9332 0.3072 -0.1865
vn -0.9588 0.2101 -0.1910
vn -0.8799 0.3025 -0.3663
vn -0.9033 0.2090 -0.3746
vn -0.7931 0.2956 -0.5326
vn -0.8131 0.2073 -0.5440
vn -0.6756 0.2874 -0.6790
vn -0.6916 0.2052 -0.6925
vn -0.5317 0.2791 -0.7996
vn -0.5435 0.2032 -0.8145
vn -0.3667 0.2720 -0.8897
vn -0.3744 0.2015 -0.9051
vn -0.1871 0.2673 -0.9453
vn -0.1909 0.2004 -0.9609
vn -0.0000 0.2656 -0.9641
vn -0.0000 0.1999 -0.9798
vn 0.1871 0.2673 -0.9453
vn 0.1909 0.2004 -0.9609
vn 0.3667 0.2720 -0.8897
vn 0.3744 0.2015 -0.9051
vn 0.5317 0.2790 -0.7997
vn 0.5435 0.2032 -0.8145
vn 0.6756 0.2873 -0.6790
vn 0.6916 0.2052 -0.6925
vn 0.7931 0.2956 -0.5326
vn 0.8131 0.2073 -0.5440
vn 0.8799 0.3026 -0.3663
vn 0.9033 0.2089 -0.3747
vn 0.9332 0.3072 -0.1865
vn 0.9589 0.2101 -0.1910
vn 0.9511 0.3088 -0.0000
vn 0.9776 0.2105 -0.0000
vn 0.9332 0.3072 0.1865
vn 0.9589 0.2101 0.1910
vn 0.8799 0.3026 0.3663
vn 0.9033 0.2089 0.3747
vn 0.7931 0.2956 0.5325
vn 0.8131 0.2072 0.5440
vn 0.6756 0.2873 0.6790
vn 0.6916 0.2052 0.6925
vn 0.5317 0.2790 0.7997
vn 0.5435 0.2031 0.8145
vn 0.3667 0.2720 0.8897
vn 0.3744 0.2014 0.9051
vn 0.1871 0.2673 0.9453
vn 0.1909 0.2003 0.9610
vn -0.0000 0.3889 -0.9213
vn 0.1797 0.3889 -0.9036
vn -0.0000 0.8631 -0.5051
vn 0.0985 0.8631 -0.4954
vn -0.0000 0.9999 -0.0158
vn 0.0031 0.9999 -0.0155
vn 0.3526 0.3888 -0.8512
vn 0.1933 0.8630 -0.4667
vn 0.0061 0.9999 -0.0147
vn 0.5120 0.3886 -0.7661
vn 0.2807 0.8630 -0.4201
vn 0.0088 0.9999 -0.0132
vn 0.6516 0.3886 -0.6515
vn 0.3571 0.8630 -0.3572
vn 0.0112 0.9999 -0.0112
vn 0.7661 0.3887 -0.5118
vn 0.4199 0.8631 -0.2806
vn 0.0131 0.9999 -0.0088
vn 0.8512 0.3888 -0.3526
vn 0.4666 0.8631 -0.1933
vn 0.0146 0.9999 -0.0060
vn 0.9036 0.3889 -0.1797
vn 0.4954 0.8631 -0.0986
vn 0.0156 0.9999 -0.0031
vn 0.9213 0.3889 -0.0000
vn 0.5051 0.8631 -0.0000
vn 0.0160 0.9999 -0.0000
vn 0.9036 0.3889 0.1798
vn 0.4954 0.8631 0.0985
vn 0.0156 0.9999 0.0031
vn 0.8512 0.3888 0.3526
vn 0.4666 0.8631 0.1933
vn 0.0147 0.9999 0.0061
vn 0.7661 0.3888 0.5118
vn 0.4199 0.8631 0.2806
vn 0.0132 0.9999 0.0088
vn 0.6515 0.3888 0.6514
vn 0.3571 0.8631 0.3571
vn 0.0112 0.9999 0.0112
vn 0.5119 0.3886 0.7661
vn 0.2806 0.8631 0.4199
vn 0.0090 0.9999 0.0135
vn 0.3526 0.3886 0.8513
vn 0.1933 0.8630 0.4667
vn 0.0061 0.9999 0.0146
vn 0.1797 0.3885 0.9037
vn 0.0985 0.8630 0.4954
vn 0.0031 0.9999 0.0155
vn -0.0000 0.3887 0.9214
vn -0.0000 0.8631 0.5050
vn -0.0000 0.9999 0.0158
vn -0.1797 0.3885 0.9038
vn -0.0985 0.8631 0.4953
vn -0.0031 0.9999 0.0155
vn -0.3526 0.3886 0.8513
vn -0.1933 0.8630 0.4667
vn -0.0061 0.9999 0.0146
vn -0.5118 0.3888 0.7660
vn -0.2806 0.8631 0.4199
vn -0.0090 0.9999 0.0135
vn -0.6515 0.3890 0.6514
vn -0.3572 0.8630 0.3572
vn -0.0113 0.9999 0.0113
vn -0.7660 0.3889 0.5118
vn -0.4199 0.8631 0.2806
vn -0.0133 0.9999 0.0089
vn -0.8512 0.3888 0.3526
vn -0.4668 0.8630 0.1933
vn -0.0147 0.9999 0.0061
vn -0.9036 0.3889 0.1798
vn -0.4954 0.8631 0.0985
vn -0.0156 0.9999 0.0031
vn -0.9213 0.3889 -0.0000
vn -0.5051 0.8631 -0.0000
vn -0.0159 0.9999 -0.0000
vn -0.9036 0.3888 -0.1797
vn -0.4952 0.8632 -0.0984
vn -0.0156 0.9999 -0.0031
vn -0.8512 0.3888 -0.3526
vn -0.4668 0.8630 -0.1933
vn -0.0147 0.9999 -0.0061
vn -0.7660 0.3888 -0.5119
vn -0.4199 0.8631 -0.2806
vn -0.0135 0.9999 -0.0090
vn -0.6515 0.3887 -0.6515
vn -0.3571 0.8632 -0.3570
vn -0.0112 0.9999 -0.0112
vn -0.5119 0.3888 -0.7661
vn -0.2805 0.8633 -0.4197
vn -0.0088 0.9999 -0.0132
vn -0.3526 0.3888 -0.8512
vn -0.1933 0.8630 -0.4668
vn -0.0061 0.9999 -0.0147
vn -0.1797 0.3888 -0.9036
vn -0.0986 0.8630 -0.4954
vn -0.0031 0.9999 -0.0155
vn -0.0000 0.9082 0.4186
vn -0.0817 0.9081 0.4106
vn -0.0000 0.5627 0.8267
vn -0.1612 0.5631 0.8105
vn -0.1602 0.9081 0.3868
vn -0.3163 0.5630 0.7636
vn -0.2326 0.9081 0.3481
vn -0.4591 0.5630 0.6872
vn -0.2961 0.9081 0.2961
vn -0.5845 0.5627 0.5845
vn -0.3482 0.9081 0.2327
vn -0.6873 0.5628 0.4592
vn -0.3867 0.9082 0.1602
vn -0.7635 0.5631 0.3162
vn -0.4104 0.9082 0.0817
vn -0.8106 0.5630 0.1612
vn -0.4187 0.9081 -0.0000
vn -0.8265 0.5630 -0.0000
vn -0.4107 0.9081 -0.0817
vn -0.8108 0.5627 -0.1613
vn -0.3869 0.9081 -0.1603
vn -0.7635 0.5631 -0.3162
vn -0.3482 0.9081 -0.2326
vn -0.6873 0.5629 -0.4592
vn -0.2961 0.9081 -0.2961
vn -0.5843 0.5631 -0.5843
vn -0.2326 0.9081 -0.3481
vn -0.4591 0.5630 -0.6872
vn -0.1602 0.9081 -0.3868
vn -0.3163 0.5628 -0.7636
vn -0.0817 0.9081 -0.4107
vn -0.1613 0.5629 -0.8106
vn -0.0000 0.9081 -0.4188
vn -0.0000 0.5630 -0.8264
vn 0.0817 0.9081 -0.4107
vn 0.1613 0.5629 -0.8106
vn 0.1602 0.9081 -0.3868
vn 0.3163 0.5628 -0.7637
vn 0.2325 0.9082 -0.3480
vn 0.4592 0.5629 -0.6872
vn 0.2961 0.9081 -0.2961
vn 0.5844 0.5631 -0.5843
vn 0.3481 0.9082 -0.2326
vn 0.6873 0.5628 -0.4592
vn 0.3868 0.9082 -0.1602
vn 0.7637 0.5628 -0.3163
vn 0.4102 0.9083 -0.0817
vn 0.8107 0.5628 -0.1613
vn 0.4188 0.9081 -0.0000
vn 0.8265 0.5630 -0.0000
vn 0.4102 0.9083 0.0818
vn 0.8106 0.5629 0.1613
vn 0.3868 0.9081 0.1602
vn 0.7637 0.5628 0.3163
vn 0.3481 0.9081 0.2326
vn 0.6873 0.5629 0.4592
vn 0.2959 0.9082 0.2959
vn 0.5845 0.5628 0.5845
vn 0.2325 0.9082 0.3480
vn 0.4592 0.5625 0.6875
vn 0.1602 0.9081 0.3869
vn 0.3163 0.5629 0.7636
vn 0.0817 0.9081 0.4106
vn 0.1613 0.5627 0.8107
vt 0.000000 0.000000
vt 1.000000 0.000000
vt 1.000000 1.000000
vt 0.000000 1.000000
vt 0.425182 0.012515
vt 0.452478 0.338025
vt 0.419159 0.341398
vt 0.396187 0.015527
vt 0.672232 0.646965
vt 0.668376 0.646927
vt 0.668477 0.636872
vt 0.672333 0.636993
vt 0.454798 0.009844
vt 0.486268 0.334976
vt 0.469376 0.336527
vt 0.439995 0.011197
vt 0.419480 0.352730
vt 0.453091 0.349273
vt 0.454005 0.356956
vt 0.422673 0.362529
vt 0.483864 0.007634
vt 0.520498 0.332275
vt 0.501256 0.356865
vt 0.532039 0.368206
vt 0.527081 0.376437
vt 0.498541 0.363866
vt 0.439480 0.005521
vt 0.424809 0.006823
vt 0.650671 0.648025
vt 0.654527 0.648025
vt 0.654527 0.658077
vt 0.650670 0.657998
vt 0.395966 0.009726
vt 0.654927 0.677773
vt 0.651002 0.677601
vt 0.573198 0.438782
vt 0.547812 0.430108
vt 0.552932 0.412146
vt 0.578082 0.424723
vt 0.442831 0.410489
vt 0.415831 0.409873
vt 0.415711 0.391203
vt 0.443721 0.391427
vt 0.522205 0.423192
vt 0.526446 0.405390
vt 0.388452 0.410613
vt 0.387718 0.391484
vt 0.496318 0.417230
vt 0.499898 0.399054
vt 0.623494 0.458376
vt 0.598319 0.448336
vt 0.604761 0.431048
vt 0.629751 0.440746
vt 0.360452 0.412703
vt 0.359413 0.398769
vt 0.469821 0.413117
vt 0.471593 0.398786
vt 0.331867 0.415108
vt 0.330675 0.395453
vt 0.419439 0.349659
vt 0.452981 0.346239
vt 0.415526 0.363426
vt 0.410604 0.362772
vt 0.413925 0.352857
vt 0.415742 0.352924
vt 0.421204 0.363253
vt 0.417846 0.352909
vt 0.431145 0.377219
vt 0.415856 0.377341
vt 0.400818 0.377274
vt 0.415817 0.384283
vt 0.400778 0.384303
vt 0.430951 0.384258
vt 0.452778 0.387697
vt 0.538285 0.380181
vt 0.533020 0.379574
vt 0.535467 0.369202
vt 0.537167 0.369612
vt 0.528313 0.377437
vt 0.533521 0.368770
vt 0.529929 0.392395
vt 0.515721 0.388728
vt 0.544457 0.395798
vt 0.542554 0.402396
vt 0.528260 0.398923
vt 0.514104 0.395384
vt 0.563150 0.410348
vt 0.493298 0.394058
vt 0.678574 0.657311
vt 0.678574 0.667467
vt 0.668715 0.660976
vt 0.668733 0.657630
vt 0.668275 0.679382
vt 0.668275 0.669050
vt 0.678489 0.668585
vt 0.677568 0.672387
vt 0.378653 0.388855
vt 0.672132 0.656938
vt 0.668275 0.656979
vt 0.392941 0.008336
vt 0.394280 0.008286
vt 0.394562 0.015590
vt 0.393214 0.015640
vt 0.668275 0.617174
vt 0.672198 0.617388
vt 0.454151 0.004177
vt 0.483050 0.001883
vt 0.650670 0.638049
vt 0.654527 0.637970
vt 0.651002 0.618449
vt 0.654929 0.618274
vt 0.486748 0.339095
vt 0.469749 0.340664
vt 0.673459 0.619985
vt 0.672665 0.619989
vt 0.672665 0.617174
vt 0.673555 0.617174
vt 0.520835 0.336437
vt 0.452747 0.342162
vt 0.419319 0.345554
vt 0.432274 0.375988
vt 0.514910 0.387315
vt 0.677766 0.668253
vt 0.668275 0.661998
vt 0.538756 0.369770
vt 0.539833 0.379766
vt 0.454009 0.002582
vt 0.484448 0.000166
vt 0.424661 0.005229
vt 0.654879 0.678873
vt 0.649937 0.678653
vt 0.485471 0.007404
vt 0.649937 0.617394
vt 0.654879 0.617174
vt 0.417706 0.345715
vt 0.417544 0.341558
vt 0.417824 0.349819
vt 0.533136 0.365488
vt 0.534505 0.361678
vt 0.535996 0.362232
vt 0.534627 0.366046
vt 0.472587 0.556436
vt 0.455412 0.552375
vt 0.541641 0.594565
vt 0.523722 0.581508
vt 0.378313 0.572161
vt 0.356200 0.588988
vt 0.437699 0.550827
vt 0.506339 0.571021
vt 0.333391 0.612500
vt 0.302882 0.419461
vt 0.419069 0.552758
vt 0.589312 0.751325
vt 0.580546 0.781006
vt 0.489938 0.734751
vt 0.492492 0.727446
vt 0.489539 0.562632
vt 0.648199 0.469143
vt 0.578582 0.631822
vt 0.560101 0.610843
vt 0.399300 0.560182
vt 0.356182 0.814315
vt 0.336359 0.785414
vt 0.435777 0.733192
vt 0.440076 0.740997
vt 0.382723 0.837098
vt 0.446247 0.746639
vt 0.414177 0.851821
vt 0.453118 0.750483
vt 0.316882 0.407629
vt 0.300846 0.404708
vt 0.300510 0.289738
vt 0.315640 0.292494
vt 0.481511 0.856991
vt 0.447847 0.858239
vt 0.460666 0.752375
vt 0.468266 0.751938
vt 0.214867 0.004308
vt 0.237337 0.003216
vt 0.242708 0.118569
vt 0.221508 0.119600
vt 0.564635 0.808328
vt 0.486154 0.740782
vt 0.513482 0.847813
vt 0.475238 0.749682
vt 0.192793 0.006376
vt 0.200683 0.121550
vt 0.588969 0.691498
vt 0.591918 0.721158
vt 0.493075 0.718806
vt 0.490823 0.709221
vt 0.541889 0.831226
vt 0.481290 0.745868
vt 0.171961 0.009339
vt 0.181029 0.124346
vt 0.153175 0.013084
vt 0.163307 0.127880
vt 0.135870 0.006099
vt 0.152434 0.009053
vt 0.152759 0.123801
vt 0.137131 0.121014
vt 0.318877 0.718320
vt 0.321768 0.683380
vt 0.435583 0.705232
vt 0.434321 0.714311
vt 0.073327 0.003280
vt 0.095542 0.003156
vt 0.099084 0.118237
vt 0.078127 0.118353
vt 0.323730 0.752828
vt 0.433865 0.723915
vt 0.263891 0.164772
vt 0.281924 0.165552
vt 0.280071 0.176229
vt 0.262820 0.175460
vt 0.318223 0.246535
vt 0.304289 0.244046
vt 0.307425 0.233496
vt 0.320780 0.235907
vt 0.244692 0.164872
vt 0.244464 0.175537
vt 0.334588 0.248235
vt 0.336449 0.237560
vt 0.225066 0.165848
vt 0.225709 0.176458
vt 0.410889 0.246322
vt 0.391650 0.248103
vt 0.391013 0.237488
vt 0.409388 0.235791
vt 0.352754 0.249079
vt 0.353828 0.238390
vt 0.205768 0.167664
vt 0.207276 0.178188
vt 0.459102 0.236704
vt 0.445274 0.240510
vt 0.442200 0.230227
vt 0.455375 0.226573
vt 0.372019 0.249034
vt 0.372253 0.238366
vt 0.187536 0.170249
vt 0.189874 0.180660
vt 0.024535 0.660336
vt 0.008511 0.656868
vt 0.011038 0.646389
vt 0.026450 0.649697
vt 0.171074 0.173504
vt 0.174170 0.183780
vt 0.042361 0.663042
vt 0.043611 0.652276
vt 0.422718 0.209135
vt 0.406605 0.211424
vt 0.396875 0.048300
vt 0.411666 0.046198
vt 0.132977 0.166921
vt 0.147308 0.169524
vt 0.145283 0.180066
vt 0.131516 0.177590
vt 0.061307 0.664880
vt 0.061859 0.654026
vt 0.428994 0.243758
vt 0.426671 0.233339
vt 0.116387 0.165152
vt 0.115562 0.175916
vt 0.080640 0.665781
vt 0.080492 0.654882
vt 0.098174 0.164286
vt 0.098033 0.175106
vt 0.099624 0.665709
vt 0.098799 0.654808
vt 0.079036 0.164356
vt 0.079605 0.175193
vt 0.117523 0.664669
vt 0.116069 0.653809
vt 0.059712 0.165360
vt 0.060986 0.176173
vt 0.133656 0.662700
vt 0.131642 0.651923
vt 0.040944 0.167258
vt 0.042889 0.178008
vt 0.147397 0.659876
vt 0.144922 0.649222
vt 0.023452 0.169979
vt 0.026009 0.180628
vt 0.298099 0.167184
vt 0.295557 0.177817
vt 0.007907 0.173417
vt 0.010999 0.183932
vt 0.243781 0.140376
vt 0.223159 0.141391
vt 0.452887 0.286144
vt 0.435361 0.289670
vt 0.432716 0.268003
vt 0.449793 0.264582
vt 0.353042 0.295349
vt 0.333380 0.294388
vt 0.333519 0.272653
vt 0.352625 0.273561
vt 0.202891 0.143294
vt 0.467745 0.282001
vt 0.464285 0.260568
vt 0.373879 0.295338
vt 0.372879 0.273532
vt 0.183755 0.146012
vt 0.017514 0.705842
vt 0.000000 0.702108
vt 0.003596 0.680770
vt 0.020525 0.684409
vt 0.395083 0.294357
vt 0.393506 0.272565
vt 0.166485 0.149440
vt 0.037025 0.708751
vt 0.039373 0.687245
vt 0.415844 0.292443
vt 0.413709 0.270698
vt 0.150695 0.145356
vt 0.135572 0.142632
vt 0.057784 0.710725
vt 0.059414 0.689171
vt 0.119009 0.119136
vt 0.118046 0.140788
vt 0.078989 0.711686
vt 0.079876 0.690112
vt 0.098793 0.139895
vt 0.099830 0.711598
vt 0.099977 0.690033
vt 0.078556 0.139988
vt 0.119502 0.710465
vt 0.118939 0.688935
vt 0.056939 0.119480
vt 0.058105 0.141062
vt 0.137253 0.708329
vt 0.136039 0.686861
vt 0.036336 0.121573
vt 0.038236 0.143076
vt 0.152397 0.705274
vt 0.150614 0.683892
vt 0.017110 0.124554
vt 0.019703 0.145953
vt 0.282982 0.119390
vt 0.300510 0.121210
vt 0.299946 0.142872
vt 0.282926 0.141131
vt -0.000000 0.128305
vt 0.003225 0.149583
vt 0.263464 0.118498
vt 0.263960 0.140288
vt 0.301621 0.268193
vt 0.316297 0.270840
vt 0.129293 0.202056
vt 0.142193 0.204356
vt 0.144058 0.366962
vt 0.132214 0.364850
vt 0.063326 0.629381
vt 0.046189 0.627753
vt 0.055732 0.465266
vt 0.071462 0.466762
vt 0.437187 0.206224
vt 0.424947 0.043526
vt 0.114330 0.200505
vt 0.118482 0.363426
vt 0.080832 0.630176
vt 0.087533 0.467490
vt 0.097881 0.199763
vt 0.103382 0.362745
vt 0.098038 0.630103
vt 0.103327 0.467423
vt 0.080579 0.199859
vt 0.087499 0.362834
vt 0.114279 0.629167
vt 0.118236 0.466564
vt 0.063089 0.200789
vt 0.071444 0.363687
vt 0.128931 0.627404
vt 0.131685 0.464946
vt 0.046080 0.202517
vt 0.055830 0.365273
vt 0.141434 0.624882
vt 0.143163 0.462631
vt 0.030207 0.204978
vt 0.041260 0.367532
vt 0.278058 0.200765
vt 0.292529 0.202268
vt 0.296444 0.365482
vt 0.283160 0.364103
vt 0.016082 0.208075
vt 0.028293 0.370376
vt 0.261947 0.200029
vt 0.268368 0.363428
vt 0.244811 0.200088
vt 0.252640 0.363481
vt 0.227309 0.200939
vt 0.236574 0.364262
vt 0.389467 0.213004
vt 0.381142 0.049750
vt 0.354759 0.213823
vt 0.338525 0.213030
vt 0.334382 0.049774
vt 0.349282 0.050502
vt 0.210117 0.202549
vt 0.220792 0.365740
vt 0.449454 0.202804
vt 0.436206 0.040387
vt 0.371960 0.213814
vt 0.365071 0.050493
vt 0.193893 0.204857
vt 0.205898 0.367859
vt 0.030081 0.625351
vt 0.015623 0.622269
vt 0.027673 0.460232
vt 0.040945 0.463061
vt 0.179260 0.207774
vt 0.192466 0.370537
vt 0.103706 0.386583
vt 0.088390 0.386669
vt 0.103562 0.443615
vt 0.117938 0.442787
vt 0.072905 0.387492
vt 0.130912 0.441226
vt 0.057847 0.389022
vt 0.141980 0.438993
vt 0.043795 0.391200
vt 0.295809 0.389283
vt 0.282998 0.387953
vt 0.031289 0.393943
vt 0.268735 0.387302
vt 0.320938 0.048338
vt 0.309473 0.046250
vt 0.310630 0.022534
vt 0.321685 0.024548
vt 0.253563 0.387353
vt 0.334649 0.025933
vt 0.238071 0.388106
vt 0.409186 0.022484
vt 0.421994 0.019908
vt 0.349022 0.026635
vt 0.222850 0.389532
vt 0.432855 0.016879
vt 0.364251 0.026627
vt 0.208486 0.391575
vt 0.030600 0.436680
vt 0.043400 0.439408
vt 0.379748 0.025910
vt 0.195533 0.394158
vt 0.057660 0.441534
vt 0.142936 0.390650
vt 0.131514 0.388613
vt 0.072832 0.442976
vt 0.394921 0.024511
vt 0.118268 0.387240
vt 0.088330 0.443679
vt 0.393857 0.014075
vt 0.407762 0.012099
vt 0.391885 0.004183
vt 0.404848 0.002342
vt 0.887065 0.305730
vt 0.875345 0.297897
vt 0.881044 0.291092
vt 0.891332 0.297969
vt 0.887513 0.283254
vt 0.896152 0.289026
vt 0.420247 0.009588
vt 0.416488 0.000000
vt 0.900087 0.311126
vt 0.902765 0.302706
vt 0.905748 0.293004
vt 0.019749 0.433453
vt 0.021759 0.423232
vt 0.032336 0.426377
vt 0.026229 0.413820
vt 0.036089 0.416752
vt 0.913912 0.313877
vt 0.914900 0.305121
vt 0.915936 0.295029
vt 0.044814 0.429038
vt 0.047721 0.419231
vt 0.928006 0.313877
vt 0.927276 0.305121
vt 0.926324 0.295031
vt 0.058713 0.431110
vt 0.060681 0.421163
vt 0.941831 0.311125
vt 0.939410 0.302707
vt 0.936513 0.293004
vt 0.073501 0.432516
vt 0.074467 0.422474
vt 0.954853 0.305730
vt 0.950845 0.297970
vt 0.946110 0.289027
vt 0.088610 0.433200
vt 0.088551 0.423112
vt 0.966572 0.297897
vt 0.961132 0.291093
vt 0.954748 0.283254
vt 0.103458 0.433138
vt 0.102392 0.423054
vt 0.976538 0.287928
vt 0.969882 0.282342
vt 0.962092 0.275906
vt 0.117473 0.432331
vt 0.115458 0.422301
vt 0.984369 0.276206
vt 0.976755 0.272050
vt 0.967864 0.267267
vt 0.130118 0.430809
vt 0.127247 0.420883
vt 0.989762 0.263181
vt 0.981491 0.260616
vt 0.971837 0.257669
vt 0.140907 0.428632
vt 0.137305 0.418854
vt 0.992512 0.249353
vt 0.983903 0.248476
vt 0.973864 0.247479
vt 0.295065 0.399724
vt 0.282580 0.398428
vt 0.292190 0.409620
vt 0.280549 0.408411
vt 0.992511 0.235255
vt 0.983903 0.236101
vt 0.973863 0.237087
vt 0.268673 0.397793
vt 0.267587 0.407819
vt 0.989761 0.221428
vt 0.981488 0.223960
vt 0.971836 0.226895
vt 0.253885 0.397843
vt 0.253801 0.407866
vt 0.984366 0.208403
vt 0.976752 0.212526
vt 0.967862 0.217297
vt 0.238783 0.398577
vt 0.239721 0.408551
vt 0.976535 0.196680
vt 0.969877 0.202234
vt 0.962090 0.208657
vt 0.223946 0.399966
vt 0.225890 0.409846
vt 0.966567 0.186711
vt 0.961127 0.193483
vt 0.954744 0.201310
vt 0.209945 0.401958
vt 0.212838 0.411703
vt 0.954847 0.178878
vt 0.950839 0.186606
vt 0.946106 0.195536
vt 0.197320 0.404476
vt 0.201066 0.414050
vt 0.941825 0.173482
vt 0.939406 0.181869
vt 0.936508 0.191560
vt 0.141904 0.401032
vt 0.130770 0.399046
vt 0.138413 0.410828
vt 0.128034 0.408977
vt 0.928001 0.170731
vt 0.927270 0.179454
vt 0.926320 0.189532
vt 0.117858 0.397708
vt 0.115998 0.407729
vt 0.913907 0.170731
vt 0.914895 0.179454
vt 0.915933 0.189533
vt 0.103665 0.397068
vt 0.102766 0.407133
vt 0.900083 0.173481
vt 0.902760 0.181868
vt 0.905744 0.191560
vt 0.088733 0.397151
vt 0.088846 0.407210
vt 0.887061 0.178876
vt 0.891327 0.186603
vt 0.896147 0.195537
vt 0.073640 0.397953
vt 0.074774 0.407958
vt 0.875340 0.186707
vt 0.881040 0.193480
vt 0.887511 0.201308
vt 0.058962 0.399445
vt 0.061090 0.409348
vt 0.865374 0.196676
vt 0.872290 0.202231
vt 0.880165 0.208654
vt 0.045265 0.401568
vt 0.048321 0.411327
vt 0.857544 0.208398
vt 0.865417 0.212523
vt 0.874395 0.217295
vt 0.033073 0.404241
vt 0.036958 0.413820
vt 0.852152 0.221425
vt 0.860681 0.223957
vt 0.870420 0.226895
vt 0.311690 0.012149
vt 0.322469 0.014112
vt 0.315287 0.002387
vt 0.325336 0.004217
vt 0.849402 0.235253
vt 0.858267 0.236099
vt 0.868393 0.237085
vt 0.335106 0.015461
vt 0.337117 0.005475
vt 0.849402 0.249353
vt 0.858267 0.248474
vt 0.868394 0.247477
vt 0.349115 0.016146
vt 0.350176 0.006113
vt 0.852152 0.263180
vt 0.860682 0.260615
vt 0.870420 0.257666
vt 0.363961 0.016138
vt 0.364014 0.006106
vt 0.857546 0.276205
vt 0.865418 0.272049
vt 0.874395 0.267267
vt 0.379067 0.015439
vt 0.378097 0.005455
vt 0.865378 0.287928
vt 0.872293 0.282341
vt 0.880168 0.275905
vt 0.895482 0.273562
vt 0.902075 0.277969
vt 0.909403 0.281005
vt 0.917184 0.282553
vt 0.925115 0.282553
vt 0.932893 0.281004
vt 0.940220 0.277970
vt 0.946815 0.273562
vt 0.952423 0.267952
vt 0.956829 0.261357
vt 0.959864 0.254027
vt 0.961409 0.246247
vt 0.961411 0.238313
vt 0.959863 0.230533
vt 0.956827 0.223203
vt 0.952420 0.216606
vt 0.946812 0.210997
vt 0.940217 0.206589
vt 0.932891 0.203554
vt 0.925110 0.202006
vt 0.917180 0.202005
vt 0.909401 0.203551
vt 0.902074 0.206589
vt 0.895479 0.210997
vt 0.889871 0.216604
vt 0.885466 0.223202
vt 0.882430 0.230532
vt 0.880883 0.238311
vt 0.880884 0.246244
vt 0.882431 0.254026
vt 0.885467 0.261357
vt 0.889872 0.267952
vt 0.921185 0.242274
vt 0.911413 0.254179
vt 0.909279 0.252044
vt 0.903449 0.263870
vt 0.899579 0.259998
vt 0.907600 0.249534
vt 0.896536 0.255445
vt 0.906448 0.246745
vt 0.894441 0.250386
vt 0.905858 0.243785
vt 0.893373 0.245014
vt 0.905858 0.240766
vt 0.893374 0.239538
vt 0.906447 0.237806
vt 0.894442 0.234168
vt 0.907601 0.235015
vt 0.896536 0.229110
vt 0.909277 0.232505
vt 0.899576 0.224554
vt 0.911411 0.230370
vt 0.903449 0.220684
vt 0.913922 0.228695
vt 0.908001 0.217641
vt 0.916709 0.227540
vt 0.913058 0.215546
vt 0.919670 0.226951
vt 0.918426 0.214478
vt 0.922688 0.226951
vt 0.923901 0.214478
vt 0.925646 0.227539
vt 0.929271 0.215546
vt 0.928435 0.228696
vt 0.934329 0.217643
vt 0.930944 0.230372
vt 0.938881 0.220685
vt 0.933078 0.232507
vt 0.942751 0.224556
vt 0.934754 0.235016
vt 0.945794 0.229110
vt 0.935910 0.237804
vt 0.947889 0.234169
vt 0.936498 0.240766
vt 0.948955 0.239539
vt 0.936499 0.243785
vt 0.948957 0.245015
vt 0.935910 0.246745
vt 0.947890 0.250385
vt 0.934755 0.249533
vt 0.945794 0.255445
vt 0.933079 0.252043
vt 0.942753 0.259997
vt 0.930945 0.254177
vt 0.938881 0.263870
vt 0.928435 0.255856
vt 0.934331 0.266912
vt 0.925648 0.257011
vt 0.929273 0.269007
vt 0.922687 0.257600
vt 0.923902 0.270075
vt 0.919670 0.257598
vt 0.918428 0.270077
vt 0.916709 0.257011
vt 0.913059 0.269009
vt 0.913922 0.255856
vt 0.908001 0.266912
vt 0.412967 0.263087
vt 0.431871 0.260409
vt 0.411905 0.253912
vt 0.430492 0.251282
vt 0.448869 0.257016
vt 0.447207 0.247952
vt 0.463303 0.253039
vt 0.461411 0.244050
vt 0.004910 0.673358
vt 0.021653 0.676979
vt 0.006777 0.664377
vt 0.023185 0.667939
vt 0.041437 0.670717
vt 0.060830 0.672606
vt 0.080621 0.673532
vt 0.100046 0.673461
vt 0.118360 0.672395
vt 0.134860 0.670375
vt 0.148912 0.667478
vt 0.300083 0.150415
vt 0.283191 0.148708
vt 0.299478 0.159556
vt 0.282890 0.157891
vt 0.264358 0.147889
vt 0.264391 0.157098
vt 0.244307 0.147992
vt 0.244691 0.157206
vt 0.223812 0.149009
vt 0.224551 0.158212
vt 0.203661 0.150905
vt 0.204743 0.160077
vt 0.184626 0.153604
vt 0.186027 0.162729
vt 0.167438 0.157005
vt 0.169123 0.166067
vt 0.149932 0.152867
vt 0.134958 0.150150
vt 0.152759 0.160975
vt 0.154683 0.169962
vt 0.157015 0.177304
vt 0.117619 0.148305
vt 0.133960 0.159278
vt 0.116967 0.157458
vt 0.098583 0.147402
vt 0.098318 0.156563
vt 0.078581 0.147478
vt 0.078727 0.156628
vt 0.443313 0.730641
vt 0.442209 0.723515
vt 0.444819 0.723785
vt 0.445594 0.730015
vt 0.447504 0.724134
vt 0.448026 0.729403
vt 0.058949 0.157652
vt 0.446295 0.736444
vt 0.448141 0.735176
vt 0.450157 0.733846
vt 0.039743 0.159593
vt 0.450550 0.740869
vt 0.451853 0.739179
vt 0.453310 0.737374
vt 0.021847 0.162378
vt 0.455673 0.743854
vt 0.456414 0.741906
vt 0.457284 0.739805
vt 0.005947 0.165899
vt 0.461293 0.745314
vt 0.461455 0.743266
vt 0.461711 0.741034
vt 0.316829 0.254161
vt 0.302543 0.251617
vt 0.466987 0.745197
vt 0.466598 0.743216
vt 0.466252 0.741026
vt 0.333611 0.255896
vt 0.333285 0.265077
vt 0.352255 0.265961
vt 0.352245 0.256753
vt 0.372379 0.265917
vt 0.372013 0.256701
vt 0.392879 0.264946
vt 0.392158 0.255743
vt 0.408376 0.228200
vt 0.425144 0.225819
vt 0.407328 0.219029
vt 0.423670 0.216707
vt 0.440201 0.222793
vt 0.438344 0.213755
vt 0.452970 0.219238
vt 0.012734 0.638850
vt -0.000000 0.635058
vt 0.002042 0.626087
vt 0.014473 0.629783
vt 0.450786 0.210286
vt 0.027752 0.642059
vt 0.029137 0.632910
vt 0.044484 0.644559
vt 0.045474 0.635346
vt 0.062280 0.646255
vt 0.062854 0.636998
vt 0.080461 0.647082
vt 0.080610 0.637803
vt 0.098324 0.647008
vt 0.098062 0.637730
vt 0.115184 0.646035
vt 0.114533 0.636780
vt 0.130395 0.644202
vt 0.129396 0.634993
vt 0.143371 0.641578
vt 0.142077 0.632434
vt 0.294025 0.185463
vt 0.278977 0.183907
vt 0.292954 0.194659
vt 0.278276 0.193135
vt 0.262217 0.183146
vt 0.261934 0.192389
vt 0.244393 0.183211
vt 0.244554 0.192448
vt 0.226187 0.184098
vt 0.226803 0.193311
vt 0.208297 0.185775
vt 0.209366 0.194944
vt 0.191413 0.188176
vt 0.192910 0.197285
vt 0.176185 0.191209
vt 0.178069 0.200244
vt 0.143983 0.187652
vt 0.130577 0.185256
vt 0.142808 0.196788
vt 0.129725 0.194455
vt 0.115032 0.183639
vt 0.114549 0.192882
vt 0.097948 0.182863
vt 0.097867 0.192130
vt 0.079977 0.182959
vt 0.080318 0.192227
vt 0.061811 0.183922
vt 0.062576 0.193170
vt 0.044153 0.185716
vt 0.045326 0.194923
vt 0.027675 0.188271
vt 0.029227 0.197419
vt 0.013013 0.191489
vt 0.014900 0.200560
vt 0.309339 0.225904
vt 0.322324 0.228263
vt 0.310757 0.216765
vt 0.323426 0.219072
vt 0.462944 0.734280
vt 0.460298 0.733547
vt 0.460757 0.732494
vt 0.463105 0.733153
vt 0.337552 0.229885
vt 0.338277 0.220658
vt 0.465658 0.734276
vt 0.465526 0.733178
vt 0.354436 0.230704
vt 0.354742 0.221462
vt 0.372330 0.230690
vt 0.372188 0.221453
vt 0.390542 0.229845
vt 0.389944 0.220632
vt 0.602981 0.753845
vt 0.593834 0.786379
vt 0.591577 0.785724
vt 0.600718 0.753443
vt 0.862590 0.133573
vt 0.860535 0.111479
vt 0.861900 0.111186
vt 0.863937 0.133086
vt 0.653920 0.212169
vt 0.637292 0.195539
vt 0.638540 0.194507
vt 0.654944 0.210913
vt 0.605546 0.721029
vt 0.603324 0.721057
vt 0.865573 0.153555
vt 0.866894 0.152894
vt 0.673474 0.225238
vt 0.674232 0.223804
vt 0.602123 0.688881
vt 0.599962 0.689312
vt 0.457949 0.562776
vt 0.454321 0.580145
vt 0.453008 0.579370
vt 0.456605 0.562154
vt 0.695200 0.234239
vt 0.695664 0.232683
vt 0.592814 0.658639
vt 0.590839 0.659445
vt 0.460646 0.542588
vt 0.459278 0.542143
vt 0.718263 0.238826
vt 0.718417 0.237207
vt 0.576890 0.632961
vt 0.462306 0.520356
vt 0.460923 0.520104
vt 0.741780 0.238823
vt 0.741613 0.237205
vt 0.558823 0.612103
vt 0.462867 0.496934
vt 0.461479 0.496886
vt 0.764845 0.234234
vt 0.764366 0.232677
vt 0.540629 0.595810
vt 0.462306 0.473221
vt 0.460924 0.473382
vt 0.786571 0.225232
vt 0.785797 0.223798
vt 0.522901 0.582729
vt 0.460646 0.450132
vt 0.459278 0.450493
vt 0.806124 0.212162
vt 0.805087 0.210905
vt 0.505689 0.572197
vt 0.457949 0.428552
vt 0.456605 0.429103
vt 0.822751 0.195529
vt 0.821488 0.194497
vt 0.489037 0.563797
vt 0.454321 0.409311
vt 0.453008 0.410029
vt 0.835815 0.175971
vt 0.834376 0.175201
vt 0.472236 0.557614
vt 0.845852 0.154547
vt 0.836774 0.176471
vt 0.844813 0.154237
vt 0.843253 0.153763
vt 0.455223 0.553580
vt 0.457993 0.625416
vt 0.456846 0.645323
vt 0.455464 0.644778
vt 0.456602 0.625045
vt 0.849402 0.131166
vt 0.847778 0.131007
vt 0.437719 0.552080
vt 0.457993 0.603407
vt 0.456602 0.603231
vt 0.849402 0.107646
vt 0.847777 0.107804
vt 0.419388 0.554065
vt 0.456845 0.580145
vt 0.455464 0.580171
vt 0.844815 0.084575
vt 0.843251 0.085047
vt 0.399964 0.561577
vt 0.419708 0.555331
vt 0.400617 0.562914
vt 0.835813 0.062842
vt 0.834374 0.063608
vt 0.379317 0.573642
vt 0.380286 0.575053
vt 0.822749 0.043286
vt 0.821484 0.044318
vt 0.357575 0.590513
vt 0.358912 0.591974
vt 0.806120 0.026653
vt 0.805083 0.027911
vt 0.335377 0.613899
vt 0.337282 0.615229
vt 0.786567 0.013586
vt 0.785793 0.015021
vt 0.316598 0.644503
vt 0.318929 0.645430
vt 0.306183 0.680579
vt 0.308748 0.681063
vt 0.302882 0.718468
vt 0.305519 0.718674
vt 0.645622 0.276243
vt 0.646795 0.254224
vt 0.648181 0.254652
vt 0.647017 0.276481
vt 0.718258 0.000001
vt 0.741776 0.000000
vt 0.741610 0.001617
vt 0.718412 0.001616
vt 0.645622 0.299551
vt 0.647017 0.299585
vt 0.695194 0.004592
vt 0.695660 0.006145
vt 0.646795 0.323251
vt 0.648181 0.323078
vt 0.673468 0.013594
vt 0.674228 0.015027
vt 0.346055 0.823181
vt 0.324496 0.791668
vt 0.326750 0.790488
vt 0.348065 0.821601
vt 0.653917 0.026663
vt 0.654940 0.027918
vt 0.637288 0.043297
vt 0.638537 0.044328
vt 0.457994 0.600332
vt 0.458728 0.580360
vt 0.460163 0.580145
vt 0.459435 0.599942
vt 0.624224 0.062855
vt 0.625650 0.063620
vt 0.458729 0.617587
vt 0.460163 0.617046
vt 0.615224 0.084587
vt 0.616773 0.085058
vt 0.862590 0.019472
vt 0.865573 0.000000
vt 0.866894 0.000680
vt 0.863937 0.019984
vt 0.610637 0.107659
vt 0.612249 0.107817
vt 0.860535 0.041215
vt 0.861900 0.041536
vt 0.610637 0.131180
vt 0.612248 0.131020
vt 0.859488 0.064395
vt 0.860862 0.064513
vt 0.615226 0.154250
vt 0.616774 0.153778
vt 0.859487 0.088121
vt 0.860862 0.088031
vt 0.624226 0.175980
vt 0.625653 0.175215
vt 0.639864 0.193427
vt 0.656032 0.209597
vt 0.640935 0.192572
vt 0.656914 0.208556
vt 0.591584 0.751756
vt 0.582713 0.781943
vt 0.675042 0.222301
vt 0.675705 0.221112
vt 0.594190 0.721144
vt 0.696166 0.231052
vt 0.696583 0.229762
vt 0.591164 0.691070
vt 0.718591 0.235512
vt 0.718750 0.234171
vt 0.582789 0.662679
vt 0.580790 0.663465
vt 0.741455 0.235512
vt 0.466470 0.498158
vt 0.464290 0.519298
vt 0.462867 0.518663
vt 0.465021 0.497769
vt 0.570009 0.637479
vt 0.568291 0.638574
vt 0.763877 0.231048
vt 0.467581 0.475724
vt 0.466119 0.475593
vt 0.553484 0.617170
vt 0.552116 0.618417
vt 0.785001 0.222294
vt 0.467581 0.452853
vt 0.466119 0.452987
vt 0.536371 0.600880
vt 0.535258 0.602153
vt 0.804012 0.209587
vt 0.466470 0.430429
vt 0.465021 0.430821
vt 0.519464 0.587703
vt 0.518579 0.588942
vt 0.820178 0.193415
vt 0.464290 0.409311
vt 0.462867 0.409949
vt 0.502933 0.577013
vt 0.502209 0.578223
vt 0.832880 0.174399
vt 0.819162 0.192560
vt 0.831717 0.173766
vt 0.841629 0.153273
vt 0.840364 0.152881
vt 0.846090 0.130840
vt 0.844774 0.130710
vt 0.846089 0.107972
vt 0.259755 0.000000
vt 0.280781 0.000960
vt 0.280196 0.002394
vt 0.259411 0.001445
vt 0.841627 0.085541
vt 0.237391 0.000076
vt 0.237309 0.001520
vt 0.832878 0.064414
vt 0.214554 0.001187
vt 0.214736 0.002617
vt 0.820175 0.045399
vt 0.192118 0.003288
vt 0.192558 0.004694
vt 0.804007 0.029229
vt 0.170946 0.006300
vt 0.171631 0.007672
vt 0.784997 0.016525
vt 0.803178 0.030274
vt 0.784387 0.017717
vt 0.152759 0.011434
vt 0.764360 0.006142
vt 0.763873 0.007773
vt 0.763508 0.009066
vt 0.136119 0.004415
vt 0.152759 0.007383
vt 0.741450 0.003313
vt 0.741344 0.004657
vt 0.319188 0.682926
vt 0.328285 0.649073
vt 0.330684 0.649983
vt 0.718584 0.003314
vt 0.095887 0.000000
vt 0.117353 0.000968
vt 0.116821 0.002415
vt 0.095603 0.001458
vt 0.316229 0.718389
vt 0.696161 0.007776
vt 0.073308 0.000125
vt 0.073286 0.001582
vt 0.675038 0.016529
vt 0.050483 0.001339
vt 0.050724 0.002781
vt 0.334000 0.786661
vt 0.321168 0.753496
vt 0.656029 0.029237
vt 0.028287 0.003595
vt 0.028785 0.005011
vt 0.354212 0.816085
vt 0.639861 0.045408
vt 0.656911 0.030281
vt 0.640931 0.046266
vt 0.381276 0.839334
vt 0.627158 0.064424
vt 0.628375 0.065063
vt 0.413367 0.854314
vt 0.618410 0.085553
vt 0.619728 0.085949
vt 0.316622 0.409311
vt 0.300510 0.406377
vt 0.613951 0.107984
vt 0.615320 0.108118
vt 0.481910 0.859487
vt 0.447650 0.860814
vt 0.613950 0.130853
vt 0.615318 0.130723
vt 0.514475 0.850137
vt 0.618412 0.153285
vt 0.453008 0.602570
vt 0.454035 0.580145
vt 0.455464 0.580538
vt 0.454450 0.602703
vt 0.543409 0.833185
vt 0.627162 0.174412
vt 0.453008 0.625438
vt 0.454450 0.625308
vt 0.566556 0.809802
vt 0.454034 0.647876
vt 0.455464 0.647485
s 1
usemtl glass_accurate
f 1777/1069/1718 1779/1070/1719 1783/1071/1720 1771/1072/1721
f 1795/1069/1722 2426/1070/1723 2410/1071/1724 1787/1072/1725
f 1816/1073/1726 2429/1074/1727 2419/1075/1728 2667/1076/1729
f 2068/1069/1730 2560/1070/1731 2690/1071/1732 2530/1072/1733
f 1794/1069/1734 1777/1070/1718 1771/1071/1721 1792/1072/1735
f 1786/1069/1736 2413/1070/1737 2426/1071/1723 1795/1072/1722
f 1791/1069/1738 1774/1070/1739 1773/1071/1740 1792/1072/1735
f 2414/1069/1741 2417/1070/1742 1780/1071/1743 1778/1072/1744
f 1793/1069/1745 1778/1070/1744 1777/1071/1718 1794/1072/1734
f 1783/1069/1720 1772/1070/1746 1771/1071/1721
f 1784/1069/1747 1781/1070/1748 1775/1071/1749 1773/1072/1740
f 1784/1069/1747 1773/1070/1740 1774/1071/1739
f 1787/1069/1725 2410/1070/1724 2423/1071/1750 2666/1072/1751
f 1782/1069/1752 1776/1070/1753 1775/1071/1749 1781/1072/1748
f 2668/1069/1754 2688/1070/1755 2413/1071/1737 1786/1072/1736
f 1778/1069/1744 1780/1070/1743 1779/1071/1719 1777/1072/1718
f 1790/1069/1756 1766/1070/1756 2282/1071/1757 2266/1072/1758
f 2407/1069/1759 2630/1070/1760 1788/1071/1761 2101/1072/1762
f 1769/1069/1756 1992/1070/1756 2273/1071/1763 2278/1072/1764
f 1992/1069/1756 1768/1070/1756 2275/1071/1765 2273/1072/1763
f 2267/1077/1766 1795/1078/1722 1787/1079/1725 2269/1080/1767
f 1776/1069/1753 1793/1070/1745 1794/1071/1734 1775/1072/1749
f 2422/1069/1768 2411/1070/1769 1776/1071/1753 1782/1072/1752
f 1772/1069/1746 1791/1070/1738 1792/1071/1735 1771/1072/1721
f 2425/1069/1770 2414/1070/1741 1778/1071/1744 1793/1072/1745
f 1775/1069/1749 1794/1070/1734 1792/1071/1735 1773/1072/1740
f 1806/1069/1771 1808/1070/1772 1812/1071/1773 1800/1072/1774
f 2561/1069/1775 2070/1070/1776 2542/1071/1777 2687/1072/1778
f 1846/1069/1779 2443/1070/1780 2437/1071/1781 2669/1072/1782
f 2064/1069/1783 2569/1070/1784 2696/1071/1785 2533/1072/1786
f 1822/1069/1787 1806/1070/1771 1800/1071/1774 1820/1072/1788
f 1815/1081/1789 2431/1082/1790 2441/1083/1791 1823/1084/1792
f 1819/1069/1793 1803/1070/1794 1802/1071/1795 1820/1072/1788
f 2432/1069/1796 2435/1070/1797 1809/1071/1798 1807/1072/1799
f 1821/1069/1800 1807/1070/1799 1806/1071/1771 1822/1072/1787
f 1812/1069/1773 1801/1070/1801 1800/1071/1774
f 1813/1069/1802 1810/1070/1803 1804/1071/1804 1802/1072/1795
f 1813/1069/1802 1802/1070/1795 1803/1071/1794
f 1993/1069/1805 1785/1070/1806 2682/1071/1807 2531/1072/1808
f 1811/1085/1809 1805/1086/1810 1804/1087/1804 1810/1088/1803
f 2670/1089/1811 2694/1090/1812 2431/1082/1790 1815/1081/1789
f 1807/1091/1799 1809/1092/1798 1808/1093/1772 1806/1094/1771
f 1818/1069/1756 1796/1070/1813 2303/1071/1814 2287/1072/1815
f 1825/1069/1816 1848/1070/1817 2305/1071/1818 2309/1072/1819
f 1799/1069/1820 1994/1070/1821 2294/1071/1822 2299/1072/1823
f 1768/1069/1756 1797/1070/1756 2291/1071/1824 2275/1072/1765
f 2288/1095/1825 1823/1084/1792 1816/1073/1726 2290/1096/1826
f 1805/1069/1810 1821/1070/1800 1822/1071/1787 1804/1072/1804
f 1823/1084/1792 2441/1083/1791 2429/1074/1727 1816/1073/1726
f 1801/1069/1801 1819/1070/1793 1820/1071/1788 1800/1072/1774
f 2440/1069/1827 2432/1070/1796 1807/1071/1799 1821/1072/1800
f 1804/1069/1804 1822/1070/1787 1820/1071/1788 1802/1072/1795
f 1834/1069/1828 1836/1070/1829 1842/1071/1830 1828/1072/1831
f 2438/1069/1832 2444/1070/1833 1833/1071/1834 1839/1072/1835
f 2459/1069/1836 2470/1070/1837 1879/1071/1838 1863/1072/1839
f 2062/1069/1840 2578/1070/1841 2699/1071/1842 2539/1072/1843
f 1852/1069/1844 1834/1070/1828 1828/1071/1831 1850/1072/1845
f 1845/1069/1846 2446/1070/1847 2456/1071/1848 1853/1072/1849
f 1849/1069/1850 1831/1070/1851 1830/1071/1852 1850/1072/1845
f 2447/1069/1853 2450/1070/1854 1837/1071/1855 1835/1072/1856
f 1851/1069/1857 1835/1070/1856 1834/1071/1828 1852/1072/1844
f 1842/1069/1830 1829/1070/1858 1828/1071/1831
f 1843/1069/1859 1838/1070/1860 1832/1071/1861 1830/1072/1852
f 1843/1069/1859 1830/1070/1852 1831/1071/1851
f 2444/1069/1833 2455/1070/1862 1851/1071/1857 1833/1072/1834
f 1839/1069/1835 1833/1070/1834 1832/1071/1861 1838/1072/1860
f 2672/1069/1863 2697/1070/1864 2446/1071/1847 1845/1072/1846
f 1835/1069/1856 1837/1070/1855 1836/1071/1829 1834/1072/1828
f 1848/1069/1817 1824/1070/1865 2321/1071/1866 2305/1072/1818
f 1855/1069/1867 1876/1070/1868 2323/1071/1869 2327/1072/1870
f 1827/1069/1871 2084/1070/1872 2312/1071/1873 2317/1072/1874
f 1798/1069/1875 1825/1070/1816 2309/1071/1819 2296/1072/1876
f 2306/1097/1877 1853/1098/1849 1846/1099/1779 2308/1100/1878
f 1833/1069/1834 1851/1070/1857 1852/1071/1844 1832/1072/1861
f 1853/1069/1849 2456/1070/1848 2443/1071/1780 1846/1072/1779
f 1829/1069/1858 1849/1070/1850 1850/1071/1845 1828/1072/1831
f 2455/1069/1862 2447/1070/1853 1835/1071/1856 1851/1072/1857
f 1832/1069/1861 1852/1070/1844 1850/1071/1845 1830/1072/1852
f 1864/1069/1879 1866/1070/1880 1870/1071/1881 1858/1072/1882
f 2452/1069/1883 2459/1070/1836 1863/1071/1839 1869/1072/1884
f 2474/1069/1885 2485/1070/1886 1907/1071/1887 1891/1072/1888
f 2060/1069/1889 2587/1070/1890 2705/1071/1891 2536/1072/1892
f 1880/1069/1893 1864/1070/1879 1858/1071/1882 1878/1072/1894
f 1873/1069/1895 2461/1070/1896 2471/1071/1897 1881/1072/1898
f 1877/1069/1899 1861/1070/1900 1860/1071/1901 1878/1072/1894
f 2462/1069/1902 2465/1070/1903 1867/1071/1904 1865/1072/1905
f 1879/1069/1838 1865/1070/1905 1864/1071/1879 1880/1072/1893
f 1870/1069/1881 1859/1070/1906 1858/1071/1882
f 1871/1069/1907 1868/1070/1908 1862/1071/1909 1860/1072/1901
f 1871/1069/1907 1860/1070/1901 1861/1071/1900
f 2588/1069/1910 2062/1070/1840 2539/1071/1843 2708/1072/1911
f 1869/1069/1884 1863/1070/1839 1862/1071/1909 1868/1072/1908
f 2674/1069/1912 2703/1070/1913 2461/1071/1896 1873/1072/1895
f 1865/1069/1905 1867/1070/1904 1866/1071/1880 1864/1072/1879
f 1876/1069/1868 1854/1070/1756 2339/1071/1914 2323/1072/1869
f 1883/1069/1756 1904/1070/1756 2341/1071/1915 2345/1072/1916
f 1857/1069/1756 2087/1070/1756 2330/1071/1917 2335/1072/1918
f 1826/1069/1919 1855/1070/1867 2327/1071/1870 2314/1072/1920
f 2324/1069/1921 1881/1070/1898 1874/1071/1922 2326/1072/1923
f 1863/1069/1839 1879/1070/1838 1880/1071/1893 1862/1072/1909
f 1881/1069/1898 2471/1070/1897 2458/1071/1924 1874/1072/1922
f 1859/1069/1906 1877/1070/1899 1878/1071/1894 1858/1072/1882
f 2470/1069/1837 2462/1070/1902 1865/1071/1905 1879/1072/1838
f 1862/1069/1909 1880/1070/1893 1878/1071/1894 1860/1072/1901
f 1892/1069/1925 1894/1070/1926 1898/1071/1927 1886/1072/1928
f 2089/1069/1929 1872/1070/1930 2701/1071/1931 2537/1072/1932
f 2489/1069/1933 2500/1070/1934 1935/1071/1935 1919/1072/1936
f 2076/1069/1937 2596/1070/1938 2711/1071/1939 2551/1072/1940
f 1908/1069/1941 1892/1070/1925 1886/1071/1928 1906/1072/1942
f 1901/1069/1943 2476/1070/1944 2486/1071/1945 1909/1072/1946
f 1905/1069/1947 1889/1070/1948 1888/1071/1949 1906/1072/1942
f 2477/1069/1950 2480/1070/1951 1895/1071/1952 1893/1072/1953
f 1907/1069/1887 1893/1070/1953 1892/1071/1925 1908/1072/1941
f 1898/1069/1927 1887/1070/1954 1886/1071/1928
f 1899/1069/1955 1896/1070/1956 1890/1071/1957 1888/1072/1949
f 1899/1069/1955 1888/1070/1949 1889/1071/1948
f 2597/1069/1958 2060/1070/1889 2536/1071/1892 2702/1072/1959
f 1897/1069/1960 1891/1070/1888 1890/1071/1957 1896/1072/1956
f 2676/1069/1961 2709/1070/1962 2476/1071/1944 1901/1072/1943
f 1893/1069/1953 1895/1070/1952 1894/1071/1926 1892/1072/1925
f 1904/1069/1756 1882/1070/1756 2357/1071/1963 2341/1072/1915
f 1911/1069/1756 1932/1070/1964 2359/1071/1965 2363/1072/1966
f 1885/1069/1756 2090/1070/1756 2348/1071/1967 2353/1072/1968
f 1856/1069/1756 1883/1070/1756 2345/1071/1916 2332/1072/1969
f 2342/1069/1970 1909/1070/1946 1902/1071/1971 2344/1072/1972
f 1891/1069/1888 1907/1070/1887 1908/1071/1941 1890/1072/1957
f 1909/1069/1946 2486/1070/1945 2473/1071/1973 1902/1072/1971
f 1887/1069/1954 1905/1070/1947 1906/1071/1942 1886/1072/1928
f 2485/1069/1886 2477/1070/1950 1893/1071/1953 1907/1072/1887
f 1890/1069/1957 1908/1070/1941 1906/1071/1942 1888/1072/1949
f 1920/1069/1974 1922/1070/1975 1926/1071/1976 1914/1072/1977
f 2482/1069/1978 2489/1070/1933 1919/1071/1936 1925/1072/1979
f 2504/1069/1980 2515/1070/1981 1963/1071/1982 1947/1072/1983
f 2074/1069/1984 2605/1070/1985 2720/1071/1986 2548/1072/1987
f 1936/1069/1988 1920/1070/1974 1914/1071/1977 1934/1072/1989
f 1929/1069/1990 2491/1070/1991 2501/1071/1992 1937/1072/1993
f 1933/1069/1994 1917/1070/1995 1916/1071/1996 1934/1072/1989
f 2492/1069/1997 2495/1070/1998 1923/1071/1999 1921/1072/2000
f 1935/1069/1935 1921/1070/2000 1920/1071/1974 1936/1072/1988
f 1926/1069/1976 1915/1070/2001 1914/1071/1977
f 1927/1069/2002 1924/1070/2003 1918/1071/2004 1916/1072/1996
f 1927/1069/2002 1916/1070/1996 1917/1071/1995
f 2606/1069/2005 2076/1070/1937 2551/1071/1940 2714/1072/2006
f 1925/1069/1979 1919/1070/1936 1918/1071/2004 1924/1072/2003
f 2678/1069/2007 2718/1070/2008 2491/1071/1991 1929/1072/1990
f 1921/1069/2000 1923/1070/1999 1922/1071/1975 1920/1072/1974
f 1932/1069/1964 1910/1070/2009 2375/1071/2010 2359/1072/1965
f 1939/1069/2011 1960/1070/2012 2377/1071/2013 2381/1072/2014
f 1913/1069/2015 2093/1070/2016 2366/1071/2017 2371/1072/2018
f 1884/1069/1756 1911/1070/1756 2363/1071/1966 2350/1072/2019
f 2360/1069/2020 1937/1070/1993 1930/1071/2021 2362/1072/2022
f 1919/1069/1936 1935/1070/1935 1936/1071/1988 1918/1072/2004
f 1937/1069/1993 2501/1070/1992 2488/1071/2023 1930/1072/2021
f 1915/1069/2001 1933/1070/1994 1934/1071/1989 1914/1072/1977
f 2500/1069/1934 2492/1070/1997 1921/1071/2000 1935/1072/1935
f 1918/1069/2004 1936/1070/1988 1934/1071/1989 1916/1072/1996
f 1948/1069/2024 1950/1070/2025 1954/1071/2026 1942/1072/2027
f 2095/1069/2028 1928/1070/2029 2716/1071/2030 2549/1072/2031
f 2519/1069/2032 2527/1070/2033 1989/1071/2034 1974/1072/2035
f 2072/1069/2036 2614/1070/2037 2723/1071/2038 2545/1072/2039
f 1964/1069/2040 1948/1070/2024 1942/1071/2027 1962/1072/2041
f 1957/1069/2042 2506/1070/2043 2516/1071/2044 1965/1072/2045
f 1961/1069/2046 1945/1070/2047 1944/1071/2048 1962/1072/2041
f 2507/1069/2049 2510/1070/2050 1951/1071/2051 1949/1072/2052
f 1963/1069/1982 1949/1070/2052 1948/1071/2024 1964/1072/2040
f 1954/1069/2026 1943/1070/2053 1942/1071/2027
f 1955/1069/2054 1952/1070/2055 1946/1071/2056 1944/1072/2048
f 1955/1069/2054 1944/1070/2048 1945/1071/2047
f 2615/1069/2057 2074/1070/1984 2548/1071/1987 2717/1072/2058
f 1953/1069/2059 1947/1070/1983 1946/1071/2056 1952/1072/2055
f 2680/1069/2060 2721/1070/2061 2506/1071/2043 1957/1072/2042
f 1949/1069/2052 1951/1070/2051 1950/1071/2025 1948/1072/2024
f 1960/1069/2012 1938/1070/2062 2393/1071/2063 2377/1072/2013
f 1967/1069/2064 1986/1070/1756 2398/1071/2065 2395/1072/2066
f 1941/1069/2067 2096/1070/2068 2384/1071/2069 2389/1072/2070
f 1912/1069/2071 1939/1070/2011 2381/1071/2014 2368/1072/2072
f 2378/1069/2073 1965/1070/2045 1958/1071/2074 2380/1072/2075
f 1947/1069/1983 1963/1070/1982 1964/1071/2040 1946/1072/2056
f 1965/1069/2045 2516/1070/2044 2503/1071/2076 1958/1072/2074
f 1943/1069/2053 1961/1070/2046 1962/1071/2041 1942/1072/2027
f 2515/1069/1981 2507/1070/2049 1949/1071/2052 1963/1072/1982
f 1946/1069/2056 1964/1070/2040 1962/1071/2041 1944/1072/2048
f 1975/1069/2077 1977/1070/2078 1981/1071/2079 1969/1072/2080
f 2512/1069/2081 2519/1070/2032 1974/1071/2035 1980/1072/2082
f 2428/1069/2083 2440/1070/1827 1821/1071/1800 1805/1072/1810
f 2070/1069/1776 2623/1070/2084 2726/1071/2085 2542/1072/1777
f 1990/1069/2086 1975/1070/2077 1969/1071/2080 1988/1072/2087
f 1983/1069/2088 2521/1070/2089 2528/1071/2090 1991/1072/2091
f 1987/1069/2092 1972/1070/2093 1971/1071/2094 1988/1072/2087
f 2522/1069/2095 2525/1070/2096 1978/1071/2097 1976/1072/2098
f 1989/1069/2034 1976/1070/2098 1975/1071/2077 1990/1072/2086
f 1981/1069/2079 1970/1070/2099 1969/1071/2080
f 1982/1069/2100 1979/1070/2101 1973/1071/2102 1971/1072/2094
f 1982/1069/2100 1971/1070/2094 1972/1071/2093
f 2624/1069/2103 2072/1070/2036 2545/1071/2039 2729/1072/2104
f 1980/1069/2082 1974/1070/2035 1973/1071/2102 1979/1072/2101
f 2681/1069/2105 2724/1070/2106 2521/1071/2089 1983/1072/2088
f 1976/1069/2098 1978/1070/2097 1977/1071/2078 1975/1072/2077
f 1986/1069/1756 1966/1070/1756 2405/1071/2107 2398/1072/2065
f 2661/1069/2108 2407/1070/1759 2101/1071/1762 1985/1072/2109
f 2099/1069/1756 1770/1070/1756 2285/1071/2110 2408/1072/2111
f 1940/1069/2112 1967/1070/2064 2395/1071/2066 2386/1072/2113
f 1966/1069/1756 1968/1070/1756 2401/1071/2114 2405/1072/2107
f 1974/1069/2035 1989/1070/2034 1990/1071/2086 1973/1072/2102
f 1991/1069/2091 2528/1070/2090 2518/1071/2115 1984/1072/2116
f 1970/1069/2099 1987/1070/2092 1988/1071/2087 1969/1072/2080
f 2527/1069/2033 2522/1070/2095 1976/1071/2098 1989/1072/2034
f 1973/1069/2102 1990/1070/2086 1988/1071/2087 1971/1072/2094
f 2290/1096/1826 1816/1073/1726 2667/1076/1729 2276/1101/2117
f 2570/1069/2118 2068/1070/1730 2530/1071/1733 2684/1072/2119
f 2308/1100/1878 1846/1099/1779 2669/1102/1782 2297/1103/2120
f 2579/1069/2121 2064/1070/1783 2533/1071/1786 2693/1072/2122
f 2027/1069/2123 3432/1070/2124 3307/1071/2125 1996/1072/2126
f 2004/1104/2127 2005/1105/2128 2037/1106/2129 2036/1107/2130
f 2013/1069/2131 2014/1070/2132 2046/1071/2133 2045/1072/2134
f 2022/1069/2135 2023/1070/2136 2055/1071/2137 2054/1072/2138
f 2000/1069/2139 2001/1070/2140 2033/1071/2141 2032/1072/2142
f 2009/1108/2143 2010/1109/2144 2042/1110/2145 2041/1111/2146
f 2018/1069/2147 2019/1070/2148 2051/1071/2149 2050/1072/2150
f 1996/1069/2126 1997/1070/2151 2029/1071/2152 2028/1072/2153
f 2027/1069/2123 1996/1070/2126 2028/1071/2153 2059/1072/2154
f 2005/1105/2128 2006/1112/2155 2038/1113/2156 2037/1106/2129
f 2014/1069/2132 2015/1070/2157 2047/1071/2158 2046/1072/2133
f 2023/1069/2136 2024/1070/2159 2056/1071/2160 2055/1072/2137
f 2001/1069/2140 2002/1070/2161 2034/1071/2162 2033/1072/2141
f 2010/1109/2144 2011/1114/2163 2043/1115/2164 2042/1110/2145
f 2019/1069/2148 2020/1070/2165 2052/1071/2166 2051/1072/2149
f 1997/1069/2151 1998/1070/2167 2030/1071/2168 2029/1072/2152
f 2006/1112/2155 2007/1116/2169 2039/1117/2170 2038/1113/2156
f 2015/1069/2157 2016/1070/2171 2048/1071/2172 2047/1072/2158
f 2024/1069/2159 2025/1070/2173 2057/1071/2174 2056/1072/2160
f 2002/1118/2161 2003/1119/2175 2035/1120/2176 2034/1121/2162
f 2011/1114/2163 2012/1122/2177 2044/1123/2178 2043/1115/2164
f 2020/1069/2165 2021/1070/2179 2053/1071/2180 2052/1072/2166
f 1998/1069/2167 1999/1070/2181 2031/1071/2182 2030/1072/2168
f 2007/1116/2169 2008/1124/2183 2040/1125/2184 2039/1117/2170
f 2016/1069/2171 2017/1070/2185 2049/1071/2186 2048/1072/2172
f 2025/1069/2173 2026/1070/2187 2058/1071/2188 2057/1072/2174
f 2003/1119/2175 2004/1104/2127 2036/1107/2130 2035/1120/2176
f 2012/1122/2177 2013/1126/2131 2045/1127/2134 2044/1123/2178
f 2021/1069/2179 2022/1070/2135 2054/1071/2138 2053/1072/2180
f 1999/1069/2181 2000/1070/2139 2032/1071/2142 2031/1072/2182
f 2008/1124/2183 2009/1108/2143 2041/1111/2146 2040/1125/2184
f 2017/1069/2185 2018/1070/2147 2050/1071/2150 2049/1072/2186
f 2026/1069/2187 2027/1070/2123 2059/1071/2154 2058/1072/2188
f 1817/1069/2189 1995/1070/2190 2534/1071/2191 2434/1072/2192
f 1958/1069/2074 2503/1070/2076 2498/1071/2193 2677/1072/2194
f 1931/1069/2195 2095/1070/2028 2549/1071/2031 2494/1072/2196
f 2420/1128/2197 2428/1129/2083 1805/1086/1810 1811/1085/1809
f 1789/1069/2198 1993/1070/1805 2531/1071/1808 2416/1072/2199
f 1902/1069/1971 2473/1070/1973 2468/1071/2200 2673/1072/2201
f 1875/1069/2202 2089/1070/1929 2537/1071/1932 2464/1072/2203
f 2092/1069/2204 1900/1070/2205 2713/1071/2206 2552/1072/2207
f 1903/1069/2208 2092/1070/2204 2552/1071/2207 2479/1072/2209
f 2101/1069/1762 1788/1070/1761 2686/1071/2210 2543/1072/2211
f 1985/1069/2109 2101/1070/1762 2543/1071/2211 2524/1072/2212
f 2086/1069/2213 1844/1070/2214 2707/1071/2215 2540/1072/2216
f 1847/1069/2217 2086/1070/2213 2540/1071/2216 2449/1072/2218
f 2098/1069/2219 1956/1070/2220 2728/1071/2221 2546/1072/2222
f 1959/1069/2223 2098/1070/2219 2546/1071/2222 2509/1072/2224
f 1995/1069/2190 1814/1070/2225 2691/1071/2226 2534/1072/2191
f 2067/1130/2227 2559/1131/2228 2560/1132/1731 2068/1133/1730
f 2565/1134/2229 2067/1130/2227 2068/1133/1730 2570/1135/2118
f 2566/1136/2230 2069/1137/2231 2067/1130/2227 2565/1134/2229
f 2069/1137/2231 2555/1138/2232 2559/1131/2228 2067/1130/2227
f 2078/1139/2233 2079/1140/2234 2555/1138/2232 2069/1137/2231
f 2080/1141/2235 2078/1139/2233 2069/1137/2231 2566/1136/2230
f 2041/1111/2146 2042/1110/2145 2078/1139/2233 2080/1141/2235
f 2042/1110/2145 2043/1115/2164 2079/1140/2234 2078/1139/2233
f 2566/1136/2230 2567/1142/2236 2041/1111/2146 2080/1141/2235
f 2567/1069/2236 2571/1070/2237 2040/1071/2184 2041/1072/2146
f 2574/1143/2238 2066/1144/2239 2064/1145/1783 2579/1146/2121
f 2066/1144/2239 2568/1147/2240 2569/1148/1784 2064/1145/1783
f 2065/1149/2241 2564/1150/2242 2568/1147/2240 2066/1144/2239
f 2575/1151/2243 2065/1149/2241 2066/1144/2239 2574/1143/2238
f 2083/1152/2244 2081/1153/2245 2065/1149/2241 2575/1151/2243
f 2081/1153/2245 2082/1154/2246 2564/1150/2242 2065/1149/2241
f 2038/1113/2156 2039/1117/2170 2082/1154/2246 2081/1153/2245
f 2037/1106/2129 2038/1113/2156 2081/1153/2245 2083/1152/2244
f 2575/1151/2243 2576/1155/2247 2037/1106/2129 2083/1152/2244
f 2564/1150/2242 2082/1154/2246 2039/1117/2170 2563/1156/2248
f 2571/1069/2237 2563/1070/2248 2039/1071/2170 2040/1072/2184
f 2326/1069/1923 1874/1070/1922 2671/1071/2249 2315/1072/2250
f 1874/1069/1922 2458/1070/1924 2453/1071/2251 2671/1072/2249
f 2344/1069/1972 1902/1070/1971 2673/1071/2201 2333/1072/2252
f 2467/1069/2253 2474/1070/1885 1891/1071/1888 1897/1072/1960
f 2362/1069/2022 1930/1070/2021 2675/1071/2254 2351/1072/2255
f 1930/1069/2021 2488/1070/2023 2483/1071/2256 2675/1072/2254
f 2380/1069/2075 1958/1070/2074 2677/1071/2194 2369/1072/2257
f 2497/1069/2258 2504/1070/1980 1947/1071/1983 1953/1072/2059
f 2396/1069/2259 1984/1070/2116 2679/1071/2260 2387/1072/2261
f 1984/1069/2116 2518/1070/2115 2513/1071/2262 2679/1072/2260
f 1968/1069/1756 2099/1070/1756 2408/1071/2111 2401/1072/2114
f 2063/1069/2263 2577/1070/2264 2578/1071/1841 2062/1072/1840
f 2583/1069/2265 2063/1070/2263 2062/1071/1840 2588/1072/1910
f 2584/1069/2266 2085/1070/2267 2063/1071/2263 2583/1072/2265
f 2085/1157/2267 2573/1158/2268 2577/1159/2264 2063/1160/2263
f 1841/1069/2269 1840/1070/2270 2573/1071/2268 2085/1072/2267
f 2102/1069/2271 1841/1070/2269 2085/1071/2267 2584/1072/2266
f 2036/1069/2130 2037/1070/2129 2576/1071/2247 2580/1072/2272
f 2036/1069/2130 2580/1070/2272 2572/1071/2273 2035/1072/2176
f 2033/1069/2141 2034/1070/2162 1841/1071/2269 2102/1072/2271
f 2034/1069/2162 2035/1070/2176 1840/1071/2270 1841/1072/2269
f 2573/1069/2268 1840/1070/2270 2035/1071/2176 2572/1072/2273
f 2033/1069/2141 2102/1070/2271 2584/1071/2266 2585/1072/2274
f 2585/1069/2274 2589/1070/2275 2032/1071/2142 2033/1072/2141
f 2061/1069/2276 2586/1070/2277 2587/1071/1890 2060/1072/1889
f 2592/1069/2278 2061/1070/2276 2060/1071/1889 2597/1072/1958
f 2593/1069/2279 2088/1070/2280 2061/1071/2276 2592/1072/2278
f 2088/1069/2280 2582/1070/2281 2586/1071/2277 2061/1072/2276
f 2103/1069/2282 2104/1070/2283 2582/1071/2281 2088/1072/2280
f 2105/1069/2284 2103/1070/2282 2088/1071/2280 2593/1072/2279
f 2029/1069/2152 2030/1070/2168 2103/1071/2282 2105/1072/2284
f 2030/1069/2168 2031/1070/2182 2104/1071/2283 2103/1072/2282
f 2582/1069/2281 2104/1070/2283 2031/1071/2182 2581/1072/2285
f 2589/1069/2275 2581/1070/2285 2031/1071/2182 2032/1072/2142
f 2077/1069/2286 2595/1070/2287 2596/1071/1938 2076/1072/1937
f 2601/1069/2288 2077/1070/2286 2076/1071/1937 2606/1072/2005
f 2602/1069/2289 2091/1070/2290 2077/1071/2286 2601/1072/2288
f 2091/1069/2290 2591/1070/2291 2595/1071/2287 2077/1072/2286
f 2106/1069/2292 2108/1070/2293 2591/1071/2291 2091/1072/2290
f 2107/1069/2294 2106/1070/2292 2091/1071/2290 2602/1072/2289
f 2057/1069/2174 2058/1070/2188 2106/1071/2292 2107/1072/2294
f 2058/1069/2188 2059/1070/2154 2108/1071/2293 2106/1072/2292
f 2591/1069/2291 2108/1070/2293 2059/1071/2154 2590/1072/2295
f 2029/1069/2152 2105/1070/2284 2593/1071/2279 2594/1072/2296
f 2029/1069/2152 2594/1070/2296 2598/1071/2297 2028/1072/2153
f 2598/1069/2297 2590/1070/2295 2059/1071/2154 2028/1072/2153
f 2075/1069/2298 2604/1070/2299 2605/1071/1985 2074/1072/1984
f 2610/1069/2300 2075/1070/2298 2074/1071/1984 2615/1072/2057
f 2611/1069/2301 2094/1070/2302 2075/1071/2298 2610/1072/2300
f 2094/1069/2302 2600/1070/2303 2604/1071/2299 2075/1072/2298
f 2109/1069/2304 2110/1070/2305 2600/1071/2303 2094/1072/2302
f 2111/1069/2306 2109/1070/2304 2094/1071/2302 2611/1072/2301
f 2053/1069/2180 2054/1070/2138 2109/1071/2304 2111/1072/2306
f 2054/1069/2138 2055/1070/2137 2110/1071/2305 2109/1072/2304
f 2600/1069/2303 2110/1070/2305 2055/1071/2137 2599/1072/2307
f 2056/1069/2160 2607/1070/2308 2599/1071/2307 2055/1072/2137
f 2602/1069/2289 2603/1070/2309 2057/1071/2174 2107/1072/2294
f 2056/1069/2160 2057/1070/2174 2603/1071/2309 2607/1072/2308
f 2073/1069/2310 2613/1070/2311 2614/1071/2037 2072/1072/2036
f 2619/1069/2312 2073/1070/2310 2072/1071/2036 2624/1072/2103
f 2620/1069/2313 2097/1070/2314 2073/1071/2310 2619/1072/2312
f 2097/1069/2314 2609/1070/2315 2613/1071/2311 2073/1072/2310
f 2112/1069/2316 2113/1070/2317 2609/1071/2315 2097/1072/2314
f 2114/1069/2318 2112/1070/2316 2097/1071/2314 2620/1072/2313
f 2049/1069/2186 2050/1070/2150 2112/1071/2316 2114/1072/2318
f 2050/1069/2150 2051/1070/2149 2113/1071/2317 2112/1072/2316
f 2051/1069/2149 2608/1070/2319 2609/1071/2315 2113/1072/2317
f 2051/1069/2149 2052/1070/2166 2616/1071/2320 2608/1072/2319
f 2053/1069/2180 2111/1070/2306 2611/1071/2301 2612/1072/2321
f 2616/1069/2320 2052/1070/2166 2053/1071/2180 2612/1072/2321
f 2071/1069/2322 2622/1070/2323 2623/1071/2084 2070/1072/1776
f 2556/1069/2324 2071/1070/2322 2070/1071/1776 2561/1072/1775
f 2557/1161/2325 2100/1162/2326 2071/1163/2322 2556/1164/2324
f 2100/1069/2326 2618/1070/2327 2622/1071/2323 2071/1072/2322
f 2115/1069/2328 2116/1070/2329 2618/1071/2327 2100/1072/2326
f 2117/1069/2330 2115/1070/2328 2100/1071/2326 2557/1072/2325
f 2045/1069/2134 2046/1070/2133 2115/1071/2328 2117/1072/2330
f 2046/1069/2133 2047/1070/2158 2116/1071/2329 2115/1072/2328
f 2618/1069/2327 2116/1070/2329 2047/1071/2158 2617/1072/2331
f 2625/1069/2332 2617/1070/2331 2047/1071/2158 2048/1072/2172
f 2049/1069/2186 2114/1070/2318 2620/1071/2313 2621/1072/2333
f 2621/1069/2333 2625/1070/2332 2048/1071/2172 2049/1072/2186
f 2555/1138/2232 2079/1140/2234 2043/1115/2164 2554/1165/2334
f 2557/1069/2325 2558/1070/2335 2045/1071/2134 2117/1072/2330
f 2558/1069/2335 2562/1070/2336 2044/1071/2178 2045/1072/2134
f 2562/1069/2336 2554/1070/2334 2043/1071/2164 2044/1072/2178
f 2281/1166/2337 1786/1167/1736 1795/1078/1722 2267/1077/1766
f 2272/1168/2338 2663/1169/2339 1785/1170/1806 1993/1171/1805
f 2279/1069/2340 2668/1070/1754 1786/1071/1736 2281/1072/2337
f 2269/1080/1767 1787/1079/1725 2666/1172/1751 2284/1173/2341
f 1770/1069/1756 1767/1070/1756 2270/1071/2342 2285/1072/2110
f 2302/1174/2343 1815/1081/1789 1823/1084/1792 2288/1095/1825
f 2293/1069/2344 2664/1070/2345 1814/1071/2225 1995/1072/2190
f 2300/1175/2346 2670/1089/1811 1815/1081/1789 2302/1174/2343
f 1994/1069/1821 1798/1070/1875 2296/1071/1876 2294/1072/1822
f 2320/1176/2347 1845/1177/1846 1853/1098/1849 2306/1097/1877
f 2311/1069/2348 2665/1070/2349 1844/1071/2214 2086/1072/2213
f 2318/1178/2350 2672/1179/1863 1845/1177/1846 2320/1176/2347
f 2084/1069/1872 1826/1070/1919 2314/1071/1920 2312/1072/1873
f 2338/1069/2351 1873/1070/1895 1881/1071/1898 2324/1072/1921
f 2329/1069/2352 2647/1070/2353 1872/1071/1930 2089/1072/1929
f 2336/1069/2354 2674/1070/1912 1873/1071/1895 2338/1072/2351
f 2087/1069/1756 1856/1070/1756 2332/1071/1969 2330/1072/1917
f 2356/1069/2355 1901/1070/1943 1909/1071/1946 2342/1072/1970
f 2347/1069/2356 2652/1070/2357 1900/1071/2205 2092/1072/2204
f 2354/1069/2358 2676/1070/1961 1901/1071/1943 2356/1072/2355
f 1854/1069/1756 1857/1070/1756 2335/1071/1918 2339/1072/1914
f 2090/1069/1756 1884/1070/1756 2350/1071/2019 2348/1072/1967
f 2374/1069/2359 1929/1070/1990 1937/1071/1993 2360/1072/2020
f 2365/1069/2360 2659/1070/2361 1928/1071/2029 2095/1072/2028
f 2372/1069/2362 2678/1070/2007 1929/1071/1990 2374/1072/2359
f 1882/1069/1756 1885/1070/1756 2353/1071/1968 2357/1072/1963
f 2093/1069/2016 1912/1070/2071 2368/1071/2072 2366/1072/2017
f 2392/1069/2363 1957/1070/2042 1965/1071/2045 2378/1072/2073
f 2383/1069/2364 2658/1070/2365 1956/1071/2220 2098/1072/2219
f 2390/1069/2366 2680/1070/2060 1957/1071/2042 2392/1072/2363
f 1938/1069/2062 1941/1070/2067 2389/1071/2070 2393/1072/2063
f 1910/1069/2009 1913/1070/2015 2371/1071/2018 2375/1072/2010
f 2096/1069/2068 1940/1070/2112 2386/1071/2113 2384/1072/2069
f 2399/1069/2367 1991/1070/2091 1984/1071/2116 2396/1072/2259
f 2402/1069/2368 2681/1070/2105 1983/1071/2088 2404/1072/2369
f 1797/1069/1756 1818/1070/1756 2287/1071/1815 2291/1072/1824
f 2404/1069/2369 1983/1070/2088 1991/1071/2091 2399/1072/2367
f 1766/1069/1756 1769/1070/1756 2278/1071/1764 2282/1072/1757
f 1796/1069/1813 1799/1070/1820 2299/1071/1823 2303/1072/1814
f 1824/1069/1865 1827/1070/1871 2317/1071/1874 2321/1072/1866
f 2628/1069/2370 2272/1070/2338 1993/1071/1805 1789/1072/2198
f 2633/1069/2371 2293/1070/2344 1995/1071/2190 1817/1072/2189
f 2637/1069/2372 2311/1070/2348 2086/1071/2213 1847/1072/2217
f 2641/1069/2373 2329/1070/2352 2089/1071/1929 1875/1072/2202
f 2645/1069/2374 2347/1070/2356 2092/1071/2204 1903/1072/2208
f 2650/1069/2375 2365/1070/2360 2095/1071/2028 1931/1072/2195
f 2655/1069/2376 2383/1070/2364 2098/1071/2219 1959/1072/2223
f 2087/1069/1756 2118/1070/1756 1883/1071/1756 1856/1072/1756
f 2118/1069/1756 2128/1070/1756 1904/1071/1756 1883/1072/1756
f 2128/1069/1756 2137/1070/1756 1882/1071/1756 1904/1072/1756
f 2137/1069/1756 2090/1070/1756 1885/1071/1756 1882/1072/1756
f 1857/1069/1756 2119/1070/1756 2118/1071/1756 2087/1072/1756
f 2119/1069/1756 2129/1070/1756 2128/1071/1756 2118/1072/1756
f 2129/1069/1756 2138/1070/1756 2137/1071/1756 2128/1072/1756
f 2138/1069/1756 1884/1070/1756 2090/1071/1756 2137/1072/1756
f 1854/1069/1756 2120/1070/1756 2119/1071/1756 1857/1072/1756
f 2120/1069/1756 2130/1070/1756 2129/1071/1756 2119/1072/1756
f 2130/1069/1756 2139/1070/1756 2138/1071/1756 2129/1072/1756
f 2139/1069/1756 1911/1070/1756 1884/1071/1756 2138/1072/1756
f 1876/1069/1868 2121/1070/2377 2120/1071/1756 1854/1072/1756
f 2121/1069/2377 2131/1070/2378 2130/1071/1756 2120/1072/1756
f 2131/1069/2378 2140/1070/2379 2139/1071/1756 2130/1072/1756
f 2140/1069/2379 1932/1070/1964 1911/1071/1756 2139/1072/1756
f 2121/1069/2377 1876/1070/1868 2234/1071/2380 2241/1072/2381
f 2247/1069/2382 2244/1070/2383 2245/1071/2384 2246/1072/2385
f 2248/1069/2386 2243/1070/2387 2244/1071/2383 2247/1072/2382
f 2249/1069/2388 2242/1070/2389 2243/1071/2387 2248/1072/2386
f 1912/1069/2071 2093/1070/2016 2242/1071/2389 2249/1072/2388
f 2255/1069/2390 2252/1070/2391 2253/1071/2392 2254/1072/2393
f 2256/1069/2394 2251/1070/2395 2252/1071/2391 2255/1072/2390
f 2257/1069/2396 2250/1070/2397 2251/1071/2395 2256/1072/2394
f 1848/1069/1817 1825/1070/1816 2250/1071/2397 2257/1072/2396
f 2263/1069/2398 2260/1070/2399 2261/1071/2400 2262/1072/2401
f 2264/1069/2402 2259/1070/2403 2260/1071/2399 2263/1072/2398
f 2265/1069/2404 2258/1070/2405 2259/1071/2403 2264/1072/2402
f 2123/1069/2406 2132/1070/2407 2258/1071/2405 2265/1072/2404
f 2169/1069/2408 2146/1070/2409 2122/1071/1756
f 2146/1069/2409 2262/1070/2401 2122/1071/1756
f 2205/1069/2410 2170/1070/2411 2122/1071/1756
f 2161/1069/2412 2154/1070/2413 2122/1071/1756
f 2153/1069/2414 2182/1070/2415 2122/1071/1756
f 2245/1069/2384 2218/1070/2416 2122/1071/1756
f 2181/1069/2417 2246/1070/2385 2122/1071/1756
f 2193/1069/2418 2162/1070/2419 2122/1071/1756
f 2189/1069/2420 2174/1070/2421 2122/1071/1756
f 2154/1069/2413 2153/1070/2414 2122/1071/1756
f 2229/1069/2422 2210/1070/2423 2122/1071/1756
f 2162/1069/2419 2161/1070/2412 2122/1071/1756
f 2170/1069/2411 2169/1070/2408 2122/1071/1756
f 2174/1069/2421 2198/1070/2424 2122/1071/1756
f 2182/1069/2415 2181/1070/2417 2122/1071/1756
f 2237/1069/2425 2194/1070/2426 2122/1071/1756
f 2217/1069/2427 2189/1070/2420 2122/1071/1756
f 2225/1069/2428 2193/1070/2418 2122/1071/1756
f 2194/1069/2426 2230/1070/2429 2122/1071/1756
f 2209/1069/2430 2254/1070/2393 2122/1071/1756
f 2198/1069/2424 2238/1070/2431 2122/1071/1756
f 2253/1069/2392 2205/1070/2410 2122/1071/1756
f 2210/1069/2423 2209/1070/2430 2122/1071/1756
f 2218/1069/2416 2217/1070/2427 2122/1071/1756
f 2261/1069/2400 2225/1070/2428 2122/1071/1756
f 2230/1069/2429 2229/1070/2422 2122/1071/1756
f 2238/1069/2431 2237/1070/2425 2122/1071/1756
f 2246/1069/2385 2245/1070/2384 2122/1071/1756
f 2254/1069/2393 2253/1070/2392 2122/1071/1756
f 2262/1069/2401 2261/1070/2400 2122/1071/1756
f 1818/1069/1756 2124/1070/1756 2123/1071/2406 1796/1072/1813
f 2124/1069/1756 2133/1070/1756 2132/1071/2407 2123/1072/2406
f 2133/1069/1756 2142/1070/1756 2141/1071/2432 2132/1072/2407
f 2142/1069/1756 1986/1070/1756 1967/1071/2064 2141/1072/2432
f 1797/1069/1756 2125/1070/1756 2124/1071/1756 1818/1072/1756
f 2125/1069/1756 2134/1070/1756 2133/1071/1756 2124/1072/1756
f 2134/1069/1756 2143/1070/1756 2142/1071/1756 2133/1072/1756
f 2143/1069/1756 1966/1070/1756 1986/1071/1756 2142/1072/1756
f 1768/1069/1756 2126/1070/1756 2125/1071/1756 1797/1072/1756
f 2126/1069/1756 2135/1070/1756 2134/1071/1756 2125/1072/1756
f 2135/1069/1756 2144/1070/1756 2143/1071/1756 2134/1072/1756
f 2144/1069/1756 1968/1070/1756 1966/1071/1756 2143/1072/1756
f 1992/1069/1756 2127/1070/1756 2126/1071/1756 1768/1072/1756
f 2127/1069/1756 2136/1070/1756 2135/1071/1756 2126/1072/1756
f 2136/1069/1756 2145/1070/1756 2144/1071/1756 2135/1072/1756
f 2145/1069/1756 2099/1070/1756 1968/1071/1756 2144/1072/1756
f 1769/1069/1756 1766/1070/1756 2127/1071/1756 1992/1072/1756
f 1766/1069/1756 1790/1070/1756 2136/1071/1756 2127/1072/1756
f 1790/1069/1756 1767/1070/1756 2145/1071/1756 2136/1072/1756
f 1767/1069/1756 1770/1070/1756 2099/1071/1756 2145/1072/1756
f 2241/1069/2381 2234/1070/2380 2235/1071/2433 2240/1072/2434
f 2240/1069/2434 2235/1070/2433 2236/1071/2435 2239/1072/2436
f 2239/1069/2436 2236/1070/2435 2237/1071/2425 2238/1072/2431
f 1826/1069/1919 2084/1070/1872 2226/1071/2437 2233/1072/2438
f 2233/1069/2438 2226/1070/2437 2227/1071/2439 2232/1072/2440
f 2232/1069/2440 2227/1070/2439 2228/1071/2441 2231/1072/2442
f 2231/1069/2442 2228/1070/2441 2229/1071/2422 2230/1072/2429
f 2132/1069/2407 2141/1070/2432 2222/1071/2443 2258/1072/2405
f 2258/1069/2405 2222/1070/2443 2223/1071/2444 2259/1072/2403
f 2259/1069/2403 2223/1070/2444 2224/1071/2445 2260/1072/2399
f 2260/1069/2399 2224/1070/2445 2225/1071/2428 2261/1072/2400
f 1913/1069/2015 1910/1070/2009 2214/1071/2446 2221/1072/2447
f 2221/1069/2447 2214/1070/2446 2215/1071/2448 2220/1072/2449
f 2220/1069/2449 2215/1070/2448 2216/1071/2450 2219/1072/2451
f 2219/1069/2451 2216/1070/2450 2217/1071/2427 2218/1072/2416
f 1827/1069/1871 1824/1070/1865 2206/1071/2452 2213/1072/2453
f 2213/1069/2453 2206/1070/2452 2207/1071/2454 2212/1072/2455
f 2212/1069/2455 2207/1070/2454 2208/1071/2456 2211/1072/2457
f 2211/1069/2457 2208/1070/2456 2209/1071/2430 2210/1072/2423
f 1825/1069/1816 1798/1070/1875 2202/1071/2458 2250/1072/2397
f 2250/1069/2397 2202/1070/2458 2203/1071/2459 2251/1072/2395
f 2251/1069/2395 2203/1070/2459 2204/1071/2460 2252/1072/2391
f 2252/1069/2391 2204/1070/2460 2205/1071/2410 2253/1072/2392
f 2131/1069/2378 2121/1070/2377 2241/1071/2381 2201/1072/2461
f 2201/1069/2461 2241/1070/2381 2240/1071/2434 2200/1072/2462
f 2200/1069/2462 2240/1070/2434 2239/1071/2436 2199/1072/2463
f 2199/1069/2463 2239/1070/2436 2238/1071/2431 2198/1072/2424
f 1824/1069/1865 1848/1070/1817 2257/1071/2396 2206/1072/2452
f 2206/1069/2452 2257/1070/2396 2256/1071/2394 2207/1072/2454
f 2207/1069/2454 2256/1070/2394 2255/1071/2390 2208/1072/2456
f 2208/1069/2456 2255/1070/2390 2254/1071/2393 2209/1072/2430
f 1855/1069/1867 1826/1070/1919 2233/1071/2438 2197/1072/2464
f 2197/1069/2464 2233/1070/2438 2232/1071/2440 2196/1072/2465
f 2196/1069/2465 2232/1070/2440 2231/1071/2442 2195/1072/2466
f 2195/1069/2466 2231/1070/2442 2230/1071/2429 2194/1072/2426
f 2141/1069/2432 1967/1070/2064 2190/1071/2467 2222/1072/2443
f 2222/1069/2443 2190/1070/2467 2191/1071/2468 2223/1072/2444
f 2223/1069/2444 2191/1070/2468 2192/1071/2469 2224/1072/2445
f 2224/1069/2445 2192/1070/2469 2193/1071/2418 2225/1072/2428
f 1910/1069/2009 1932/1070/1964 2186/1071/2470 2214/1072/2446
f 2214/1069/2446 2186/1070/2470 2187/1071/2471 2215/1072/2448
f 2215/1069/2448 2187/1070/2471 2188/1071/2472 2216/1072/2450
f 2216/1069/2450 2188/1070/2472 2189/1071/2420 2217/1072/2427
f 1876/1069/1868 1855/1070/1867 2197/1071/2464 2234/1072/2380
f 2234/1069/2380 2197/1070/2464 2196/1071/2465 2235/1072/2433
f 2235/1069/2433 2196/1070/2465 2195/1071/2466 2236/1072/2435
f 2236/1069/2435 2195/1070/2466 2194/1071/2426 2237/1072/2425
f 1960/1069/2012 1939/1070/2011 2178/1071/2473 2185/1072/2474
f 2185/1069/2474 2178/1070/2473 2179/1071/2475 2184/1072/2476
f 2184/1069/2476 2179/1070/2475 2180/1071/2477 2183/1072/2478
f 2183/1069/2478 2180/1070/2477 2181/1071/2417 2182/1072/2415
f 2140/1069/2379 2131/1070/2378 2201/1071/2461 2177/1072/2479
f 2177/1069/2479 2201/1070/2461 2200/1071/2462 2176/1072/2480
f 2176/1069/2480 2200/1070/2462 2199/1071/2463 2175/1072/2481
f 2175/1069/2481 2199/1070/2463 2198/1071/2424 2174/1072/2421
f 1994/1069/1821 1799/1070/1820 2166/1071/2482 2173/1072/2483
f 2173/1069/2483 2166/1070/2482 2167/1071/2484 2172/1072/2485
f 2172/1069/2485 2167/1070/2484 2168/1071/2486 2171/1072/2487
f 2171/1069/2487 2168/1070/2486 2169/1071/2408 2170/1072/2411
f 1940/1069/2112 2096/1070/2068 2158/1071/2488 2165/1072/2489
f 2165/1069/2489 2158/1070/2488 2159/1071/2490 2164/1072/2491
f 2164/1069/2491 2159/1070/2490 2160/1071/2492 2163/1072/2493
f 2163/1069/2493 2160/1070/2492 2161/1071/2412 2162/1072/2419
f 2084/1069/1872 1827/1070/1871 2213/1071/2453 2226/1072/2437
f 2226/1069/2437 2213/1070/2453 2212/1071/2455 2227/1072/2439
f 2227/1069/2439 2212/1070/2455 2211/1071/2457 2228/1072/2441
f 2228/1069/2441 2211/1070/2457 2210/1071/2423 2229/1072/2422
f 1941/1069/2067 1938/1070/2062 2150/1071/2494 2157/1072/2495
f 2157/1069/2495 2150/1070/2494 2151/1071/2496 2156/1072/2497
f 2156/1069/2497 2151/1070/2496 2152/1071/2498 2155/1072/2499
f 2155/1069/2499 2152/1070/2498 2153/1071/2414 2154/1072/2413
f 1932/1069/1964 2140/1070/2379 2177/1071/2479 2186/1072/2470
f 2186/1069/2470 2177/1070/2479 2176/1071/2480 2187/1072/2471
f 2187/1069/2471 2176/1070/2480 2175/1071/2481 2188/1072/2472
f 2188/1069/2472 2175/1070/2481 2174/1071/2421 2189/1072/2420
f 1967/1069/2064 1940/1070/2112 2165/1071/2489 2190/1072/2467
f 2190/1069/2467 2165/1070/2489 2164/1071/2491 2191/1072/2468
f 2191/1069/2468 2164/1070/2491 2163/1071/2493 2192/1072/2469
f 2192/1069/2469 2163/1070/2493 2162/1071/2419 2193/1072/2418
f 1939/1069/2011 1912/1070/2071 2249/1071/2388 2178/1072/2473
f 2178/1069/2473 2249/1070/2388 2248/1071/2386 2179/1072/2475
f 2179/1069/2475 2248/1070/2386 2247/1071/2382 2180/1072/2477
f 2180/1069/2477 2247/1070/2382 2246/1071/2385 2181/1072/2417
f 2093/1069/2016 1913/1070/2015 2221/1071/2447 2242/1072/2389
f 2242/1069/2389 2221/1070/2447 2220/1071/2449 2243/1072/2387
f 2243/1069/2387 2220/1070/2449 2219/1071/2451 2244/1072/2383
f 2244/1069/2383 2219/1070/2451 2218/1071/2416 2245/1072/2384
f 1938/1069/2062 1960/1070/2012 2185/1071/2474 2150/1072/2494
f 2150/1069/2494 2185/1070/2474 2184/1071/2476 2151/1072/2496
f 2151/1069/2496 2184/1070/2476 2183/1071/2478 2152/1072/2498
f 2152/1069/2498 2183/1070/2478 2182/1071/2415 2153/1072/2414
f 2096/1069/2068 1941/1070/2067 2157/1071/2495 2158/1072/2488
f 2158/1069/2488 2157/1070/2495 2156/1071/2497 2159/1072/2490
f 2159/1069/2490 2156/1070/2497 2155/1071/2499 2160/1072/2492
f 2160/1069/2492 2155/1070/2499 2154/1071/2413 2161/1072/2412
f 1798/1069/1875 1994/1070/1821 2173/1071/2483 2202/1072/2458
f 2202/1069/2458 2173/1070/2483 2172/1071/2485 2203/1072/2459
f 2203/1069/2459 2172/1070/2485 2171/1071/2487 2204/1072/2460
f 2204/1069/2460 2171/1070/2487 2170/1071/2411 2205/1072/2410
f 1796/1069/1813 2123/1070/2406 2265/1071/2404 2149/1072/2500
f 2149/1069/2500 2265/1070/2404 2264/1071/2402 2148/1072/2501
f 2148/1069/2501 2264/1070/2402 2263/1071/2398 2147/1072/2502
f 2147/1069/2502 2263/1070/2398 2262/1071/2401 2146/1072/2409
f 1799/1069/1820 1796/1070/1813 2149/1071/2500 2166/1072/2482
f 2166/1069/2482 2149/1070/2500 2148/1071/2501 2167/1072/2484
f 2167/1069/2484 2148/1070/2501 2147/1071/2502 2168/1072/2486
f 2168/1069/2486 2147/1070/2502 2146/1071/2409 2169/1072/2408
f 2626/1069/2503 2627/1070/2504 2271/1071/2505 2268/1072/2506
f 2268/1069/2506 2271/1070/2505 2270/1071/2342 2266/1072/1758
f 2273/1069/1763 2275/1070/1765 2277/1071/2507 2274/1072/2508
f 2274/1069/2508 2277/1070/2507 2663/1071/2339 2272/1072/2338
f 2628/1069/2370 2629/1070/2509 2283/1071/2510 2280/1072/2511
f 2280/1069/2511 2283/1070/2510 2282/1071/1757 2278/1072/1764
f 2627/1069/2504 2630/1070/1760 2286/1071/2512 2271/1072/2505
f 2271/1069/2505 2286/1070/2512 2285/1071/2110 2270/1072/2342
f 2629/1069/2509 2626/1070/2503 2268/1071/2506 2283/1072/2510
f 2283/1069/2510 2268/1070/2506 2266/1071/1758 2282/1072/1757
f 2631/1069/2513 2632/1070/2514 2292/1071/2515 2289/1072/2516
f 2289/1069/2516 2292/1070/2515 2291/1071/1824 2287/1072/1815
f 2294/1069/1822 2296/1070/1876 2298/1071/2517 2295/1072/2518
f 2295/1069/2518 2298/1070/2517 2664/1071/2345 2293/1072/2344
f 2633/1069/2371 2634/1070/2519 2304/1071/2520 2301/1072/2521
f 2301/1069/2521 2304/1070/2520 2303/1071/1814 2299/1072/1823
f 2634/1069/2519 2631/1070/2513 2289/1071/2516 2304/1072/2520
f 2304/1069/2520 2289/1070/2516 2287/1071/1815 2303/1072/1814
f 2635/1069/2522 2636/1070/2523 2310/1071/2524 2307/1072/2525
f 2307/1069/2525 2310/1070/2524 2309/1071/1819 2305/1072/1818
f 2312/1069/1873 2314/1070/1920 2316/1071/2526 2313/1072/2527
f 2313/1069/2527 2316/1070/2526 2665/1071/2349 2311/1072/2348
f 2637/1069/2372 2638/1070/2528 2322/1071/2529 2319/1072/2530
f 2319/1069/2530 2322/1070/2529 2321/1071/1866 2317/1072/1874
f 2638/1069/2528 2635/1070/2522 2307/1071/2525 2322/1072/2529
f 2322/1069/2529 2307/1070/2525 2305/1071/1818 2321/1072/1866
f 2639/1069/2531 2640/1070/2532 2328/1071/2533 2325/1072/2534
f 2325/1069/2534 2328/1070/2533 2327/1071/1870 2323/1072/1869
f 2330/1069/1917 2332/1070/1969 2334/1071/2535 2331/1072/2536
f 2331/1069/2536 2334/1070/2535 2647/1071/2353 2329/1072/2352
f 2641/1069/2373 2642/1070/2537 2340/1071/2538 2337/1072/2539
f 2337/1069/2539 2340/1070/2538 2339/1071/1914 2335/1072/1918
f 2642/1069/2537 2639/1070/2531 2325/1071/2534 2340/1072/2538
f 2340/1069/2538 2325/1070/2534 2323/1071/1869 2339/1072/1914
f 2643/1069/2540 2644/1070/2541 2346/1071/2542 2343/1072/2543
f 2343/1069/2543 2346/1070/2542 2345/1071/1916 2341/1072/1915
f 2348/1069/1967 2350/1070/2019 2352/1071/2544 2349/1072/2545
f 2349/1069/2545 2352/1070/2544 2652/1071/2357 2347/1072/2356
f 2645/1069/2374 2646/1070/2546 2358/1071/2547 2355/1072/2548
f 2355/1069/2548 2358/1070/2547 2357/1071/1963 2353/1072/1968
f 2644/1069/2541 2647/1070/2353 2334/1071/2535 2346/1072/2542
f 2346/1069/2542 2334/1070/2535 2332/1071/1969 2345/1072/1916
f 2646/1069/2546 2643/1070/2540 2343/1071/2543 2358/1072/2547
f 2358/1069/2547 2343/1070/2543 2341/1071/1915 2357/1072/1963
f 2648/1069/2549 2649/1070/2550 2364/1071/2551 2361/1072/2552
f 2361/1069/2552 2364/1070/2551 2363/1071/1966 2359/1072/1965
f 2366/1069/2017 2368/1070/2072 2370/1071/2553 2367/1072/2554
f 2367/1069/2554 2370/1070/2553 2659/1071/2361 2365/1072/2360
f 2650/1069/2375 2651/1070/2555 2376/1071/2556 2373/1072/2557
f 2373/1069/2557 2376/1070/2556 2375/1071/2010 2371/1072/2018
f 2649/1069/2550 2652/1070/2357 2352/1071/2544 2364/1072/2551
f 2364/1069/2551 2352/1070/2544 2350/1071/2019 2363/1072/1966
f 2651/1069/2555 2648/1070/2549 2361/1071/2552 2376/1072/2556
f 2376/1069/2556 2361/1070/2552 2359/1071/1965 2375/1072/2010
f 2653/1069/2558 2654/1070/2559 2382/1071/2560 2379/1072/2561
f 2379/1069/2561 2382/1070/2560 2381/1071/2014 2377/1072/2013
f 2384/1069/2069 2386/1070/2113 2388/1071/2562 2385/1072/2563
f 2385/1069/2563 2388/1070/2562 2658/1071/2365 2383/1072/2364
f 2655/1069/2376 2656/1070/2564 2394/1071/2565 2391/1072/2566
f 2391/1069/2566 2394/1070/2565 2393/1071/2063 2389/1072/2070
f 2657/1069/2567 2658/1070/2365 2388/1071/2562 2397/1072/2568
f 2397/1069/2568 2388/1070/2562 2386/1071/2113 2395/1072/2066
f 2654/1069/2559 2659/1070/2361 2370/1071/2553 2382/1072/2560
f 2382/1069/2560 2370/1070/2553 2368/1071/2072 2381/1072/2014
f 2656/1069/2564 2653/1070/2558 2379/1071/2561 2394/1072/2565
f 2394/1069/2565 2379/1070/2561 2377/1071/2013 2393/1072/2063
f 2660/1069/2569 2657/1070/2567 2397/1071/2568 2400/1072/2570
f 2400/1069/2570 2397/1070/2568 2395/1071/2066 2398/1072/2065
f 2661/1069/2108 2662/1070/2571 2406/1071/2572 2403/1072/2573
f 2403/1069/2573 2406/1070/2572 2405/1071/2107 2401/1072/2114
f 2408/1069/2111 2285/1070/2110 2286/1071/2512 2409/1072/2574
f 2409/1069/2574 2286/1070/2512 2630/1071/1760 2407/1072/1759
f 2662/1069/2571 2660/1070/2569 2400/1071/2570 2406/1072/2572
f 2406/1069/2572 2400/1070/2570 2398/1071/2065 2405/1072/2107
f 2632/1069/2514 2663/1070/2339 2277/1071/2507 2292/1072/2515
f 2292/1069/2515 2277/1070/2507 2275/1071/1765 2291/1072/1824
f 2636/1069/2523 2664/1070/2345 2298/1071/2517 2310/1072/2524
f 2310/1069/2524 2298/1070/2517 2296/1071/1876 2309/1072/1819
f 2640/1069/2532 2665/1070/2349 2316/1071/2526 2328/1072/2533
f 2328/1069/2533 2316/1070/2526 2314/1071/1920 2327/1072/1870
f 2278/1069/1764 2273/1070/1763 2274/1071/2508 2280/1072/2511
f 2280/1069/2511 2274/1070/2508 2272/1071/2338 2628/1072/2370
f 2299/1069/1823 2294/1070/1822 2295/1071/2518 2301/1072/2521
f 2301/1069/2521 2295/1070/2518 2293/1071/2344 2633/1072/2371
f 2317/1069/1874 2312/1070/1873 2313/1071/2527 2319/1072/2530
f 2319/1069/2530 2313/1070/2527 2311/1071/2348 2637/1072/2372
f 2335/1069/1918 2330/1070/1917 2331/1071/2536 2337/1072/2539
f 2337/1069/2539 2331/1070/2536 2329/1071/2352 2641/1072/2373
f 2353/1069/1968 2348/1070/1967 2349/1071/2545 2355/1072/2548
f 2355/1069/2548 2349/1070/2545 2347/1071/2356 2645/1072/2374
f 2371/1069/2018 2366/1070/2017 2367/1071/2554 2373/1072/2557
f 2373/1069/2557 2367/1070/2554 2365/1071/2360 2650/1072/2375
f 2389/1069/2070 2384/1070/2069 2385/1071/2563 2391/1072/2566
f 2391/1069/2566 2385/1070/2563 2383/1071/2364 2655/1072/2376
f 2401/1069/2114 2408/1070/2111 2409/1071/2574 2403/1072/2573
f 2403/1069/2573 2409/1070/2574 2407/1071/1759 2661/1072/2108
f 1767/1069/1756 1790/1070/1756 2266/1071/1758 2270/1072/2342
f 2426/1069/1723 2413/1070/1737 2415/1071/2575 2427/1072/2576
f 2427/1069/2576 2415/1070/2575 2414/1071/1741 2425/1072/1770
f 2531/1069/1808 2682/1070/1807 2683/1071/2577 2532/1072/2578
f 2532/1069/2578 2683/1070/2577 2684/1071/2119 2530/1072/1733
f 2423/1069/1750 2410/1070/1724 2412/1071/2579 2424/1072/2580
f 2424/1069/2580 2412/1070/2579 2411/1071/1769 2422/1072/1768
f 2413/1069/1737 2688/1070/1755 2418/1071/2581 2415/1072/2575
f 2415/1069/2575 2418/1070/2581 2417/1071/1742 2414/1072/1741
f 2410/1069/1724 2426/1070/1723 2427/1071/2576 2412/1072/2579
f 2412/1069/2579 2427/1070/2576 2425/1071/1770 2411/1072/1769
f 2441/1083/1791 2431/1082/1790 2433/1180/2582 2442/1181/2583
f 2442/1069/2583 2433/1070/2582 2432/1071/1796 2440/1072/1827
f 2534/1182/2191 2691/1183/2226 2692/1184/2584 2535/1185/2585
f 2535/1069/2585 2692/1070/2584 2693/1071/2122 2533/1072/1786
f 2431/1082/1790 2694/1090/1812 2436/1186/2586 2433/1180/2582
f 2433/1069/2582 2436/1070/2586 2435/1071/1797 2432/1072/1796
f 2429/1074/1727 2441/1083/1791 2442/1181/2583 2430/1187/2587
f 2430/1069/2587 2442/1070/2583 2440/1071/1827 2428/1072/2083
f 2456/1069/1848 2446/1070/1847 2448/1071/2588 2457/1072/2589
f 2457/1069/2589 2448/1070/2588 2447/1071/1853 2455/1072/1862
f 2446/1069/1847 2697/1070/1864 2451/1071/2590 2448/1072/2588
f 2448/1069/2588 2451/1070/2590 2450/1071/1854 2447/1072/1853
f 2437/1069/1781 2443/1070/1780 2445/1071/2591 2439/1072/2592
f 2439/1069/2592 2445/1070/2591 2444/1071/1833 2438/1072/1832
f 2443/1069/1780 2456/1070/1848 2457/1071/2589 2445/1072/2591
f 2445/1069/2591 2457/1070/2589 2455/1071/1862 2444/1072/1833
f 2471/1069/1897 2461/1070/1896 2463/1071/2593 2472/1072/2594
f 2472/1069/2594 2463/1070/2593 2462/1071/1902 2470/1072/1837
f 2468/1069/2200 2473/1070/1973 2475/1071/2595 2469/1072/2596
f 2469/1069/2596 2475/1070/2595 2474/1071/1885 2467/1072/2253
f 2461/1069/1896 2703/1070/1913 2466/1071/2597 2463/1072/2593
f 2463/1069/2593 2466/1070/2597 2465/1071/1903 2462/1072/1902
f 2453/1069/2251 2458/1070/1924 2460/1071/2598 2454/1072/2599
f 2454/1069/2599 2460/1070/2598 2459/1071/1836 2452/1072/1883
f 2458/1069/1924 2471/1070/1897 2472/1071/2594 2460/1072/2598
f 2460/1069/2598 2472/1070/2594 2470/1071/1837 2459/1072/1836
f 2486/1069/1945 2476/1070/1944 2478/1071/2600 2487/1072/2601
f 2487/1069/2601 2478/1070/2600 2477/1071/1950 2485/1072/1886
f 2476/1069/1944 2709/1070/1962 2481/1071/2602 2478/1072/2600
f 2478/1069/2600 2481/1070/2602 2480/1071/1951 2477/1072/1950
f 2483/1069/2256 2488/1070/2023 2490/1071/2603 2484/1072/2604
f 2484/1069/2604 2490/1070/2603 2489/1071/1933 2482/1072/1978
f 2473/1069/1973 2486/1070/1945 2487/1071/2601 2475/1072/2595
f 2475/1069/2595 2487/1070/2601 2485/1071/1886 2474/1072/1885
f 2501/1069/1992 2491/1070/1991 2493/1071/2605 2502/1072/2606
f 2502/1069/2606 2493/1070/2605 2492/1071/1997 2500/1072/1934
f 2498/1069/2193 2503/1070/2076 2505/1071/2607 2499/1072/2608
f 2499/1069/2608 2505/1070/2607 2504/1071/1980 2497/1072/2258
f 2491/1069/1991 2718/1070/2008 2496/1071/2609 2493/1072/2605
f 2493/1069/2605 2496/1070/2609 2495/1071/1998 2492/1072/1997
f 2488/1069/2023 2501/1070/1992 2502/1071/2606 2490/1072/2603
f 2490/1069/2603 2502/1070/2606 2500/1071/1934 2489/1072/1933
f 2516/1069/2044 2506/1070/2043 2508/1071/2610 2517/1072/2611
f 2517/1069/2611 2508/1070/2610 2507/1071/2049 2515/1072/1981
f 2506/1069/2043 2721/1070/2061 2511/1071/2612 2508/1072/2610
f 2508/1069/2610 2511/1070/2612 2510/1071/2050 2507/1072/2049
f 2503/1069/2076 2516/1070/2044 2517/1071/2611 2505/1072/2607
f 2505/1069/2607 2517/1070/2611 2515/1071/1981 2504/1072/1980
f 2528/1069/2090 2521/1070/2089 2523/1071/2613 2529/1072/2614
f 2529/1069/2614 2523/1070/2613 2522/1071/2095 2527/1072/2033
f 2521/1069/2089 2724/1070/2106 2526/1071/2615 2523/1072/2613
f 2523/1069/2613 2526/1070/2615 2525/1071/2096 2522/1072/2095
f 2513/1069/2262 2518/1070/2115 2520/1071/2616 2514/1072/2617
f 2514/1069/2617 2520/1070/2616 2519/1071/2032 2512/1072/2081
f 2518/1069/2115 2528/1070/2090 2529/1071/2614 2520/1072/2616
f 2520/1069/2616 2529/1070/2614 2527/1071/2033 2519/1072/2032
f 2419/1075/1728 2429/1074/1727 2430/1187/2587 2421/1188/2618
f 2421/1188/2618 2430/1187/2587 2428/1129/2083 2420/1128/2197
f 2416/1069/2199 2531/1070/1808 2532/1071/2578 2689/1072/2619
f 2689/1069/2619 2532/1070/2578 2530/1071/1733 2690/1072/1732
f 2434/1069/2192 2534/1070/2191 2535/1071/2585 2695/1072/2620
f 2695/1069/2620 2535/1070/2585 2533/1071/1786 2696/1072/1785
f 2729/1069/2104 2545/1070/2039 2547/1071/2621 2727/1072/2622
f 2727/1069/2622 2547/1070/2621 2546/1071/2222 2728/1072/2221
f 2717/1069/2058 2548/1070/1987 2550/1071/2623 2715/1072/2624
f 2715/1069/2624 2550/1070/2623 2549/1071/2031 2716/1072/2030
f 2702/1069/1959 2536/1070/1892 2538/1071/2625 2700/1072/2626
f 2700/1069/2626 2538/1070/2625 2537/1071/1932 2701/1072/1931
f 2714/1069/2006 2551/1070/1940 2553/1071/2627 2712/1072/2628
f 2712/1069/2628 2553/1070/2627 2552/1071/2207 2713/1072/2206
f 2687/1069/1778 2542/1070/1777 2544/1071/2629 2685/1072/2630
f 2685/1069/2630 2544/1070/2629 2543/1071/2211 2686/1072/2210
f 2708/1069/1911 2539/1070/1843 2541/1071/2631 2706/1072/2632
f 2706/1069/2632 2541/1070/2631 2540/1071/2216 2707/1072/2215
f 2539/1069/1843 2699/1070/1842 2698/1071/2633 2541/1072/2631
f 2541/1069/2631 2698/1070/2633 2449/1071/2218 2540/1072/2216
f 2536/1069/1892 2705/1070/1891 2704/1071/2634 2538/1072/2625
f 2538/1069/2625 2704/1070/2634 2464/1071/2203 2537/1072/1932
f 2551/1069/1940 2711/1070/1939 2710/1071/2635 2553/1072/2627
f 2553/1069/2627 2710/1070/2635 2479/1071/2209 2552/1072/2207
f 2548/1069/1987 2720/1070/1986 2719/1071/2636 2550/1072/2623
f 2550/1069/2623 2719/1070/2636 2494/1071/2196 2549/1072/2031
f 2545/1069/2039 2723/1070/2038 2722/1071/2637 2547/1072/2621
f 2547/1069/2621 2722/1070/2637 2509/1071/2224 2546/1072/2222
f 2542/1069/1777 2726/1070/2085 2725/1071/2638 2544/1072/2629
f 2544/1069/2629 2725/1070/2638 2524/1071/2212 2543/1072/2211
f 2411/1069/1769 2425/1070/1770 1793/1071/1745 1776/1072/1753
f 1772/1069/1746 1783/1070/1720 2555/1071/2232 2554/1072/2334
f 1781/1069/1748 1784/1070/1747 2557/1071/2325 2556/1072/2324
f 1784/1069/1747 1774/1070/1739 2558/1071/2335 2557/1072/2325
f 1783/1069/1720 1779/1070/1719 2559/1071/2228 2555/1072/2232
f 1779/1069/1719 1780/1070/1743 2560/1071/1731 2559/1072/2228
f 1782/1069/1752 1781/1070/1748 2556/1071/2324 2561/1072/1775
f 1791/1069/1738 1772/1070/1746 2554/1071/2334 2562/1072/2336
f 1774/1069/1739 1791/1070/1738 2562/1071/2336 2558/1072/2335
f 1801/1069/1801 1812/1070/1773 2564/1071/2242 2563/1072/2248
f 1810/1088/1803 1813/1189/1802 2566/1136/2230 2565/1134/2229
f 1813/1069/1802 1803/1070/1794 2567/1071/2236 2566/1072/2230
f 1812/1190/1773 1808/1093/1772 2568/1147/2240 2564/1150/2242
f 1808/1093/1772 1809/1092/1798 2569/1148/1784 2568/1147/2240
f 1811/1085/1809 1810/1088/1803 2565/1134/2229 2570/1135/2118
f 1819/1069/1793 1801/1070/1801 2563/1071/2248 2571/1072/2237
f 1803/1069/1794 1819/1070/1793 2571/1071/2237 2567/1072/2236
f 1829/1069/1858 1842/1070/1830 2573/1071/2268 2572/1072/2273
f 1838/1069/1860 1843/1070/1859 2575/1071/2243 2574/1072/2238
f 1843/1069/1859 1831/1070/1851 2576/1071/2247 2575/1072/2243
f 1842/1191/1830 1836/1192/1829 2577/1159/2264 2573/1158/2268
f 1836/1069/1829 1837/1070/1855 2578/1071/1841 2577/1072/2264
f 1839/1193/1835 1838/1194/1860 2574/1143/2238 2579/1146/2121
f 1849/1069/1850 1829/1070/1858 2572/1071/2273 2580/1072/2272
f 1831/1069/1851 1849/1070/1850 2580/1071/2272 2576/1072/2247
f 1859/1069/1906 1870/1070/1881 2582/1071/2281 2581/1072/2285
f 1868/1069/1908 1871/1070/1907 2584/1071/2266 2583/1072/2265
f 1871/1069/1907 1861/1070/1900 2585/1071/2274 2584/1072/2266
f 1870/1069/1881 1866/1070/1880 2586/1071/2277 2582/1072/2281
f 1866/1069/1880 1867/1070/1904 2587/1071/1890 2586/1072/2277
f 1869/1069/1884 1868/1070/1908 2583/1071/2265 2588/1072/1910
f 1877/1069/1899 1859/1070/1906 2581/1071/2285 2589/1072/2275
f 1861/1069/1900 1877/1070/1899 2589/1071/2275 2585/1072/2274
f 1887/1069/1954 1898/1070/1927 2591/1071/2291 2590/1072/2295
f 1896/1069/1956 1899/1070/1955 2593/1071/2279 2592/1072/2278
f 1899/1069/1955 1889/1070/1948 2594/1071/2296 2593/1072/2279
f 1898/1069/1927 1894/1070/1926 2595/1071/2287 2591/1072/2291
f 1894/1069/1926 1895/1070/1952 2596/1071/1938 2595/1072/2287
f 1897/1069/1960 1896/1070/1956 2592/1071/2278 2597/1072/1958
f 1905/1069/1947 1887/1070/1954 2590/1071/2295 2598/1072/2297
f 1889/1069/1948 1905/1070/1947 2598/1071/2297 2594/1072/2296
f 1915/1069/2001 1926/1070/1976 2600/1071/2303 2599/1072/2307
f 1924/1069/2003 1927/1070/2002 2602/1071/2289 2601/1072/2288
f 1927/1069/2002 1917/1070/1995 2603/1071/2309 2602/1072/2289
f 1926/1069/1976 1922/1070/1975 2604/1071/2299 2600/1072/2303
f 1922/1069/1975 1923/1070/1999 2605/1071/1985 2604/1072/2299
f 1925/1069/1979 1924/1070/2003 2601/1071/2288 2606/1072/2005
f 1933/1069/1994 1915/1070/2001 2599/1071/2307 2607/1072/2308
f 1917/1069/1995 1933/1070/1994 2607/1071/2308 2603/1072/2309
f 1943/1069/2053 1954/1070/2026 2609/1071/2315 2608/1072/2319
f 1952/1069/2055 1955/1070/2054 2611/1071/2301 2610/1072/2300
f 1955/1069/2054 1945/1070/2047 2612/1071/2321 2611/1072/2301
f 1954/1069/2026 1950/1070/2025 2613/1071/2311 2609/1072/2315
f 1950/1069/2025 1951/1070/2051 2614/1071/2037 2613/1072/2311
f 1953/1069/2059 1952/1070/2055 2610/1071/2300 2615/1072/2057
f 1961/1069/2046 1943/1070/2053 2608/1071/2319 2616/1072/2320
f 1945/1069/2047 1961/1070/2046 2616/1071/2320 2612/1072/2321
f 1970/1069/2099 1981/1070/2079 2618/1071/2327 2617/1072/2331
f 1979/1069/2101 1982/1070/2100 2620/1071/2313 2619/1072/2312
f 1982/1069/2100 1972/1070/2093 2621/1071/2333 2620/1072/2313
f 1981/1069/2079 1977/1070/2078 2622/1071/2323 2618/1072/2327
f 1977/1069/2078 1978/1070/2097 2623/1071/2084 2622/1072/2323
f 1980/1069/2082 1979/1070/2101 2619/1071/2312 2624/1072/2103
f 1987/1069/2092 1970/1070/2099 2617/1071/2331 2625/1072/2332
f 1972/1069/2093 1987/1070/2092 2625/1071/2332 2621/1072/2333
f 2267/1069/1766 2269/1070/1767 2627/1071/2504 2626/1072/2503
f 2279/1069/2340 2281/1070/2337 2629/1071/2509 2628/1072/2370
f 2269/1069/1767 2284/1070/2341 2630/1071/1760 2627/1072/2504
f 2281/1069/2337 2267/1070/1766 2626/1071/2503 2629/1072/2509
f 2288/1069/1825 2290/1070/1826 2632/1071/2514 2631/1072/2513
f 2300/1175/2346 2302/1174/2343 2634/1195/2519 2633/1196/2371
f 2302/1069/2343 2288/1070/1825 2631/1071/2513 2634/1072/2519
f 2306/1069/1877 2308/1070/1878 2636/1071/2523 2635/1072/2522
f 2318/1069/2350 2320/1070/2347 2638/1071/2528 2637/1072/2372
f 2320/1069/2347 2306/1070/1877 2635/1071/2522 2638/1072/2528
f 2324/1069/1921 2326/1070/1923 2640/1071/2532 2639/1072/2531
f 2336/1069/2354 2338/1070/2351 2642/1071/2537 2641/1072/2373
f 2338/1069/2351 2324/1070/1921 2639/1071/2531 2642/1072/2537
f 2342/1069/1970 2344/1070/1972 2644/1071/2541 2643/1072/2540
f 2354/1069/2358 2356/1070/2355 2646/1071/2546 2645/1072/2374
f 2344/1069/1972 2333/1070/2252 2647/1071/2353 2644/1072/2541
f 2356/1069/2355 2342/1070/1970 2643/1071/2540 2646/1072/2546
f 2360/1069/2020 2362/1070/2022 2649/1071/2550 2648/1072/2549
f 2372/1069/2362 2374/1070/2359 2651/1071/2555 2650/1072/2375
f 2362/1069/2022 2351/1070/2255 2652/1071/2357 2649/1072/2550
f 2374/1069/2359 2360/1070/2020 2648/1071/2549 2651/1072/2555
f 2378/1069/2073 2380/1070/2075 2654/1071/2559 2653/1072/2558
f 2390/1069/2366 2392/1070/2363 2656/1071/2564 2655/1072/2376
f 2396/1069/2259 2387/1070/2261 2658/1071/2365 2657/1072/2567
f 2380/1069/2075 2369/1070/2257 2659/1071/2361 2654/1072/2559
f 2392/1069/2363 2378/1070/2073 2653/1071/2558 2656/1072/2564
f 2399/1069/2367 2396/1070/2259 2657/1071/2567 2660/1072/2569
f 2402/1069/2368 2404/1070/2369 2662/1071/2571 2661/1072/2108
f 2404/1069/2369 2399/1070/2367 2660/1071/2569 2662/1072/2571
f 2290/1096/1826 2276/1101/2117 2663/1169/2339 2632/1197/2514
f 2308/1069/1878 2297/1070/2120 2664/1071/2345 2636/1072/2523
f 2326/1069/1923 2315/1070/2250 2665/1071/2349 2640/1072/2532
f 2284/1069/2341 2666/1070/1751 1788/1071/1761 2630/1072/1760
f 2276/1101/2117 2667/1076/1729 1785/1170/1806 2663/1169/2339
f 2668/1069/1754 2279/1070/2340 2628/1071/2370 1789/1072/2198
f 2297/1103/2120 2669/1102/1782 1814/1198/2225 2664/1199/2345
f 2670/1089/1811 2300/1175/2346 2633/1196/2371 1817/1200/2189
f 2315/1069/2250 2671/1070/2249 1844/1071/2214 2665/1072/2349
f 2672/1179/1863 2318/1178/2350 2637/1201/2372 1847/1202/2217
f 2333/1069/2252 2673/1070/2201 1872/1071/1930 2647/1072/2353
f 2674/1069/1912 2336/1070/2354 2641/1071/2373 1875/1072/2202
f 2351/1069/2255 2675/1070/2254 1900/1071/2205 2652/1072/2357
f 2676/1069/1961 2354/1070/2358 2645/1071/2374 1903/1072/2208
f 2369/1069/2257 2677/1070/2194 1928/1071/2029 2659/1072/2361
f 2678/1069/2007 2372/1070/2362 2650/1071/2375 1931/1072/2195
f 2387/1069/2261 2679/1070/2260 1956/1071/2220 2658/1072/2365
f 2680/1069/2060 2390/1070/2366 2655/1071/2376 1959/1072/2223
f 2681/1069/2105 2402/1070/2368 2661/1071/2108 1985/1072/2109
f 2419/1075/1728 2421/1188/2618 2683/1203/2577 2682/1204/1807
f 2421/1188/2618 2420/1128/2197 2684/1205/2119 2683/1203/2577
f 2423/1069/1750 2424/1070/2580 2685/1071/2630 2686/1072/2210
f 2424/1069/2580 2422/1070/1768 2687/1071/1778 2685/1072/2630
f 2418/1069/2581 2688/1070/1755 2416/1071/2199 2689/1072/2619
f 2417/1069/1742 2418/1070/2581 2689/1071/2619 2690/1072/1732
f 2437/1069/1781 2439/1070/2592 2692/1071/2584 2691/1072/2226
f 2439/1069/2592 2438/1070/1832 2693/1071/2122 2692/1072/2584
f 2436/1069/2586 2694/1070/1812 2434/1071/2192 2695/1072/2620
f 2435/1206/1797 2436/1207/2586 2695/1208/2620 2696/1209/1785
f 2451/1069/2590 2697/1070/1864 2449/1071/2218 2698/1072/2633
f 2450/1069/1854 2451/1070/2590 2698/1071/2633 2699/1072/1842
f 2468/1069/2200 2469/1070/2596 2700/1071/2626 2701/1072/1931
f 2469/1069/2596 2467/1070/2253 2702/1071/1959 2700/1072/2626
f 2466/1069/2597 2703/1070/1913 2464/1071/2203 2704/1072/2634
f 2465/1069/1903 2466/1070/2597 2704/1071/2634 2705/1072/1891
f 2453/1069/2251 2454/1070/2599 2706/1071/2632 2707/1072/2215
f 2454/1069/2599 2452/1070/1883 2708/1071/1911 2706/1072/2632
f 2481/1069/2602 2709/1070/1962 2479/1071/2209 2710/1072/2635
f 2480/1069/1951 2481/1070/2602 2710/1071/2635 2711/1072/1939
f 2483/1069/2256 2484/1070/2604 2712/1071/2628 2713/1072/2206
f 2484/1069/2604 2482/1070/1978 2714/1071/2006 2712/1072/2628
f 2498/1069/2193 2499/1070/2608 2715/1071/2624 2716/1072/2030
f 2499/1069/2608 2497/1070/2258 2717/1071/2058 2715/1072/2624
f 2496/1069/2609 2718/1070/2008 2494/1071/2196 2719/1072/2636
f 2495/1069/1998 2496/1070/2609 2719/1071/2636 2720/1072/1986
f 2511/1069/2612 2721/1070/2061 2509/1071/2224 2722/1072/2637
f 2510/1069/2050 2511/1070/2612 2722/1071/2637 2723/1072/2038
f 2526/1069/2615 2724/1070/2106 2524/1071/2212 2725/1072/2638
f 2525/1069/2096 2526/1070/2615 2725/1071/2638 2726/1072/2085
f 2513/1069/2262 2514/1070/2617 2727/1071/2622 2728/1072/2221
f 2514/1069/2617 2512/1070/2081 2729/1071/2104 2727/1072/2622
f 2422/1069/1768 1782/1070/1752 2561/1071/1775 2687/1072/1778
f 2666/1069/1751 2423/1070/1750 2686/1071/2210 1788/1072/1761
f 1780/1069/1743 2417/1070/1742 2690/1071/1732 2560/1072/1731
f 2688/1069/1755 2668/1070/1754 1789/1071/2198 2416/1072/2199
f 2420/1128/2197 1811/1085/1809 2570/1135/2118 2684/1205/2119
f 2667/1076/1729 2419/1075/1728 2682/1204/1807 1785/1170/1806
f 1809/1092/1798 2435/1206/1797 2696/1209/1785 2569/1148/1784
f 2694/1069/1812 2670/1070/1811 1817/1071/2189 2434/1072/2192
f 2438/1069/1832 1839/1070/1835 2579/1071/2121 2693/1072/2122
f 2669/1069/1782 2437/1070/1781 2691/1071/2226 1814/1072/2225
f 1837/1069/1855 2450/1070/1854 2699/1071/1842 2578/1072/1841
f 2697/1069/1864 2672/1070/1863 1847/1071/2217 2449/1072/2218
f 2671/1069/2249 2453/1070/2251 2707/1071/2215 1844/1072/2214
f 2452/1069/1883 1869/1070/1884 2588/1071/1910 2708/1072/1911
f 1867/1069/1904 2465/1070/1903 2705/1071/1891 2587/1072/1890
f 2703/1069/1913 2674/1070/1912 1875/1071/2202 2464/1072/2203
f 2467/1069/2253 1897/1070/1960 2597/1071/1958 2702/1072/1959
f 2673/1069/2201 2468/1070/2200 2701/1071/1931 1872/1072/1930
f 1895/1069/1952 2480/1070/1951 2711/1071/1939 2596/1072/1938
f 2709/1069/1962 2676/1070/1961 1903/1071/2208 2479/1072/2209
f 2675/1069/2254 2483/1070/2256 2713/1071/2206 1900/1072/2205
f 2482/1069/1978 1925/1070/1979 2606/1071/2005 2714/1072/2006
f 1923/1069/1999 2495/1070/1998 2720/1071/1986 2605/1072/1985
f 2718/1069/2008 2678/1070/2007 1931/1071/2195 2494/1072/2196
f 2497/1069/2258 1953/1070/2059 2615/1071/2057 2717/1072/2058
f 2677/1069/2194 2498/1070/2193 2716/1071/2030 1928/1072/2029
f 1951/1069/2051 2510/1070/2050 2723/1071/2038 2614/1072/2037
f 2721/1069/2061 2680/1070/2060 1959/1071/2223 2509/1072/2224
f 2679/1069/2260 2513/1070/2262 2728/1071/2221 1956/1072/2220
f 2512/1069/2081 1980/1070/2082 2624/1071/2103 2729/1072/2104
f 1978/1069/2097 2525/1070/2096 2726/1071/2085 2623/1072/2084
f 2724/1069/2106 2681/1070/2105 1985/1071/2109 2524/1072/2212
f 2020/1069/2165 3404/1070/2639 3408/1071/2640 2021/1072/2179
f 1998/1069/2167 3316/1070/2641 3320/1071/2642 1999/1072/2181
f 2007/1116/2169 3352/1210/2643 3356/1211/2644 2008/1124/2183
f 2016/1069/2171 3388/1070/2645 3392/1071/2646 2017/1072/2185
f 2025/1069/2173 3424/1070/2647 3428/1071/2648 2026/1072/2187
f 2003/1119/2175 3336/1212/2649 3340/1213/2650 2004/1104/2127
f 2012/1122/2177 3372/1214/2651 3376/1215/2652 2013/1126/2131
f 2021/1069/2179 3408/1070/2640 3412/1071/2653 2022/1072/2135
f 1999/1069/2181 3320/1070/2642 3324/1071/2654 2000/1072/2139
f 2008/1124/2183 3356/1211/2644 3360/1216/2655 2009/1108/2143
f 2017/1069/2185 3392/1070/2646 3396/1071/2656 2018/1072/2147
f 2026/1069/2187 3428/1070/2648 3432/1071/2124 2027/1072/2123
f 2004/1104/2127 3340/1213/2650 3344/1217/2657 2005/1105/2128
f 2013/1126/2131 3376/1215/2652 3380/1218/2658 2014/1219/2132
f 2022/1069/2135 3412/1070/2653 3416/1071/2659 2023/1072/2136
f 2000/1069/2139 3324/1070/2654 3328/1071/2660 2001/1072/2140
f 2009/1108/2143 3360/1216/2655 3364/1220/2661 2010/1109/2144
f 2018/1069/2147 3396/1070/2656 3400/1071/2662 2019/1072/2148
f 3438/1221/2663 3435/1222/2664 2730/1223/2665 2731/1224/2666
f 2005/1105/2128 3344/1217/2657 3348/1225/2667 2006/1112/2155
f 2014/1069/2132 3380/1070/2658 3384/1071/2668 2015/1072/2157
f 2023/1069/2136 3416/1070/2659 3420/1071/2669 2024/1072/2159
f 2001/1226/2140 3328/1227/2660 3332/1228/2670 2002/1118/2161
f 2010/1109/2144 3364/1220/2661 3368/1229/2671 2011/1114/2163
f 2019/1069/2148 3400/1070/2662 3404/1071/2639 2020/1072/2165
f 1996/1069/2126 3307/1070/2125 3312/1071/2672 1997/1072/2151
f 1997/1069/2151 3312/1070/2672 3316/1071/2641 1998/1072/2167
f 2006/1112/2155 3348/1225/2667 3352/1210/2643 2007/1116/2169
f 2015/1069/2157 3384/1070/2668 3388/1071/2645 2016/1072/2171
f 2024/1069/2159 3420/1070/2669 3424/1071/2647 2025/1072/2173
f 2002/1118/2161 3332/1228/2670 3336/1212/2649 2003/1119/2175
f 2011/1114/2163 3368/1229/2671 3372/1214/2651 2012/1122/2177
f 3465/1069/2673 3462/1070/2674 2739/1071/2675 2740/1072/2676
f 3507/1230/2677 3504/1231/2678 2753/1232/2679 2754/1233/2680
f 3468/1069/2681 3465/1070/2673 2740/1071/2676 2741/1072/2682
f 3510/1234/2683 3507/1230/2677 2754/1233/2680 2755/1235/2684
f 3471/1069/2685 3468/1070/2681 2741/1071/2682 2742/1072/2686
f 3513/1236/2687 3510/1234/2683 2755/1235/2684 2756/1237/2688
f 3474/1069/2689 3471/1070/2685 2742/1071/2686 2743/1072/2690
f 3516/1238/2691 3513/1239/2687 2756/1240/2688 2757/1241/2692
f 3477/1069/2693 3474/1070/2689 2743/1071/2690 2744/1072/2694
f 3519/1242/2695 3516/1243/2691 2757/1244/2692 2758/1245/2696
f 3480/1246/2697 3477/1247/2693 2744/1248/2694 2745/1249/2698
f 3435/1222/2664 3528/1250/2699 2761/1251/2700 2730/1223/2665
f 3522/1252/2701 3519/1242/2695 2758/1245/2696 2759/1253/2702
f 3483/1254/2703 3480/1246/2697 2745/1249/2698 2746/1255/2704
f 3444/1256/2705 3441/1257/2706 2732/1258/2707 2733/1259/2708
f 3525/1260/2709 3522/1252/2701 2759/1253/2702 2760/1261/2710
f 3486/1262/2711 3483/1254/2703 2746/1255/2704 2747/1263/2712
f 3447/1069/2713 3444/1070/2705 2733/1071/2708 2734/1072/2714
f 3528/1250/2699 3525/1260/2709 2760/1261/2710 2761/1251/2700
f 3489/1264/2715 3486/1262/2711 2747/1263/2712 2748/1265/2716
f 3450/1069/2717 3447/1070/2713 2734/1071/2714 2735/1072/2718
f 3492/1266/2719 3489/1267/2715 2748/1268/2716 2749/1269/2720
f 3453/1069/2721 3450/1070/2717 2735/1071/2718 2736/1072/2722
f 3441/1257/2706 3438/1221/2663 2731/1224/2666 2732/1258/2707
f 3495/1069/2723 3492/1070/2719 2749/1071/2720 2750/1072/2724
f 3456/1069/2725 3453/1070/2721 2736/1071/2722 2737/1072/2726
f 3498/1270/2727 3495/1271/2723 2750/1272/2724 2751/1273/2728
f 3459/1069/2729 3456/1070/2725 2737/1071/2726 2738/1072/2730
f 3501/1274/2731 3498/1275/2727 2751/1276/2728 2752/1277/2732
f 3462/1069/2674 3459/1070/2729 2738/1071/2730 2739/1072/2675
f 3504/1231/2678 3501/1278/2731 2752/1279/2732 2753/1232/2679
f 3103/1280/2733 3099/1281/2734 3228/1282/2735 3232/1283/2736
f 3159/1284/2737 3155/1285/2738 3284/1286/2739 3288/1287/2740
f 3107/1288/2741 3103/1280/2733 3232/1283/2736 3236/1289/2742
f 3163/1290/2743 3159/1284/2737 3288/1287/2740 3292/1291/2744
f 3111/1292/2745 3107/1288/2741 3236/1289/2742 3240/1293/2746
f 3052/1294/2747 3175/1295/2748 3304/1296/2749 3179/1297/2750
f 3167/1298/2751 3163/1290/2743 3292/1291/2744 3296/1299/2752
f 3115/1300/2753 3111/1292/2745 3240/1293/2746 3244/1301/2754
f 3063/1302/2755 3059/1303/2756 3188/1304/2757 3192/1305/2758
f 3171/1306/2759 3167/1298/2751 3296/1299/2752 3300/1307/2760
f 3119/1308/2761 3115/1300/2753 3244/1301/2754 3248/1309/2762
f 3067/1310/2763 3063/1311/2755 3192/1312/2758 3196/1313/2764
f 3175/1295/2748 3171/1306/2759 3300/1307/2760 3304/1296/2749
f 3123/1314/2765 3119/1308/2761 3248/1309/2762 3252/1315/2766
f 3071/1316/2767 3067/1310/2763 3196/1313/2764 3200/1317/2768
f 3183/1318/2769 3180/1319/2770 2762/1320/2771 2763/1321/2772
f 3127/1322/2773 3123/1323/2765 3252/1324/2766 3256/1325/2774
f 3075/1326/2775 3071/1316/2767 3200/1317/2768 3204/1327/2776
f 3059/1303/2756 3055/1328/2777 3184/1329/2778 3188/1304/2757
f 3131/1330/2779 3127/1322/2773 3256/1325/2774 3260/1331/2780
f 3079/1332/2781 3075/1326/2775 3204/1327/2776 3208/1333/2782
f 3135/1334/2783 3131/1330/2779 3260/1331/2780 3264/1335/2784
f 3083/1336/2785 3079/1332/2781 3208/1333/2782 3212/1337/2786
f 3139/1338/2787 3135/1334/2783 3264/1335/2784 3268/1339/2788
f 3087/1340/2789 3083/1336/2785 3212/1337/2786 3216/1341/2790
f 3143/1342/2791 3139/1338/2787 3268/1339/2788 3272/1343/2792
f 3091/1344/2793 3087/1340/2789 3216/1341/2790 3220/1345/2794
f 3147/1346/2795 3143/1342/2791 3272/1343/2792 3276/1347/2796
f 3095/1348/2797 3091/1344/2793 3220/1345/2794 3224/1349/2798
f 3151/1350/2799 3147/1346/2795 3276/1347/2796 3280/1351/2800
f 3099/1281/2734 3095/1352/2797 3224/1353/2798 3228/1282/2735
f 3155/1354/2738 3151/1350/2799 3280/1351/2800 3284/1355/2739
f 2745/1249/2698 2744/1248/2694 3108/1356/2801 3112/1357/2802
f 2732/1358/2707 2731/1359/2666 3056/1360/2803 3060/1361/2804
f 2759/1362/2702 2758/1363/2696 3164/1364/2805 3168/1365/2806
f 2746/1255/2704 2745/1249/2698 3112/1357/2802 3116/1366/2807
f 2733/1367/2708 2732/1358/2707 3060/1361/2804 3064/1368/2808
f 2760/1369/2710 2759/1362/2702 3168/1365/2806 3172/1370/2809
f 2747/1263/2712 2746/1255/2704 3116/1366/2807 3120/1371/2810
f 2734/1372/2714 2733/1373/2708 3064/1374/2808 3068/1375/2811
f 2761/1376/2700 2760/1369/2710 3172/1370/2809 3176/1377/2812
f 2748/1265/2716 2747/1263/2712 3120/1371/2810 3124/1378/2813
f 2735/1379/2718 2734/1372/2714 3068/1375/2811 3072/1380/2814
f 2730/1381/2665 2761/1376/2700 3176/1377/2812 3051/1382/2815
f 2749/1269/2720 2748/1268/2716 3124/1383/2813 3128/1384/2816
f 2736/1385/2722 2735/1379/2718 3072/1380/2814 3076/1386/2817
f 2750/1387/2724 2749/1269/2720 3128/1384/2816 3132/1388/2818
f 2737/1389/2726 2736/1385/2722 3076/1386/2817 3080/1390/2819
f 2751/1276/2728 2750/1387/2724 3132/1388/2818 3136/1391/2820
f 2738/1392/2730 2737/1389/2726 3080/1390/2819 3084/1393/2821
f 2752/1277/2732 2751/1276/2728 3136/1391/2820 3140/1394/2822
f 2739/1395/2675 2738/1392/2730 3084/1393/2821 3088/1396/2823
f 2753/1397/2679 2752/1277/2732 3140/1394/2822 3144/1398/2824
f 2740/1399/2676 2739/1395/2675 3088/1396/2823 3092/1400/2825
f 2754/1401/2680 2753/1397/2679 3144/1398/2824 3148/1402/2826
f 2741/1403/2682 2740/1399/2676 3092/1400/2825 3096/1404/2827
f 2755/1405/2684 2754/1401/2680 3148/1402/2826 3152/1406/2828
f 2742/1407/2686 2741/1408/2682 3096/1409/2827 3100/1410/2829
f 2756/1411/2688 2755/1405/2684 3152/1406/2828 3156/1412/2830
f 2743/1413/2690 2742/1407/2686 3100/1410/2829 3104/1414/2831
f 2757/1241/2692 2756/1240/2688 3156/1415/2830 3160/1416/2832
f 2744/1248/2694 2743/1413/2690 3104/1414/2831 3108/1356/2801
f 2731/1359/2666 2730/1381/2665 3051/1382/2815 3056/1360/2803
f 2758/1363/2696 2757/1241/2692 3160/1416/2832 3164/1364/2805
f 3255/1417/2833 3251/1418/2834 2780/1419/2835 2781/1420/2836
f 3203/1421/2837 3199/1422/2838 2767/1423/2839 2768/1424/2840
f 3187/1425/2841 3183/1318/2769 2763/1321/2772 2764/1426/2842
f 3259/1427/2843 3255/1417/2833 2781/1420/2836 2782/1428/2844
f 3207/1429/2845 3203/1421/2837 2768/1424/2840 2769/1430/2846
f 3263/1431/2847 3259/1427/2843 2782/1428/2844 2783/1432/2848
f 3211/1433/2849 3207/1429/2845 2769/1430/2846 2770/1434/2850
f 3267/1435/2851 3263/1431/2847 2783/1432/2848 2784/1436/2852
f 3215/1437/2853 3211/1433/2849 2770/1434/2850 2771/1438/2854
f 3271/1439/2855 3267/1435/2851 2784/1436/2852 2785/1440/2856
f 3219/1441/2857 3215/1437/2853 2771/1438/2854 2772/1442/2858
f 3275/1443/2859 3271/1439/2855 2785/1440/2856 2786/1444/2860
f 3223/1445/2861 3219/1441/2857 2772/1442/2858 2773/1446/2862
f 3279/1447/2863 3275/1443/2859 2786/1444/2860 2787/1448/2864
f 3227/1449/2865 3223/1450/2861 2773/1451/2862 2774/1452/2866
f 3283/1453/2867 3279/1447/2863 2787/1448/2864 2788/1454/2868
f 3231/1455/2869 3227/1449/2865 2774/1452/2866 2775/1456/2870
f 3287/1069/2871 3283/1070/2867 2788/1071/2868 2789/1072/2872
f 3235/1457/2873 3231/1455/2869 2775/1456/2870 2776/1458/2874
f 3291/1069/2875 3287/1070/2871 2789/1071/2872 2790/1072/2876
f 3239/1459/2877 3235/1457/2873 2776/1458/2874 2777/1460/2878
f 3180/1319/2770 3303/1461/2879 2793/1462/2880 2762/1320/2771
f 3295/1463/2881 3291/1464/2875 2790/1465/2876 2791/1466/2882
f 3243/1467/2883 3239/1459/2877 2777/1460/2878 2778/1468/2884
f 3191/1469/2885 3187/1425/2841 2764/1426/2842 2765/1470/2886
f 3299/1471/2887 3295/1463/2881 2791/1466/2882 2792/1472/2888
f 3247/1473/2889 3243/1467/2883 2778/1468/2884 2779/1474/2890
f 3195/1475/2891 3191/1476/2885 2765/1477/2886 2766/1478/2892
f 3303/1461/2879 3299/1471/2887 2792/1472/2888 2793/1462/2880
f 3251/1479/2834 3247/1473/2889 2779/1474/2890 2780/1480/2835
f 3199/1422/2838 3195/1475/2891 2766/1478/2892 2767/1423/2839
f 2784/1436/2852 2783/1432/2848 2879/1481/2893 2883/1482/2894
f 2771/1438/2854 2770/1434/2850 2827/1483/2895 2831/1484/2896
f 2785/1440/2856 2784/1436/2852 2883/1482/2894 2887/1485/2897
f 2772/1442/2858 2771/1438/2854 2831/1484/2896 2835/1486/2898
f 2786/1444/2860 2785/1440/2856 2887/1485/2897 2891/1487/2899
f 2773/1446/2862 2772/1442/2858 2835/1486/2898 2839/1488/2900
f 2787/1448/2864 2786/1444/2860 2891/1487/2899 2895/1489/2901
f 2774/1452/2866 2773/1451/2862 2839/1490/2900 2843/1491/2902
f 2788/1454/2868 2787/1448/2864 2895/1489/2901 2899/1492/2903
f 2775/1456/2870 2774/1452/2866 2843/1491/2902 2847/1493/2904
f 2789/1494/2872 2788/1495/2868 2899/1496/2903 2903/1497/2905
f 2776/1458/2874 2775/1456/2870 2847/1493/2904 2851/1498/2906
f 2790/1465/2876 2789/1494/2872 2903/1497/2905 2907/1499/2907
f 2777/1460/2878 2776/1458/2874 2851/1498/2906 2855/1500/2908
f 2764/1426/2842 2763/1321/2772 2799/1501/2909 2803/1502/2910
f 2791/1466/2882 2790/1465/2876 2907/1499/2907 2911/1503/2911
f 2778/1468/2884 2777/1460/2878 2855/1500/2908 2859/1504/2912
f 2765/1470/2886 2764/1426/2842 2803/1502/2910 2807/1505/2913
f 2792/1472/2888 2791/1466/2882 2911/1503/2911 2915/1506/2914
f 2779/1474/2890 2778/1468/2884 2859/1504/2912 2863/1507/2915
f 2766/1478/2892 2765/1477/2886 2807/1508/2913 2811/1509/2916
f 2793/1462/2880 2792/1472/2888 2915/1506/2914 2919/1510/2917
f 2780/1480/2835 2779/1474/2890 2863/1507/2915 2867/1511/2918
f 2767/1423/2839 2766/1478/2892 2811/1509/2916 2815/1512/2919
f 2781/1420/2836 2780/1419/2835 2867/1513/2918 2871/1514/2920
f 2768/1424/2840 2767/1423/2839 2815/1512/2919 2819/1515/2921
f 2763/1321/2772 2762/1320/2771 2794/1516/2922 2799/1501/2909
f 2782/1428/2844 2781/1420/2836 2871/1514/2920 2875/1517/2923
f 2769/1430/2846 2768/1424/2840 2819/1515/2921 2823/1518/2924
f 2783/1432/2848 2782/1428/2844 2875/1517/2923 2879/1481/2893
f 2770/1434/2850 2769/1430/2846 2823/1518/2924 2827/1483/2895
f 2762/1320/2771 2793/1462/2880 2919/1510/2917 2794/1516/2922
f 2799/1501/2909 2794/1516/2922 2796/1519/2925 2802/1520/2926
f 2802/1520/2926 2796/1519/2925 2797/1521/2927 2801/1522/2928
f 2801/1523/2928 2797/1524/2927 2798/1525/2929 2800/1526/2930
f 2800/1526/2930 2798/1525/2929 2923/1527/2931 2924/1528/2932
f 2803/1502/2910 2799/1501/2909 2802/1520/2926 2806/1529/2933
f 2806/1529/2933 2802/1520/2926 2801/1522/2928 2805/1530/2934
f 2805/1531/2934 2801/1523/2928 2800/1526/2930 2804/1532/2935
f 2804/1532/2935 2800/1526/2930 2924/1528/2932 2925/1533/2936
f 2807/1508/2913 2803/1534/2910 2806/1535/2933 2810/1536/2937
f 2810/1536/2937 2806/1535/2933 2805/1537/2934 2809/1538/2938
f 2809/1539/2938 2805/1531/2934 2804/1532/2935 2808/1540/2939
f 2808/1540/2939 2804/1532/2935 2925/1533/2936 2926/1541/2940
f 2811/1509/2916 2807/1508/2913 2810/1536/2937 2814/1542/2941
f 2814/1542/2941 2810/1536/2937 2809/1538/2938 2813/1543/2942
f 2813/1544/2942 2809/1539/2938 2808/1540/2939 2812/1545/2943
f 2812/1545/2943 2808/1540/2939 2926/1541/2940 2927/1546/2944
f 2815/1512/2919 2811/1509/2916 2814/1542/2941 2818/1547/2945
f 2818/1547/2945 2814/1542/2941 2813/1543/2942 2817/1548/2946
f 2817/1549/2946 2813/1544/2942 2812/1545/2943 2816/1550/2947
f 2816/1550/2947 2812/1545/2943 2927/1546/2944 2928/1551/2948
f 2819/1515/2921 2815/1512/2919 2818/1547/2945 2822/1552/2949
f 2822/1552/2949 2818/1547/2945 2817/1548/2946 2821/1553/2950
f 2821/1554/2950 2817/1549/2946 2816/1550/2947 2820/1555/2951
f 2820/1555/2951 2816/1550/2947 2928/1551/2948 2929/1556/2952
f 2823/1518/2924 2819/1515/2921 2822/1552/2949 2826/1557/2953
f 2826/1557/2953 2822/1552/2949 2821/1553/2950 2825/1558/2954
f 2825/1559/2954 2821/1554/2950 2820/1555/2951 2824/1560/2955
f 2824/1560/2955 2820/1555/2951 2929/1556/2952 2930/1561/2956
f 2827/1483/2895 2823/1518/2924 2826/1557/2953 2830/1562/2957
f 2830/1562/2957 2826/1557/2953 2825/1558/2954 2829/1563/2958
f 2829/1564/2958 2825/1559/2954 2824/1560/2955 2828/1565/2959
f 2828/1565/2959 2824/1560/2955 2930/1561/2956 2931/1566/2960
f 2831/1484/2896 2827/1483/2895 2830/1562/2957 2834/1567/2961
f 2834/1567/2961 2830/1562/2957 2829/1563/2958 2833/1568/2962
f 2833/1569/2962 2829/1564/2958 2828/1565/2959 2832/1570/2963
f 2832/1570/2963 2828/1565/2959 2931/1566/2960 2932/1571/2964
f 2835/1486/2898 2831/1484/2896 2834/1567/2961 2838/1572/2965
f 2838/1572/2965 2834/1567/2961 2833/1568/2962 2837/1573/2966
f 2837/1574/2966 2833/1569/2962 2832/1570/2963 2836/1575/2967
f 2836/1575/2967 2832/1570/2963 2932/1571/2964 2933/1576/2968
f 2839/1488/2900 2835/1486/2898 2838/1572/2965 2842/1577/2969
f 2842/1577/2969 2838/1572/2965 2837/1573/2966 2841/1578/2970
f 2841/1579/2970 2837/1574/2966 2836/1575/2967 2840/1580/2971
f 2840/1580/2971 2836/1575/2967 2933/1576/2968 2934/1581/2972
f 2843/1491/2902 2839/1490/2900 2842/1582/2969 2846/1583/2973
f 2846/1583/2973 2842/1582/2969 2841/1584/2970 2845/1585/2974
f 2845/1586/2974 2841/1579/2970 2840/1580/2971 2844/1587/2975
f 2844/1587/2975 2840/1580/2971 2934/1581/2972 2935/1588/2976
f 2847/1493/2904 2843/1491/2902 2846/1583/2973 2850/1589/2977
f 2850/1589/2977 2846/1583/2973 2845/1585/2974 2849/1590/2978
f 2849/1591/2978 2845/1586/2974 2844/1587/2975 2848/1592/2979
f 2848/1592/2979 2844/1587/2975 2935/1588/2976 2936/1593/2980
f 2851/1498/2906 2847/1493/2904 2850/1589/2977 2854/1594/2981
f 2854/1594/2981 2850/1589/2977 2849/1590/2978 2853/1595/2982
f 2853/1596/2982 2849/1591/2978 2848/1592/2979 2852/1597/2983
f 2852/1597/2983 2848/1592/2979 2936/1593/2980 2937/1598/2984
f 2855/1500/2908 2851/1498/2906 2854/1594/2981 2858/1599/2985
f 2858/1599/2985 2854/1594/2981 2853/1595/2982 2857/1600/2986
f 2857/1601/2986 2853/1596/2982 2852/1597/2983 2856/1602/2987
f 2856/1602/2987 2852/1597/2983 2937/1598/2984 2938/1603/2988
f 2859/1504/2912 2855/1500/2908 2858/1599/2985 2862/1604/2989
f 2862/1604/2989 2858/1599/2985 2857/1600/2986 2861/1605/2990
f 2861/1606/2990 2857/1601/2986 2856/1602/2987 2860/1607/2991
f 2860/1607/2991 2856/1602/2987 2938/1603/2988 2939/1608/2992
f 2863/1507/2915 2859/1504/2912 2862/1604/2989 2866/1609/2993
f 2866/1609/2993 2862/1604/2989 2861/1605/2990 2865/1610/2994
f 2865/1611/2994 2861/1606/2990 2860/1607/2991 2864/1612/2995
f 2864/1612/2995 2860/1607/2991 2939/1608/2992 2940/1613/2996
f 2867/1511/2918 2863/1507/2915 2866/1609/2993 2870/1614/2997
f 2870/1614/2997 2866/1609/2993 2865/1610/2994 2869/1615/2998
f 2869/1616/2998 2865/1611/2994 2864/1612/2995 2868/1617/2999
f 2868/1617/2999 2864/1612/2995 2940/1613/2996 2941/1618/3000
f 2871/1514/2920 2867/1513/2918 2870/1619/2997 2874/1620/3001
f 2874/1620/3001 2870/1619/2997 2869/1621/2998 2873/1622/3002
f 2873/1623/3002 2869/1616/2998 2868/1617/2999 2872/1624/3003
f 2872/1624/3003 2868/1617/2999 2941/1618/3000 2942/1625/3004
f 2875/1517/2923 2871/1514/2920 2874/1620/3001 2878/1626/3005
f 2878/1626/3005 2874/1620/3001 2873/1622/3002 2877/1627/3006
f 2877/1628/3006 2873/1623/3002 2872/1624/3003 2876/1629/3007
f 2876/1629/3007 2872/1624/3003 2942/1625/3004 2943/1630/3008
f 2879/1481/2893 2875/1517/2923 2878/1626/3005 2882/1631/3009
f 2882/1631/3009 2878/1626/3005 2877/1627/3006 2881/1632/3010
f 2881/1633/3010 2877/1628/3006 2876/1629/3007 2880/1634/3011
f 2880/1634/3011 2876/1629/3007 2943/1630/3008 2944/1635/3012
f 2883/1482/2894 2879/1481/2893 2882/1631/3009 2886/1636/3013
f 2886/1636/3013 2882/1631/3009 2881/1632/3010 2885/1637/3014
f 2885/1638/3014 2881/1633/3010 2880/1634/3011 2884/1639/3015
f 2884/1639/3015 2880/1634/3011 2944/1635/3012 2945/1640/3016
f 2887/1485/2897 2883/1482/2894 2886/1636/3013 2890/1641/3017
f 2890/1641/3017 2886/1636/3013 2885/1637/3014 2889/1642/3018
f 2889/1643/3018 2885/1638/3014 2884/1639/3015 2888/1644/3019
f 2888/1644/3019 2884/1639/3015 2945/1640/3016 2946/1645/3020
f 2891/1487/2899 2887/1485/2897 2890/1641/3017 2894/1646/3021
f 2894/1646/3021 2890/1641/3017 2889/1642/3018 2893/1647/3022
f 2893/1648/3022 2889/1643/3018 2888/1644/3019 2892/1649/3023
f 2892/1649/3023 2888/1644/3019 2946/1645/3020 2947/1650/3024
f 2895/1489/2901 2891/1487/2899 2894/1646/3021 2898/1651/3025
f 2898/1651/3025 2894/1646/3021 2893/1647/3022 2897/1652/3026
f 2897/1653/3026 2893/1648/3022 2892/1649/3023 2896/1654/3027
f 2896/1654/3027 2892/1649/3023 2947/1650/3024 2948/1655/3028
f 2899/1492/2903 2895/1489/2901 2898/1651/3025 2902/1656/3029
f 2902/1656/3029 2898/1651/3025 2897/1652/3026 2901/1657/3030
f 2901/1658/3030 2897/1653/3026 2896/1654/3027 2900/1659/3031
f 2900/1659/3031 2896/1654/3027 2948/1655/3028 2949/1660/3032
f 2903/1497/2905 2899/1496/2903 2902/1661/3029 2906/1662/3033
f 2906/1662/3033 2902/1661/3029 2901/1663/3030 2905/1664/3034
f 2905/1665/3034 2901/1658/3030 2900/1659/3031 2904/1666/3035
f 2904/1666/3035 2900/1659/3031 2949/1660/3032 2950/1667/3036
f 2907/1499/2907 2903/1497/2905 2906/1662/3033 2910/1668/3037
f 2910/1668/3037 2906/1662/3033 2905/1664/3034 2909/1669/3038
f 2909/1670/3038 2905/1665/3034 2904/1666/3035 2908/1671/3039
f 2908/1671/3039 2904/1666/3035 2950/1667/3036 2951/1672/3040
f 2911/1503/2911 2907/1499/2907 2910/1668/3037 2914/1673/3041
f 2914/1673/3041 2910/1668/3037 2909/1669/3038 2913/1674/3042
f 2913/1675/3042 2909/1670/3038 2908/1671/3039 2912/1676/3043
f 2912/1676/3043 2908/1671/3039 2951/1672/3040 2952/1677/3044
f 2915/1506/2914 2911/1503/2911 2914/1673/3041 2918/1678/3045
f 2918/1678/3045 2914/1673/3041 2913/1674/3042 2917/1679/3046
f 2917/1680/3046 2913/1675/3042 2912/1676/3043 2916/1681/3047
f 2916/1681/3047 2912/1676/3043 2952/1677/3044 2953/1682/3048
f 2919/1510/2917 2915/1506/2914 2918/1678/3045 2922/1683/3049
f 2922/1683/3049 2918/1678/3045 2917/1679/3046 2921/1684/3050
f 2921/1685/3050 2917/1680/3046 2916/1681/3047 2920/1686/3051
f 2920/1686/3051 2916/1681/3047 2953/1682/3048 2954/1687/3052
f 2794/1516/2922 2919/1510/2917 2922/1683/3049 2796/1519/2925
f 2796/1519/2925 2922/1683/3049 2921/1684/3050 2797/1521/2927
f 2797/1524/2927 2921/1685/3050 2920/1686/3051 2798/1525/2929
f 2798/1525/2929 2920/1686/3051 2954/1687/3052 2923/1527/2931
f 2955/1688/3053 2960/1689/3054 2924/1528/2932 2923/1527/2931
f 2960/1689/3054 2963/1690/3055 2925/1533/2936 2924/1528/2932
f 2963/1690/3055 2966/1691/3056 2926/1541/2940 2925/1533/2936
f 2966/1691/3056 2969/1692/3057 2927/1546/2944 2926/1541/2940
f 2969/1692/3057 2972/1693/3058 2928/1551/2948 2927/1546/2944
f 2972/1693/3058 2975/1694/3059 2929/1556/2952 2928/1551/2948
f 2975/1694/3059 2978/1695/3060 2930/1561/2956 2929/1556/2952
f 2978/1695/3060 2981/1696/3061 2931/1566/2960 2930/1561/2956
f 2981/1696/3061 2984/1697/3062 2932/1571/2964 2931/1566/2960
f 2984/1697/3062 2987/1698/3063 2933/1576/2968 2932/1571/2964
f 2987/1698/3063 2990/1699/3064 2934/1581/2972 2933/1576/2968
f 2990/1699/3064 2993/1700/3065 2935/1588/2976 2934/1581/2972
f 2993/1700/3065 2996/1701/3066 2936/1593/2980 2935/1588/2976
f 2996/1701/3066 2999/1702/3067 2937/1598/2984 2936/1593/2980
f 2999/1702/3067 3002/1703/3068 2938/1603/2988 2937/1598/2984
f 3002/1703/3068 3005/1704/3069 2939/1608/2992 2938/1603/2988
f 3005/1704/3069 3008/1705/3070 2940/1613/2996 2939/1608/2992
f 3008/1705/3070 3011/1706/3071 2941/1618/3000 2940/1613/2996
f 3011/1706/3071 3014/1707/3072 2942/1625/3004 2941/1618/3000
f 3014/1707/3072 3017/1708/3073 2943/1630/3008 2942/1625/3004
f 3017/1708/3073 3020/1709/3074 2944/1635/3012 2943/1630/3008
f 3020/1709/3074 3023/1710/3075 2945/1640/3016 2944/1635/3012
f 3023/1710/3075 3026/1711/3076 2946/1645/3020 2945/1640/3016
f 3026/1711/3076 3029/1712/3077 2947/1650/3024 2946/1645/3020
f 3029/1712/3077 3032/1713/3078 2948/1655/3028 2947/1650/3024
f 3032/1713/3078 3035/1714/3079 2949/1660/3032 2948/1655/3028
f 3035/1714/3079 3038/1715/3080 2950/1667/3036 2949/1660/3032
f 3038/1715/3080 3041/1716/3081 2951/1672/3040 2950/1667/3036
f 3041/1716/3081 3044/1717/3082 2952/1677/3044 2951/1672/3040
f 3044/1717/3082 3047/1718/3083 2953/1682/3048 2952/1677/3044
f 3047/1718/3083 3050/1719/3084 2954/1687/3052 2953/1682/3048
f 3050/1719/3084 2955/1688/3053 2923/1527/2931 2954/1687/3052
f 2795/1720/3085 2957/1721/3086 3048/1722/3087
f 3048/1722/3087 2957/1721/3086 2956/1723/3088 3049/1724/3089
f 3049/1724/3089 2956/1723/3088 2955/1688/3053 3050/1719/3084
f 2795/1720/3085 3048/1722/3087 3045/1725/3090
f 3045/1725/3090 3048/1722/3087 3049/1724/3089 3046/1726/3091
f 3046/1726/3091 3049/1724/3089 3050/1719/3084 3047/1718/3083
f 2795/1720/3085 3045/1725/3090 3042/1727/3092
f 3042/1727/3092 3045/1725/3090 3046/1726/3091 3043/1728/3093
f 3043/1728/3093 3046/1726/3091 3047/1718/3083 3044/1717/3082
f 2795/1720/3085 3042/1727/3092 3039/1729/3094
f 3039/1729/3094 3042/1727/3092 3043/1728/3093 3040/1730/3095
f 3040/1730/3095 3043/1728/3093 3044/1717/3082 3041/1716/3081
f 2795/1720/3085 3039/1729/3094 3036/1731/3096
f 3036/1731/3096 3039/1729/3094 3040/1730/3095 3037/1732/3097
f 3037/1732/3097 3040/1730/3095 3041/1716/3081 3038/1715/3080
f 2795/1720/3085 3036/1731/3096 3033/1733/3098
f 3033/1733/3098 3036/1731/3096 3037/1732/3097 3034/1734/3099
f 3034/1734/3099 3037/1732/3097 3038/1715/3080 3035/1714/3079
f 2795/1720/3085 3033/1733/3098 3030/1735/3100
f 3030/1735/3100 3033/1733/3098 3034/1734/3099 3031/1736/3101
f 3031/1736/3101 3034/1734/3099 3035/1714/3079 3032/1713/3078
f 2795/1720/3085 3030/1735/3100 3027/1737/3102
f 3027/1737/3102 3030/1735/3100 3031/1736/3101 3028/1738/3103
f 3028/1738/3103 3031/1736/3101 3032/1713/3078 3029/1712/3077
f 2795/1720/3085 3027/1737/3102 3024/1739/3104
f 3024/1739/3104 3027/1737/3102 3028/1738/3103 3025/1740/3105
f 3025/1740/3105 3028/1738/3103 3029/1712/3077 3026/1711/3076
f 2795/1720/3085 3024/1739/3104 3021/1741/3106
f 3021/1741/3106 3024/1739/3104 3025/1740/3105 3022/1742/3107
f 3022/1742/3107 3025/1740/3105 3026/1711/3076 3023/1710/3075
f 2795/1720/3085 3021/1741/3106 3018/1743/3108
f 3018/1743/3108 3021/1741/3106 3022/1742/3107 3019/1744/3109
f 3019/1744/3109 3022/1742/3107 3023/1710/3075 3020/1709/3074
f 2795/1720/3085 3018/1743/3108 3015/1745/3110
f 3015/1745/3110 3018/1743/3108 3019/1744/3109 3016/1746/3111
f 3016/1746/3111 3019/1744/3109 3020/1709/3074 3017/1708/3073
f 2795/1720/3085 3015/1745/3110 3012/1747/3112
f 3012/1747/3112 3015/1745/3110 3016/1746/3111 3013/1748/3113
f 3013/1748/3113 3016/1746/3111 3017/1708/3073 3014/1707/3072
f 2795/1720/3085 3012/1747/3112 3009/1749/3114
f 3009/1749/3114 3012/1747/3112 3013/1748/3113 3010/1750/3115
f 3010/1750/3115 3013/1748/3113 3014/1707/3072 3011/1706/3071
f 2795/1720/3085 3009/1749/3114 3006/1751/3116
f 3006/1751/3116 3009/1749/3114 3010/1750/3115 3007/1752/3117
f 3007/1752/3117 3010/1750/3115 3011/1706/3071 3008/1705/3070
f 2795/1720/3085 3006/1751/3116 3003/1753/3118
f 3003/1753/3118 3006/1751/3116 3007/1752/3117 3004/1754/3119
f 3004/1754/3119 3007/1752/3117 3008/1705/3070 3005/1704/3069
f 2795/1720/3085 3003/1753/3118 3000/1755/3120
f 3000/1755/3120 3003/1753/3118 3004/1754/3119 3001/1756/3121
f 3001/1756/3121 3004/1754/3119 3005/1704/3069 3002/1703/3068
f 2795/1720/3085 3000/1755/3120 2997/1757/3122
f 2997/1757/3122 3000/1755/3120 3001/1756/3121 2998/1758/3123
f 2998/1758/3123 3001/1756/3121 3002/1703/3068 2999/1702/3067
f 2795/1720/3085 2997/1757/3122 2994/1759/3124
f 2994/1759/3124 2997/1757/3122 2998/1758/3123 2995/1760/3125
f 2995/1760/3125 2998/1758/3123 2999/1702/3067 2996/1701/3066
f 2795/1720/3085 2994/1759/3124 2991/1761/3126
f 2991/1761/3126 2994/1759/3124 2995/1760/3125 2992/1762/3127
f 2992/1762/3127 2995/1760/3125 2996/1701/3066 2993/1700/3065
f 2795/1720/3085 2991/1761/3126 2988/1763/3128
f 2988/1763/3128 2991/1761/3126 2992/1762/3127 2989/1764/3129
f 2989/1764/3129 2992/1762/3127 2993/1700/3065 2990/1699/3064
f 2795/1720/3085 2988/1763/3128 2985/1765/3130
f 2985/1765/3130 2988/1763/3128 2989/1764/3129 2986/1766/3131
f 2986/1766/3131 2989/1764/3129 2990/1699/3064 2987/1698/3063
f 2795/1720/3085 2985/1765/3130 2982/1767/3132
f 2982/1767/3132 2985/1765/3130 2986/1766/3131 2983/1768/3133
f 2983/1768/3133 2986/1766/3131 2987/1698/3063 2984/1697/3062
f 2795/1720/3085 2982/1767/3132 2979/1769/3134
f 2979/1769/3134 2982/1767/3132 2983/1768/3133 2980/1770/3135
f 2980/1770/3135 2983/1768/3133 2984/1697/3062 2981/1696/3061
f 2795/1720/3085 2979/1769/3134 2976/1771/3136
f 2976/1771/3136 2979/1769/3134 2980/1770/3135 2977/1772/3137
f 2977/1772/3137 2980/1770/3135 2981/1696/3061 2978/1695/3060
f 2795/1720/3085 2976/1771/3136 2973/1773/3138
f 2973/1773/3138 2976/1771/3136 2977/1772/3137 2974/1774/3139
f 2974/1774/3139 2977/1772/3137 2978/1695/3060 2975/1694/3059
f 2795/1720/3085 2973/1773/3138 2970/1775/3140
f 2970/1775/3140 2973/1773/3138 2974/1774/3139 2971/1776/3141
f 2971/1776/3141 2974/1774/3139 2975/1694/3059 2972/1693/3058
f 2795/1720/3085 2970/1775/3140 2967/1777/3142
f 2967/1777/3142 2970/1775/3140 2971/1776/3141 2968/1778/3143
f 2968/1778/3143 2971/1776/3141 2972/1693/3058 2969/1692/3057
f 2795/1720/3085 2967/1777/3142 2964/1779/3144
f 2964/1779/3144 2967/1777/3142 2968/1778/3143 2965/1780/3145
f 2965/1780/3145 2968/1778/3143 2969/1692/3057 2966/1691/3056
f 2795/1720/3085 2964/1779/3144 2961/1781/3146
f 2961/1781/3146 2964/1779/3144 2965/1780/3145 2962/1782/3147
f 2962/1782/3147 2965/1780/3145 2966/1691/3056 2963/1690/3055
f 2795/1720/3085 2961/1781/3146 2958/1783/3148
f 2958/1783/3148 2961/1781/3146 2962/1782/3147 2959/1784/3149
f 2959/1784/3149 2962/1782/3147 2963/1690/3055 2960/1689/3054
f 2795/1720/3085 2958/1783/3148 2957/1721/3086
f 2957/1721/3086 2958/1783/3148 2959/1784/3149 2956/1723/3088
f 2956/1723/3088 2959/1784/3149 2960/1689/3054 2955/1688/3053
f 3056/1360/2803 3051/1382/2815 3053/1785/3150 3058/1786/3151
f 3058/1786/3151 3053/1785/3150 3054/1787/3152 3057/1788/3153
f 3057/1788/3153 3054/1787/3152 3052/1294/2747 3055/1328/2777
f 3060/1361/2804 3056/1360/2803 3058/1786/3151 3062/1789/3154
f 3062/1789/3154 3058/1786/3151 3057/1788/3153 3061/1790/3155
f 3061/1790/3155 3057/1788/3153 3055/1328/2777 3059/1303/2756
f 3064/1368/2808 3060/1361/2804 3062/1789/3154 3066/1791/3156
f 3066/1791/3156 3062/1789/3154 3061/1790/3155 3065/1792/3157
f 3065/1792/3157 3061/1790/3155 3059/1303/2756 3063/1302/2755
f 3068/1375/2811 3064/1374/2808 3066/1793/3156 3070/1794/3158
f 3070/1794/3158 3066/1793/3156 3065/1795/3157 3069/1796/3159
f 3069/1796/3159 3065/1795/3157 3063/1311/2755 3067/1310/2763
f 3072/1069/2814 3068/1070/2811 3070/1071/3158 3074/1072/3160
f 3074/1069/3160 3070/1070/3158 3069/1071/3159 3073/1072/3161
f 3073/1797/3161 3069/1796/3159 3067/1310/2763 3071/1316/2767
f 3076/1069/2817 3072/1070/2814 3074/1071/3160 3078/1072/3162
f 3078/1069/3162 3074/1070/3160 3073/1071/3161 3077/1072/3163
f 3077/1798/3163 3073/1797/3161 3071/1316/2767 3075/1326/2775
f 3080/1069/2819 3076/1070/2817 3078/1071/3162 3082/1072/3164
f 3082/1069/3164 3078/1070/3162 3077/1071/3163 3081/1072/3165
f 3081/1799/3165 3077/1798/3163 3075/1326/2775 3079/1332/2781
f 3084/1069/2821 3080/1070/2819 3082/1071/3164 3086/1072/3166
f 3086/1069/3166 3082/1070/3164 3081/1071/3165 3085/1072/3167
f 3085/1800/3167 3081/1799/3165 3079/1332/2781 3083/1336/2785
f 3088/1069/2823 3084/1070/2821 3086/1071/3166 3090/1072/3168
f 3090/1069/3168 3086/1070/3166 3085/1071/3167 3089/1072/3169
f 3089/1801/3169 3085/1800/3167 3083/1336/2785 3087/1340/2789
f 3092/1069/2825 3088/1070/2823 3090/1071/3168 3094/1072/3170
f 3094/1069/3170 3090/1070/3168 3089/1071/3169 3093/1072/3171
f 3093/1802/3171 3089/1801/3169 3087/1340/2789 3091/1344/2793
f 3096/1069/2827 3092/1070/2825 3094/1071/3170 3098/1072/3172
f 3098/1069/3172 3094/1070/3170 3093/1071/3171 3097/1072/3173
f 3097/1803/3173 3093/1802/3171 3091/1344/2793 3095/1348/2797
f 3100/1410/2829 3096/1409/2827 3098/1804/3172 3102/1805/3174
f 3102/1805/3174 3098/1804/3172 3097/1806/3173 3101/1807/3175
f 3101/1807/3175 3097/1806/3173 3095/1352/2797 3099/1281/2734
f 3104/1414/2831 3100/1410/2829 3102/1805/3174 3106/1808/3176
f 3106/1808/3176 3102/1805/3174 3101/1807/3175 3105/1809/3177
f 3105/1809/3177 3101/1807/3175 3099/1281/2734 3103/1280/2733
f 3108/1356/2801 3104/1414/2831 3106/1808/3176 3110/1810/3178
f 3110/1810/3178 3106/1808/3176 3105/1809/3177 3109/1811/3179
f 3109/1811/3179 3105/1809/3177 3103/1280/2733 3107/1288/2741
f 3112/1357/2802 3108/1356/2801 3110/1810/3178 3114/1812/3180
f 3114/1812/3180 3110/1810/3178 3109/1811/3179 3113/1813/3181
f 3113/1813/3181 3109/1811/3179 3107/1288/2741 3111/1292/2745
f 3116/1366/2807 3112/1357/2802 3114/1812/3180 3118/1814/3182
f 3118/1814/3182 3114/1812/3180 3113/1813/3181 3117/1815/3183
f 3117/1815/3183 3113/1813/3181 3111/1292/2745 3115/1300/2753
f 3120/1371/2810 3116/1366/2807 3118/1814/3182 3122/1816/3184
f 3122/1816/3184 3118/1814/3182 3117/1815/3183 3121/1817/3185
f 3121/1817/3185 3117/1815/3183 3115/1300/2753 3119/1308/2761
f 3124/1378/2813 3120/1371/2810 3122/1816/3184 3126/1818/3186
f 3126/1818/3186 3122/1816/3184 3121/1817/3185 3125/1819/3187
f 3125/1819/3187 3121/1817/3185 3119/1308/2761 3123/1314/2765
f 3128/1384/2816 3124/1383/2813 3126/1820/3186 3130/1821/3188
f 3130/1822/3188 3126/1818/3186 3125/1819/3187 3129/1823/3189
f 3129/1823/3189 3125/1819/3187 3123/1314/2765 3127/1824/2773
f 3132/1388/2818 3128/1384/2816 3130/1821/3188 3134/1825/3190
f 3134/1825/3190 3130/1821/3188 3129/1826/3189 3133/1827/3191
f 3133/1827/3191 3129/1826/3189 3127/1322/2773 3131/1330/2779
f 3136/1391/2820 3132/1388/2818 3134/1825/3190 3138/1828/3192
f 3138/1828/3192 3134/1825/3190 3133/1827/3191 3137/1829/3193
f 3137/1829/3193 3133/1827/3191 3131/1330/2779 3135/1334/2783
f 3140/1394/2822 3136/1391/2820 3138/1828/3192 3142/1830/3194
f 3142/1830/3194 3138/1828/3192 3137/1829/3193 3141/1831/3195
f 3141/1831/3195 3137/1829/3193 3135/1334/2783 3139/1338/2787
f 3144/1832/2824 3140/1833/2822 3142/1834/3194 3146/1835/3196
f 3146/1835/3196 3142/1834/3194 3141/1836/3195 3145/1837/3197
f 3145/1838/3197 3141/1831/3195 3139/1338/2787 3143/1342/2791
f 3148/1839/2826 3144/1832/2824 3146/1835/3196 3150/1840/3198
f 3150/1840/3198 3146/1835/3196 3145/1837/3197 3149/1841/3199
f 3149/1842/3199 3145/1838/3197 3143/1342/2791 3147/1346/2795
f 3152/1843/2828 3148/1839/2826 3150/1840/3198 3154/1844/3200
f 3154/1844/3200 3150/1840/3198 3149/1841/3199 3153/1845/3201
f 3153/1846/3201 3149/1842/3199 3147/1346/2795 3151/1350/2799
f 3156/1847/2830 3152/1843/2828 3154/1844/3200 3158/1848/3202
f 3158/1848/3202 3154/1844/3200 3153/1845/3201 3157/1849/3203
f 3157/1850/3203 3153/1846/3201 3151/1350/2799 3155/1354/2738
f 3160/1851/2832 3156/1847/2830 3158/1848/3202 3162/1852/3204
f 3162/1852/3204 3158/1848/3202 3157/1849/3203 3161/1853/3205
f 3161/1854/3205 3157/1855/3203 3155/1285/2738 3159/1284/2737
f 3164/1856/2805 3160/1851/2832 3162/1852/3204 3166/1857/3206
f 3166/1857/3206 3162/1852/3204 3161/1853/3205 3165/1858/3207
f 3165/1859/3207 3161/1854/3205 3159/1284/2737 3163/1290/2743
f 3168/1365/2806 3164/1364/2805 3166/1860/3206 3170/1861/3208
f 3170/1861/3208 3166/1860/3206 3165/1859/3207 3169/1862/3209
f 3169/1862/3209 3165/1859/3207 3163/1290/2743 3167/1298/2751
f 3172/1370/2809 3168/1365/2806 3170/1861/3208 3174/1863/3210
f 3174/1863/3210 3170/1861/3208 3169/1862/3209 3173/1864/3211
f 3173/1864/3211 3169/1862/3209 3167/1298/2751 3171/1306/2759
f 3176/1377/2812 3172/1370/2809 3174/1863/3210 3178/1865/3212
f 3178/1865/3212 3174/1863/3210 3173/1864/3211 3177/1866/3213
f 3177/1866/3213 3173/1864/3211 3171/1306/2759 3175/1295/2748
f 3051/1382/2815 3176/1377/2812 3178/1865/3212 3053/1785/3150
f 3053/1785/3150 3178/1865/3212 3177/1866/3213 3054/1787/3152
f 3054/1787/3152 3177/1866/3213 3175/1295/2748 3052/1294/2747
f 3184/1329/2778 3179/1297/2750 3181/1867/3214 3186/1868/3215
f 3186/1868/3215 3181/1867/3214 3182/1869/3216 3185/1870/3217
f 3185/1870/3217 3182/1869/3216 3180/1319/2770 3183/1318/2769
f 3188/1304/2757 3184/1329/2778 3186/1868/3215 3190/1871/3218
f 3190/1871/3218 3186/1868/3215 3185/1870/3217 3189/1872/3219
f 3189/1872/3219 3185/1870/3217 3183/1318/2769 3187/1425/2841
f 3192/1305/2758 3188/1304/2757 3190/1871/3218 3194/1873/3220
f 3194/1874/3220 3190/1875/3218 3189/1876/3219 3193/1877/3221
f 3193/1878/3221 3189/1872/3219 3187/1425/2841 3191/1469/2885
f 3196/1313/2764 3192/1312/2758 3194/1874/3220 3198/1879/3222
f 3198/1879/3222 3194/1874/3220 3193/1877/3221 3197/1880/3223
f 3197/1880/3223 3193/1877/3221 3191/1476/2885 3195/1475/2891
f 3200/1317/2768 3196/1313/2764 3198/1879/3222 3202/1881/3224
f 3202/1881/3224 3198/1879/3222 3197/1880/3223 3201/1882/3225
f 3201/1882/3225 3197/1880/3223 3195/1475/2891 3199/1422/2838
f 3204/1327/2776 3200/1317/2768 3202/1881/3224 3206/1883/3226
f 3206/1883/3226 3202/1881/3224 3201/1882/3225 3205/1884/3227
f 3205/1884/3227 3201/1882/3225 3199/1422/2838 3203/1421/2837
f 3208/1333/2782 3204/1327/2776 3206/1883/3226 3210/1885/3228
f 3210/1885/3228 3206/1883/3226 3205/1884/3227 3209/1886/3229
f 3209/1886/3229 3205/1884/3227 3203/1421/2837 3207/1429/2845
f 3212/1337/2786 3208/1333/2782 3210/1885/3228 3214/1887/3230
f 3214/1887/3230 3210/1885/3228 3209/1886/3229 3213/1888/3231
f 3213/1888/3231 3209/1886/3229 3207/1429/2845 3211/1433/2849
f 3216/1341/2790 3212/1337/2786 3214/1887/3230 3218/1889/3232
f 3218/1889/3232 3214/1887/3230 3213/1888/3231 3217/1890/3233
f 3217/1890/3233 3213/1888/3231 3211/1433/2849 3215/1437/2853
f 3220/1345/2794 3216/1341/2790 3218/1889/3232 3222/1891/3234
f 3222/1891/3234 3218/1889/3232 3217/1890/3233 3221/1892/3235
f 3221/1892/3235 3217/1890/3233 3215/1437/2853 3219/1441/2857
f 3224/1349/2798 3220/1345/2794 3222/1891/3234 3226/1893/3236
f 3226/1893/3236 3222/1891/3234 3221/1892/3235 3225/1894/3237
f 3225/1894/3237 3221/1892/3235 3219/1441/2857 3223/1445/2861
f 3228/1282/2735 3224/1353/2798 3226/1895/3236 3230/1896/3238
f 3230/1896/3238 3226/1895/3236 3225/1897/3237 3229/1898/3239
f 3229/1898/3239 3225/1897/3237 3223/1450/2861 3227/1449/2865
f 3232/1283/2736 3228/1282/2735 3230/1896/3238 3234/1899/3240
f 3234/1899/3240 3230/1896/3238 3229/1898/3239 3233/1900/3241
f 3233/1900/3241 3229/1898/3239 3227/1449/2865 3231/1455/2869
f 3236/1289/2742 3232/1283/2736 3234/1899/3240 3238/1901/3242
f 3238/1901/3242 3234/1899/3240 3233/1900/3241 3237/1902/3243
f 3237/1902/3243 3233/1900/3241 3231/1455/2869 3235/1457/2873
f 3240/1293/2746 3236/1289/2742 3238/1901/3242 3242/1903/3244
f 3242/1903/3244 3238/1901/3242 3237/1902/3243 3241/1904/3245
f 3241/1904/3245 3237/1902/3243 3235/1457/2873 3239/1459/2877
f 3244/1301/2754 3240/1293/2746 3242/1903/3244 3246/1905/3246
f 3246/1905/3246 3242/1903/3244 3241/1904/3245 3245/1906/3247
f 3245/1906/3247 3241/1904/3245 3239/1459/2877 3243/1467/2883
f 3248/1309/2762 3244/1301/2754 3246/1905/3246 3250/1907/3248
f 3250/1907/3248 3246/1905/3246 3245/1906/3247 3249/1908/3249
f 3249/1908/3249 3245/1906/3247 3243/1467/2883 3247/1473/2889
f 3252/1315/2766 3248/1309/2762 3250/1907/3248 3254/1909/3250
f 3254/1909/3250 3250/1907/3248 3249/1908/3249 3253/1910/3251
f 3253/1910/3251 3249/1908/3249 3247/1473/2889 3251/1479/2834
f 3256/1325/2774 3252/1324/2766 3254/1911/3250 3258/1912/3252
f 3258/1912/3252 3254/1911/3250 3253/1913/3251 3257/1914/3253
f 3257/1914/3253 3253/1913/3251 3251/1418/2834 3255/1417/2833
f 3260/1331/2780 3256/1325/2774 3258/1912/3252 3262/1915/3254
f 3262/1915/3254 3258/1912/3252 3257/1914/3253 3261/1916/3255
f 3261/1916/3255 3257/1914/3253 3255/1417/2833 3259/1427/2843
f 3264/1335/2784 3260/1331/2780 3262/1915/3254 3266/1917/3256
f 3266/1917/3256 3262/1915/3254 3261/1916/3255 3265/1918/3257
f 3265/1918/3257 3261/1916/3255 3259/1427/2843 3263/1431/2847
f 3268/1339/2788 3264/1335/2784 3266/1917/3256 3270/1919/3258
f 3270/1919/3258 3266/1917/3256 3265/1918/3257 3269/1920/3259
f 3269/1920/3259 3265/1918/3257 3263/1431/2847 3267/1435/2851
f 3272/1343/2792 3268/1339/2788 3270/1919/3258 3274/1921/3260
f 3274/1921/3260 3270/1919/3258 3269/1920/3259 3273/1922/3261
f 3273/1922/3261 3269/1920/3259 3267/1435/2851 3271/1439/2855
f 3276/1347/2796 3272/1343/2792 3274/1921/3260 3278/1923/3262
f 3278/1923/3262 3274/1921/3260 3273/1922/3261 3277/1924/3263
f 3277/1924/3263 3273/1922/3261 3271/1439/2855 3275/1443/2859
f 3280/1351/2800 3276/1347/2796 3278/1923/3262 3282/1925/3264
f 3282/1925/3264 3278/1923/3262 3277/1924/3263 3281/1926/3265
f 3281/1926/3265 3277/1924/3263 3275/1443/2859 3279/1447/2863
f 3284/1355/2739 3280/1351/2800 3282/1925/3264 3286/1927/3266
f 3286/1927/3266 3282/1925/3264 3281/1926/3265 3285/1928/3267
f 3285/1928/3267 3281/1926/3265 3279/1447/2863 3283/1453/2867
f 3288/1287/2740 3284/1286/2739 3286/1929/3266 3290/1930/3268
f 3290/1930/3268 3286/1929/3266 3285/1931/3267 3289/1932/3269
f 3289/1933/3269 3285/1934/3267 3283/1935/2867 3287/1936/2871
f 3292/1291/2744 3288/1287/2740 3290/1930/3268 3294/1937/3270
f 3294/1937/3270 3290/1930/3268 3289/1932/3269 3293/1938/3271
f 3293/1939/3271 3289/1933/3269 3287/1936/2871 3291/1940/2875
f 3296/1299/2752 3292/1291/2744 3294/1937/3270 3298/1941/3272
f 3298/1941/3272 3294/1937/3270 3293/1938/3271 3297/1942/3273
f 3297/1942/3273 3293/1938/3271 3291/1464/2875 3295/1463/2881
f 3300/1307/2760 3296/1299/2752 3298/1941/3272 3302/1943/3274
f 3302/1943/3274 3298/1941/3272 3297/1942/3273 3301/1944/3275
f 3301/1944/3275 3297/1942/3273 3295/1463/2881 3299/1471/2887
f 3304/1296/2749 3300/1307/2760 3302/1943/3274 3306/1945/3276
f 3306/1945/3276 3302/1943/3274 3301/1944/3275 3305/1946/3277
f 3305/1946/3277 3301/1944/3275 3299/1471/2887 3303/1461/2879
f 3179/1297/2750 3304/1296/2749 3306/1945/3276 3181/1867/3214
f 3181/1867/3214 3306/1945/3276 3305/1946/3277 3182/1869/3216
f 3182/1869/3216 3305/1946/3277 3303/1461/2879 3180/1319/2770
f 3055/1328/2777 3052/1294/2747 3179/1297/2750 3184/1329/2778
f 3312/1947/2672 3307/1948/2125 3309/1949/3278 3314/1950/3279
f 3314/1951/3279 3309/1952/3278 3310/1953/3280 3313/1954/3281
f 3313/1955/3281 3310/1956/3280 3308/1957/3282 3311/1958/3283
f 3316/1959/2641 3312/1947/2672 3314/1950/3279 3318/1960/3284
f 3318/1961/3284 3314/1951/3279 3313/1954/3281 3317/1962/3285
f 3317/1963/3285 3313/1955/3281 3311/1958/3283 3315/1964/3286
f 3320/1965/2642 3316/1959/2641 3318/1960/3284 3322/1966/3287
f 3322/1967/3287 3318/1968/3284 3317/1969/3285 3321/1970/3288
f 3321/1971/3288 3317/1963/3285 3315/1964/3286 3319/1972/3289
f 3324/1973/2654 3320/1965/2642 3322/1966/3287 3326/1974/3290
f 3326/1975/3290 3322/1967/3287 3321/1970/3288 3325/1976/3291
f 3325/1977/3291 3321/1971/3288 3319/1972/3289 3323/1978/3292
f 3328/1227/2660 3324/1973/2654 3326/1974/3290 3330/1979/3293
f 3330/1980/3293 3326/1975/3290 3325/1976/3291 3329/1981/3294
f 3329/1982/3294 3325/1977/3291 3323/1978/3292 3327/1983/3295
f 3332/1228/2670 3328/1227/2660 3330/1979/3293 3334/1984/3296
f 3334/1985/3296 3330/1980/3293 3329/1981/3294 3333/1986/3297
f 3333/1987/3297 3329/1982/3294 3327/1983/3295 3331/1988/3298
f 3336/1212/2649 3332/1228/2670 3334/1984/3296 3338/1989/3299
f 3338/1990/3299 3334/1985/3296 3333/1986/3297 3337/1991/3300
f 3337/1992/3300 3333/1987/3297 3331/1988/3298 3335/1993/3301
f 3340/1213/2650 3336/1212/2649 3338/1989/3299 3342/1994/3302
f 3342/1995/3302 3338/1990/3299 3337/1991/3300 3341/1996/3303
f 3341/1997/3303 3337/1992/3300 3335/1993/3301 3339/1998/3304
f 3344/1217/2657 3340/1213/2650 3342/1994/3302 3346/1999/3305
f 3346/2000/3305 3342/1995/3302 3341/1996/3303 3345/2001/3306
f 3345/2002/3306 3341/1997/3303 3339/1998/3304 3343/2003/3307
f 3348/1225/2667 3344/1217/2657 3346/1999/3305 3350/2004/3308
f 3350/2005/3308 3346/2000/3305 3345/2001/3306 3349/2006/3309
f 3349/2007/3309 3345/2002/3306 3343/2003/3307 3347/2008/3310
f 3352/1210/2643 3348/1225/2667 3350/2004/3308 3354/2009/3311
f 3354/2010/3311 3350/2011/3308 3349/2007/3309 3353/2012/3312
f 3353/2012/3312 3349/2007/3309 3347/2008/3310 3351/2013/3313
f 3356/1211/2644 3352/1210/2643 3354/2009/3311 3358/2014/3314
f 3358/2015/3314 3354/2016/3311 3353/2017/3312 3357/2018/3315
f 3357/2019/3315 3353/2012/3312 3351/2013/3313 3355/2020/3316
f 3360/1216/2655 3356/1211/2644 3358/2014/3314 3362/2021/3317
f 3362/2022/3317 3358/2015/3314 3357/2018/3315 3361/2023/3318
f 3361/2024/3318 3357/2019/3315 3355/2020/3316 3359/2025/3319
f 3364/1220/2661 3360/1216/2655 3362/2021/3317 3366/2026/3320
f 3366/2027/3320 3362/2022/3317 3361/2023/3318 3365/2028/3321
f 3365/2029/3321 3361/2024/3318 3359/2025/3319 3363/2030/3322
f 3368/1229/2671 3364/1220/2661 3366/2026/3320 3370/2031/3323
f 3370/2031/3323 3366/2026/3320 3365/2032/3321 3369/2033/3324
f 3369/2034/3324 3365/2029/3321 3363/2030/3322 3367/2035/3325
f 3372/1214/2651 3368/1229/2671 3370/2031/3323 3374/2036/3326
f 3374/2036/3326 3370/2031/3323 3369/2033/3324 3373/2037/3327
f 3373/2038/3327 3369/2034/3324 3367/2035/3325 3371/2039/3328
f 3376/1215/2652 3372/1214/2651 3374/2036/3326 3378/2040/3329
f 3378/2040/3329 3374/2036/3326 3373/2037/3327 3377/2041/3330
f 3377/2042/3330 3373/2038/3327 3371/2039/3328 3375/2043/3331
f 3380/1218/2658 3376/1215/2652 3378/2040/3329 3382/2044/3332
f 3382/2044/3332 3378/2040/3329 3377/2041/3330 3381/2045/3333
f 3381/2046/3333 3377/2042/3330 3375/2043/3331 3379/2047/3334
f 3384/2048/2668 3380/1218/2658 3382/2044/3332 3386/2049/3335
f 3386/1069/3335 3382/1070/3332 3381/1071/3333 3385/1072/3336
f 3385/1069/3336 3381/1070/3333 3379/1071/3334 3383/1072/3337
f 3388/2050/2645 3384/2048/2668 3386/2049/3335 3390/2051/3338
f 3390/1069/3338 3386/1070/3335 3385/1071/3336 3389/1072/3339
f 3389/1069/3339 3385/1070/3336 3383/1071/3337 3387/1072/3340
f 3392/2052/2646 3388/2050/2645 3390/2051/3338 3394/2053/3341
f 3394/2054/3341 3390/2055/3338 3389/2056/3339 3393/2057/3342
f 3393/2058/3342 3389/2059/3339 3387/2060/3340 3391/2061/3343
f 3396/1069/2656 3392/1070/2646 3394/1071/3341 3398/1072/3344
f 3398/2062/3344 3394/2054/3341 3393/2057/3342 3397/2063/3345
f 3397/2064/3345 3393/2058/3342 3391/2061/3343 3395/2065/3346
f 3400/1069/2662 3396/1070/2656 3398/1071/3344 3402/1072/3347
f 3402/2066/3347 3398/2062/3344 3397/2063/3345 3401/2067/3348
f 3401/2068/3348 3397/2064/3345 3395/2065/3346 3399/2069/3349
f 3404/1069/2639 3400/1070/2662 3402/1071/3347 3406/1072/3350
f 3406/2070/3350 3402/2071/3347 3401/2072/3348 3405/2073/3351
f 3405/2074/3351 3401/2068/3348 3399/2069/3349 3403/2075/3352
f 3408/1069/2640 3404/1070/2639 3406/1071/3350 3410/1072/3353
f 3410/1069/3353 3406/1070/3350 3405/1071/3351 3409/1072/3354
f 3409/2076/3354 3405/2074/3351 3403/2075/3352 3407/2077/3355
f 3412/1069/2653 3408/1070/2640 3410/1071/3353 3414/1072/3356
f 3414/2078/3356 3410/2079/3353 3409/2080/3354 3413/2081/3357
f 3413/2082/3357 3409/2076/3354 3407/2077/3355 3411/2083/3358
f 3416/1069/2659 3412/1070/2653 3414/1071/3356 3418/1072/3359
f 3418/2084/3359 3414/2078/3356 3413/2081/3357 3417/2085/3360
f 3417/2086/3360 3413/2082/3357 3411/2083/3358 3415/2087/3361
f 3420/1069/2669 3416/1070/2659 3418/1071/3359 3422/1072/3362
f 3422/2088/3362 3418/2089/3359 3417/2090/3360 3421/2091/3363
f 3421/2092/3363 3417/2086/3360 3415/2087/3361 3419/2093/3364
f 3424/1069/2647 3420/1070/2669 3422/1071/3362 3426/1072/3365
f 3426/2094/3365 3422/2088/3362 3421/2091/3363 3425/2095/3366
f 3425/2096/3366 3421/2092/3363 3419/2093/3364 3423/2097/3367
f 3428/1069/2648 3424/1070/2647 3426/1071/3365 3430/1072/3368
f 3430/2098/3368 3426/2094/3365 3425/2095/3366 3429/2099/3369
f 3429/2100/3369 3425/2096/3366 3423/2097/3367 3427/2101/3370
f 3432/1069/2124 3428/1070/2648 3430/1071/3368 3434/1072/3371
f 3434/2102/3371 3430/2098/3368 3429/2099/3369 3433/2103/3372
f 3433/2104/3372 3429/2100/3369 3427/2101/3370 3431/2105/3373
f 3307/1069/2125 3432/1070/2124 3434/1071/3371 3309/1072/3278
f 3309/1952/3278 3434/2102/3371 3433/2103/3372 3310/1953/3280
f 3310/1956/3280 3433/2104/3372 3431/2105/3373 3308/1957/3282
f 3311/1958/3283 3308/1957/3282 3436/2106/3374 3440/2107/3375
f 3440/2107/3375 3436/2106/3374 3437/2108/3376 3439/2109/3377
f 3439/2110/3377 3437/2111/3376 3435/1222/2664 3438/1221/2663
f 3315/1964/3286 3311/1958/3283 3440/2107/3375 3443/2112/3378
f 3443/2112/3378 3440/2107/3375 3439/2109/3377 3442/2113/3379
f 3442/2114/3379 3439/2110/3377 3438/1221/2663 3441/1257/2706
f 3319/1972/3289 3315/1964/3286 3443/2112/3378 3446/2115/3380
f 3446/2115/3380 3443/2112/3378 3442/2113/3379 3445/2116/3381
f 3445/2117/3381 3442/2114/3379 3441/1257/2706 3444/1256/2705
f 3323/1978/3292 3319/1972/3289 3446/2115/3380 3449/2118/3382
f 3449/2118/3382 3446/2115/3380 3445/2116/3381 3448/2119/3383
f 3448/2120/3383 3445/2117/3381 3444/1256/2705 3447/2121/2713
f 3327/1983/3295 3323/1978/3292 3449/2118/3382 3452/2122/3384
f 3452/2123/3384 3449/2124/3382 3448/2125/3383 3451/2126/3385
f 3451/2127/3385 3448/2120/3383 3447/2121/2713 3450/2128/2717
f 3331/1988/3298 3327/1983/3295 3452/2122/3384 3455/2129/3386
f 3455/2130/3386 3452/2123/3384 3451/2126/3385 3454/2131/3387
f 3454/2132/3387 3451/2127/3385 3450/2128/2717 3453/2133/2721
f 3335/1993/3301 3331/1988/3298 3455/2129/3386 3458/2134/3388
f 3458/2135/3388 3455/2130/3386 3454/2131/3387 3457/2136/3389
f 3457/2137/3389 3454/2132/3387 3453/2133/2721 3456/2138/2725
f 3339/1998/3304 3335/1993/3301 3458/2134/3388 3461/2139/3390
f 3461/2140/3390 3458/2135/3388 3457/2136/3389 3460/2141/3391
f 3460/2142/3391 3457/2137/3389 3456/2138/2725 3459/2143/2729
f 3343/2003/3307 3339/1998/3304 3461/2139/3390 3464/2144/3392
f 3464/2145/3392 3461/2140/3390 3460/2141/3391 3463/2146/3393
f 3463/2147/3393 3460/2142/3391 3459/2143/2729 3462/2148/2674
f 3347/2008/3310 3343/2003/3307 3464/2144/3392 3467/2149/3394
f 3467/2149/3394 3464/2144/3392 3463/2150/3393 3466/2151/3395
f 3466/1069/3395 3463/1070/3393 3462/1071/2674 3465/1072/2673
f 3351/2013/3313 3347/2008/3310 3467/2149/3394 3470/2152/3396
f 3470/2152/3396 3467/2149/3394 3466/2151/3395 3469/2153/3397
f 3469/1069/3397 3466/1070/3395 3465/1071/2673 3468/1072/2681
f 3355/2020/3316 3351/2013/3313 3470/2152/3396 3473/2154/3398
f 3473/2154/3398 3470/2152/3396 3469/2153/3397 3472/2155/3399
f 3472/1069/3399 3469/1070/3397 3468/1071/2681 3471/1072/2685
f 3359/2025/3319 3355/2020/3316 3473/2154/3398 3476/2156/3400
f 3476/2157/3400 3473/2158/3398 3472/2159/3399 3475/2160/3401
f 3475/1069/3401 3472/1070/3399 3471/1071/2685 3474/1072/2689
f 3363/2030/3322 3359/2025/3319 3476/2156/3400 3479/2161/3402
f 3479/2162/3402 3476/2157/3400 3475/2160/3401 3478/2163/3403
f 3478/1069/3403 3475/1070/3401 3474/1071/2689 3477/1072/2693
f 3367/2035/3325 3363/2030/3322 3479/2161/3402 3482/2164/3404
f 3482/2165/3404 3479/2162/3402 3478/2163/3403 3481/2166/3405
f 3481/2166/3405 3478/2163/3403 3477/1247/2693 3480/1246/2697
f 3371/2039/3328 3367/2035/3325 3482/2164/3404 3485/2167/3406
f 3485/2168/3406 3482/2165/3404 3481/2166/3405 3484/2169/3407
f 3484/2169/3407 3481/2166/3405 3480/1246/2697 3483/1254/2703
f 3375/2043/3331 3371/2039/3328 3485/2167/3406 3488/2170/3408
f 3488/2171/3408 3485/2168/3406 3484/2169/3407 3487/2172/3409
f 3487/2172/3409 3484/2169/3407 3483/1254/2703 3486/1262/2711
f 3379/2047/3334 3375/2043/3331 3488/2170/3408 3491/2173/3410
f 3491/2173/3410 3488/2170/3408 3487/2174/3409 3490/2175/3411
f 3490/2176/3411 3487/2172/3409 3486/1262/2711 3489/1264/2715
f 3383/2177/3337 3379/2047/3334 3491/2173/3410 3494/2178/3412
f 3494/2178/3412 3491/2173/3410 3490/2175/3411 3493/2179/3413
f 3493/2180/3413 3490/2181/3411 3489/1267/2715 3492/1266/2719
f 3387/2060/3340 3383/2177/3337 3494/2178/3412 3497/2182/3414
f 3497/2182/3414 3494/2178/3412 3493/2179/3413 3496/2183/3415
f 3496/2184/3415 3493/2185/3413 3492/2186/2719 3495/1271/2723
f 3391/2061/3343 3387/2060/3340 3497/2182/3414 3500/2187/3416
f 3500/2188/3416 3497/2189/3414 3496/2190/3415 3499/2191/3417
f 3499/2192/3417 3496/2184/3415 3495/1271/2723 3498/1270/2727
f 3395/2065/3346 3391/2061/3343 3500/2187/3416 3503/2193/3418
f 3503/2194/3418 3500/2188/3416 3499/2191/3417 3502/2195/3419
f 3502/2195/3419 3499/2191/3417 3498/1275/2727 3501/1274/2731
f 3399/2069/3349 3395/2065/3346 3503/2193/3418 3506/2196/3420
f 3506/2197/3420 3503/2194/3418 3502/2195/3419 3505/2198/3421
f 3505/2199/3421 3502/2200/3419 3501/1278/2731 3504/1231/2678
f 3403/2075/3352 3399/2069/3349 3506/2196/3420 3509/2201/3422
f 3509/2202/3422 3506/2197/3420 3505/2198/3421 3508/2203/3423
f 3508/2204/3423 3505/2199/3421 3504/1231/2678 3507/1230/2677
f 3407/2077/3355 3403/2075/3352 3509/2201/3422 3512/2205/3424
f 3512/2205/3424 3509/2201/3422 3508/2206/3423 3511/2207/3425
f 3511/2208/3425 3508/2204/3423 3507/1230/2677 3510/1234/2683
f 3411/2083/3358 3407/2077/3355 3512/2205/3424 3515/2209/3426
f 3515/2209/3426 3512/2205/3424 3511/2207/3425 3514/2210/3427
f 3514/2211/3427 3511/2208/3425 3510/1234/2683 3513/1236/2687
f 3415/2087/3361 3411/2083/3358 3515/2209/3426 3518/2212/3428
f 3518/2212/3428 3515/2209/3426 3514/2210/3427 3517/2213/3429
f 3517/2214/3429 3514/2215/3427 3513/1239/2687 3516/1238/2691
f 3419/2093/3364 3415/2087/3361 3518/2212/3428 3521/2216/3430
f 3521/2216/3430 3518/2212/3428 3517/2213/3429 3520/2217/3431
f 3520/2218/3431 3517/2219/3429 3516/1243/2691 3519/1242/2695
f 3423/2097/3367 3419/2093/3364 3521/2216/3430 3524/2220/3432
f 3524/2220/3432 3521/2216/3430 3520/2217/3431 3523/2221/3433
f 3523/2222/3433 3520/2218/3431 3519/1242/2695 3522/1252/2701
f 3427/2101/3370 3423/2097/3367 3524/2220/3432 3527/2223/3434
f 3527/2224/3434 3524/2225/3432 3523/2226/3433 3526/2227/3435
f 3526/2228/3435 3523/2222/3433 3522/1252/2701 3525/1260/2709
f 3431/2105/3373 3427/2101/3370 3527/2223/3434 3530/2229/3436
f 3530/2230/3436 3527/2224/3434 3526/2227/3435 3529/2231/3437
f 3529/2232/3437 3526/2228/3435 3525/1260/2709 3528/1250/2699
f 3308/1957/3282 3431/2105/3373 3530/2229/3436 3436/2106/3374
f 3436/2233/3374 3530/2230/3436 3529/2231/3437 3437/2234/3376
f 3437/2111/3376 3529/2232/3437 3528/1250/2699 3435/1222/2664
l 3385 3531
o ikea_pokla_glass_9oz_Cylinder.004
v 0.076605 0.000000 0.753520
v 0.032870 0.000000 0.753520
v 0.122515 0.000000 0.759790
v 0.120270 0.000000 0.760720
v -0.010795 0.000000 0.760720
v 0.081775 0.283970 0.795165
v 0.081795 0.300355 0.803970
v 0.027700 0.283970 0.795165
v 0.031110 0.300280 0.803900
v 0.030150 0.258925 0.785945
v 0.029410 0.247865 0.782775
v 0.079330 0.258925 0.785945
v 0.080065 0.247865 0.782775
v 0.125605 0.261720 0.794920
v 0.129025 0.247865 0.791210
v -0.015640 0.262280 0.794895
v -0.019525 0.247865 0.791225
v 0.112470 0.282580 0.798890
v -0.002275 0.282535 0.798740
v 0.124790 0.012455 0.763280
v 0.076570 0.012455 0.757450
v 0.032905 0.012455 0.757450
v -0.011650 0.012455 0.764800
v 0.121125 0.012455 0.764800
v 0.054740 0.000000 0.753520
v 0.054905 0.302795 0.804740
v 0.054740 0.283970 0.795165
v 0.054740 0.247865 0.782775
v 0.054740 0.258925 0.785945
v 0.054740 0.012455 0.757450
v 0.098225 0.000000 0.688240
v 0.148300 0.000000 0.723825
v 0.147335 0.000000 0.644025
v 0.117585 0.000000 0.677065
v 0.212325 0.283970 0.718690
v 0.219285 0.299450 0.723315
v 0.174090 0.283970 0.756925
v 0.179665 0.299080 0.762605
v 0.169300 0.258925 0.748675
v 0.166540 0.247865 0.746960
v 0.204075 0.258925 0.713900
v 0.202360 0.247865 0.711140
v 0.243145 0.261720 0.687525
v 0.242940 0.247865 0.682485
v 0.143255 0.262280 0.787385
v 0.137910 0.247865 0.787535
v 0.236675 0.282570 0.699630
v 0.155450 0.282530 0.780670
v 0.220200 0.012455 0.665725
v 0.181975 0.012455 0.695705
v 0.151105 0.012455 0.726575
v 0.218680 0.012455 0.669395
v 0.163760 0.000000 0.708360
v 0.200035 0.302765 0.744385
v 0.193205 0.283970 0.737805
v 0.184450 0.247865 0.729050
v 0.186690 0.258925 0.731290
v 0.166540 0.012455 0.711140
v 0.161070 0.000000 0.579390
v 0.156425 0.000000 0.623605
v 0.134195 0.000000 0.519020
v 0.156425 0.000000 0.557525
v 0.250565 0.283970 0.572300
v 0.258955 0.299950 0.573030
v 0.250565 0.283970 0.626375
v 0.257525 0.298685 0.625645
v 0.241345 0.258925 0.623930
v 0.238175 0.247865 0.624665
v 0.241345 0.258925 0.574750
v 0.238175 0.247865 0.574010
v 0.250320 0.261720 0.528470
v 0.246610 0.247865 0.525055
v 0.250295 0.262280 0.669715
v 0.246625 0.247865 0.673600
v 0.255970 0.294595 0.540965
v 0.249110 0.294860 0.518690
v 0.254285 0.282555 0.541590
v 0.254190 0.282485 0.656360
v 0.218680 0.012455 0.529285
v 0.212850 0.012455 0.577510
v 0.212850 0.012455 0.621170
v 0.220200 0.012455 0.532950
v 0.161070 0.000000 0.601740
v 0.260255 0.302815 0.599115
v 0.250565 0.283970 0.599340
v 0.238175 0.247865 0.599340
v 0.241345 0.258925 0.599340
v 0.212850 0.012455 0.599340
v 0.148300 0.000000 0.474850
v 0.117585 0.000000 0.504065
v 0.120270 0.000000 0.437955
v 0.122515 0.000000 0.438885
v 0.174090 0.283970 0.441750
v 0.180560 0.300550 0.435415
v 0.212325 0.283970 0.479990
v 0.217025 0.300805 0.471625
v 0.204075 0.258925 0.484775
v 0.202360 0.247865 0.487535
v 0.169300 0.258925 0.450000
v 0.166540 0.247865 0.451720
v 0.142925 0.261720 0.410930
v 0.137885 0.247865 0.411135
v 0.242785 0.262280 0.510820
v 0.242935 0.247865 0.516165
v 0.155015 0.282590 0.417420
v 0.236040 0.282565 0.498640
v 0.121125 0.012455 0.433875
v 0.151105 0.012455 0.472100
v 0.181975 0.012455 0.502975
v 0.124790 0.012455 0.435395
v 0.098225 0.000000 0.492890
v 0.199925 0.302970 0.453075
v 0.193205 0.283970 0.460870
v 0.184450 0.247865 0.469630
v 0.186690 0.258925 0.467385
v 0.166540 0.012455 0.487535
v 0.032870 0.000000 0.445155
v 0.076605 0.000000 0.445155
v -0.013040 0.000000 0.438885
v -0.010795 0.000000 0.437955
v 0.027700 0.283970 0.403515
v 0.027145 0.299710 0.394545
v 0.081775 0.283970 0.403515
v 0.078020 0.299975 0.394585
v 0.079330 0.258925 0.412730
v 0.080065 0.247865 0.415900
v 0.030150 0.258925 0.412730
v 0.029410 0.247865 0.415900
v -0.016130 0.261720 0.403755
v -0.019545 0.247865 0.407465
v 0.125115 0.262280 0.403780
v 0.129000 0.247865 0.407450
v -0.002995 0.282570 0.399780
v 0.111755 0.282520 0.399930
v -0.015315 0.012455 0.435395
v 0.032905 0.012455 0.441225
v 0.076570 0.012455 0.441225
v -0.011650 0.012455 0.433875
v 0.054740 0.000000 0.445155
v 0.054505 0.302290 0.396035
v 0.054740 0.283970 0.403515
v 0.054740 0.247865 0.415900
v 0.054740 0.258925 0.412730
v 0.054740 0.012455 0.441225
v -0.008105 0.000000 0.504065
v -0.038825 0.000000 0.474850
v -0.046950 0.000000 0.557525
v -0.024720 0.000000 0.519020
v -0.102850 0.283970 0.479990
v -0.108080 0.299440 0.473335
v -0.064610 0.283970 0.441750
v -0.071330 0.299005 0.437150
v -0.059825 0.258925 0.450000
v -0.057065 0.247865 0.451720
v -0.094600 0.258925 0.484775
v -0.092880 0.247865 0.487535
v -0.133670 0.261720 0.511150
v -0.133465 0.247865 0.516190
v -0.033780 0.262280 0.411295
v -0.028435 0.247865 0.411145
v -0.127190 0.282550 0.499095
v -0.045945 0.282520 0.418015
v -0.110725 0.012455 0.532950
v -0.072500 0.012455 0.502975
v -0.041625 0.012455 0.472100
v -0.109205 0.012455 0.529285
v 0.011250 0.000000 0.492890
v -0.090690 0.302810 0.454150
v -0.083730 0.283970 0.460870
v -0.074970 0.247865 0.469630
v -0.077215 0.258925 0.467385
v -0.057065 0.012455 0.487535
v -0.046950 0.000000 0.623605
v -0.051595 0.000000 0.579390
v -0.008105 0.000000 0.677065
v -0.037855 0.000000 0.644025
v -0.141085 0.283970 0.626375
v -0.149700 0.300180 0.627280
v -0.141085 0.283970 0.572300
v -0.150195 0.300495 0.575480
v -0.131870 0.258925 0.574750
v -0.128700 0.247865 0.574010
v -0.131870 0.258925 0.623930
v -0.128700 0.247865 0.624665
v -0.140780 0.261675 0.670230
v -0.137135 0.247865 0.673625
v -0.140820 0.262280 0.528960
v -0.137150 0.247865 0.525075
v -0.146355 0.282280 0.654935
v -0.144650 0.282555 0.542330
v -0.109205 0.012455 0.669390
v -0.103375 0.012455 0.621170
v -0.103375 0.012455 0.577510
v -0.110725 0.012455 0.665725
v -0.051595 0.000000 0.601740
v -0.152305 0.303170 0.599430
v -0.141085 0.283970 0.599340
v -0.128700 0.247865 0.599340
v -0.131870 0.258925 0.599340
v -0.103375 0.012455 0.599340
v -0.038825 0.000000 0.723825
v 0.011250 0.000000 0.688240
v -0.013040 0.000000 0.759790
v -0.064610 0.283970 0.756925
v -0.071015 0.299930 0.762885
v -0.102850 0.283970 0.718690
v -0.106860 0.299835 0.726660
v -0.094600 0.258925 0.713900
v -0.092880 0.247865 0.711140
v -0.059825 0.258925 0.748675
v -0.057065 0.247865 0.746960
v -0.033450 0.261720 0.787745
v -0.028410 0.247865 0.787540
v -0.133305 0.262280 0.687855
v -0.133460 0.247865 0.682510
v -0.045525 0.282570 0.781260
v -0.126580 0.282530 0.700020
v -0.041625 0.012455 0.726575
v -0.072500 0.012455 0.695705
v -0.015315 0.012455 0.763280
v -0.054285 0.000000 0.708360
v -0.090475 0.302825 0.744780
v -0.083730 0.283970 0.737805
v -0.074970 0.247865 0.729050
v -0.077215 0.258925 0.731290
v -0.057065 0.012455 0.711140
v 0.121395 0.000000 0.760255
v 0.122960 0.012455 0.764040
v 0.134195 0.000000 0.662105
v 0.219440 0.012455 0.667560
v 0.054740 0.333735 0.381595
v 0.097220 0.333735 0.385780
v 0.138065 0.333735 0.398170
v 0.175710 0.333735 0.418290
v 0.208705 0.333735 0.445370
v 0.235785 0.333735 0.478365
v 0.255905 0.333735 0.516010
v 0.268300 0.333735 0.556860
v 0.272480 0.333735 0.599340
v 0.268300 0.333735 0.641820
v 0.255905 0.333735 0.682665
v 0.235785 0.333735 0.720310
v 0.208705 0.333735 0.753305
v 0.175710 0.333735 0.780385
v 0.138065 0.333735 0.800505
v 0.097220 0.333735 0.812900
v 0.054740 0.333735 0.817080
v 0.012260 0.333735 0.812900
v -0.028590 0.333735 0.800505
v -0.066235 0.333735 0.780385
v -0.099230 0.333735 0.753305
v -0.126310 0.333735 0.720310
v -0.146430 0.333735 0.682665
v -0.158820 0.333735 0.641820
v -0.163005 0.333735 0.599340
v -0.158820 0.333735 0.556860
v -0.146430 0.333735 0.516010
v -0.126310 0.333735 0.478365
v -0.099230 0.333735 0.445370
v -0.066235 0.333735 0.418290
v -0.028590 0.333735 0.398170
v 0.012260 0.333735 0.385780
v 0.055120 0.310255 0.386665
v 0.090865 0.305040 0.393125
v 0.136185 0.305040 0.403990
v 0.172755 0.305040 0.423590
v 0.205925 0.313315 0.448630
v 0.231080 0.305040 0.482050
v 0.250595 0.305040 0.518665
v 0.262595 0.305040 0.558385
v 0.267830 0.310980 0.599610
v 0.262505 0.305040 0.640965
v 0.250415 0.305040 0.680655
v 0.230815 0.305040 0.717225
v 0.205495 0.312045 0.750250
v 0.172355 0.305040 0.775550
v 0.135740 0.305040 0.795070
v 0.096025 0.305040 0.807065
v 0.054730 0.313245 0.812800
v 0.013440 0.305040 0.806975
v -0.026250 0.305040 0.794885
v -0.062820 0.305040 0.775285
v -0.095990 0.312450 0.750060
v -0.121145 0.305040 0.716825
v -0.140660 0.305040 0.680210
v -0.154395 0.309060 0.631755
v -0.158160 0.311740 0.599230
v -0.154565 0.309135 0.568840
v -0.140480 0.305040 0.518220
v -0.112285 0.305040 0.471210
v -0.095375 0.310240 0.448840
v -0.073090 0.305040 0.432060
v -0.025805 0.305040 0.403810
v 0.016265 0.305040 0.393300
v 0.133575 0.247865 0.408270
v 0.134500 0.261975 0.406575
v 0.245550 0.247865 0.519905
v 0.247570 0.262695 0.519845
v 0.245870 0.247865 0.678310
v 0.248950 0.284330 0.679620
v 0.247535 0.264120 0.679085
v 0.134515 0.263445 0.792815
v 0.133990 0.247865 0.791245
v 0.135210 0.284245 0.793150
v -0.024455 0.247865 0.790640
v -0.025145 0.260860 0.791850
v -0.136765 0.247865 0.678975
v -0.138275 0.263680 0.678930
v -0.135680 0.247865 0.521000
v -0.137110 0.262555 0.520270
v -0.024520 0.247865 0.409280
v -0.025055 0.263905 0.407630
v 0.135335 0.294625 0.793645
v 0.114110 0.294570 0.800190
v 0.155020 0.294570 0.783095
v 0.249475 0.294660 0.679925
v 0.238835 0.294575 0.699300
v 0.255590 0.294575 0.658495
v 0.147335 0.000000 0.537105
v 0.249040 0.284315 0.518765
v 0.219440 0.012455 0.531115
v 0.121395 0.000000 0.438420
v 0.134870 0.283995 0.405415
v 0.122960 0.012455 0.434635
v -0.011915 0.000000 0.438420
v -0.025745 0.284470 0.405505
v -0.013485 0.012455 0.434635
v -0.037855 0.000000 0.537105
v -0.139165 0.283800 0.519220
v -0.109965 0.012455 0.531115
v -0.024720 0.000000 0.662105
v -0.139120 0.284690 0.679825
v -0.109965 0.012455 0.667560
v -0.011915 0.000000 0.760255
v -0.025360 0.283350 0.793200
v -0.013485 0.012455 0.764040
v 0.238050 0.294595 0.498080
v 0.135110 0.294530 0.405015
v 0.153890 0.294560 0.414935
v 0.114675 0.294560 0.398835
v -0.025840 0.294710 0.405090
v -0.044540 0.294585 0.415125
v -0.005660 0.294585 0.398875
v -0.139665 0.294445 0.518930
v -0.129040 0.294550 0.498790
v -0.146300 0.294550 0.540830
v -0.139740 0.294800 0.679880
v -0.147255 0.294460 0.656570
v -0.128540 0.294575 0.700730
v -0.025675 0.294260 0.793755
v -0.046310 0.294530 0.782890
v -0.003250 0.294530 0.800565
v 0.077140 0.000000 0.445600
v 0.077680 0.000000 0.446045
v 0.089995 0.000000 0.480405
v 0.076970 0.000000 0.485980
v 0.054740 0.005830 0.590565
v 0.076970 0.000000 0.695145
v 0.097380 0.000000 0.703495
v 0.089995 0.000000 0.718270
v 0.077680 0.000000 0.752630
v 0.077140 0.000000 0.753075
v 0.054740 0.000000 0.445600
v 0.054740 0.000000 0.446045
v 0.054740 0.000000 0.480405
v 0.054740 0.000000 0.483645
v 0.054740 0.000000 0.697485
v 0.054740 0.000000 0.703495
v 0.054740 0.000000 0.718270
v 0.054740 0.000000 0.752630
v 0.054740 0.000000 0.753075
v 0.032335 0.000000 0.445600
v 0.031800 0.000000 0.446045
v 0.019480 0.000000 0.480405
v 0.032510 0.000000 0.485980
v 0.032510 0.000000 0.695145
v 0.012095 0.000000 0.703495
v 0.019480 0.000000 0.718270
v 0.031800 0.000000 0.752630
v 0.032335 0.000000 0.753075
v 0.066750 0.005700 0.617545
v 0.074620 0.005285 0.635220
v 0.082490 0.004505 0.652890
v 0.090355 0.003095 0.670565
v -0.028550 0.003095 0.617625
v -0.010150 0.004505 0.611645
v 0.008250 0.005285 0.605670
v 0.026650 0.005700 0.599690
v 0.029160 0.005700 0.605330
v 0.012405 0.005285 0.615005
v -0.004350 0.004505 0.624675
v -0.021100 0.003095 0.634350
v -0.010340 0.003095 0.649160
v 0.004035 0.004505 0.636215
v 0.018410 0.005285 0.623270
v 0.032790 0.005700 0.610325
v 0.037380 0.005700 0.614460
v 0.026005 0.005285 0.630110
v 0.014635 0.004505 0.645760
v 0.003265 0.003095 0.661410
v 0.106210 0.003095 0.661410
v 0.094840 0.004505 0.645760
v 0.083470 0.005285 0.630110
v 0.072100 0.005700 0.614460
v 0.076685 0.005700 0.610325
v 0.091065 0.005285 0.623270
v 0.105440 0.004505 0.636215
v 0.119815 0.003095 0.649160
v 0.048595 0.005700 0.561675
v 0.044575 0.005285 0.542750
v 0.040555 0.004505 0.523830
v 0.036530 0.003095 0.504905
v -0.032355 0.003095 0.581410
v -0.013115 0.004505 0.583430
v 0.006125 0.005285 0.585455
v 0.025365 0.005700 0.587475
v 0.025365 0.005700 0.593650
v 0.006125 0.005285 0.595675
v -0.013115 0.004505 0.597695
v -0.032355 0.003095 0.599720
v 0.019120 0.003095 0.510560
v 0.026990 0.004505 0.528235
v 0.034855 0.005285 0.545910
v 0.042725 0.005700 0.563580
v 0.019120 0.003095 0.670565
v 0.026990 0.004505 0.652890
v 0.034855 0.005285 0.635220
v 0.042725 0.005700 0.617545
v 0.072100 0.005700 0.566670
v 0.083470 0.005285 0.551020
v 0.094840 0.004505 0.535365
v 0.106210 0.003095 0.519715
v 0.054740 0.005700 0.561030
v 0.054740 0.005285 0.541685
v 0.054740 0.004505 0.522335
v 0.054740 0.003095 0.502990
v 0.130580 0.003095 0.634350
v 0.113825 0.004505 0.624675
v 0.097070 0.005285 0.615005
v 0.080315 0.005700 0.605330
v 0.141830 0.003095 0.581410
v 0.122590 0.004505 0.583430
v 0.103350 0.005285 0.585455
v 0.084110 0.005700 0.587475
v 0.082825 0.005700 0.581435
v 0.101225 0.005285 0.575460
v 0.119625 0.004505 0.569480
v 0.138025 0.003095 0.563500
v 0.003265 0.003095 0.519715
v 0.014635 0.004505 0.535365
v 0.026005 0.005285 0.551020
v 0.037380 0.005700 0.566670
v 0.032790 0.005700 0.570800
v 0.018410 0.005285 0.557855
v 0.004035 0.004505 0.544910
v -0.010340 0.003095 0.531965
v 0.036530 0.003095 0.676225
v 0.040555 0.004505 0.657300
v 0.044575 0.005285 0.638375
v 0.048595 0.005700 0.619455
v 0.130580 0.003095 0.546775
v 0.113825 0.004505 0.556450
v 0.097070 0.005285 0.566125
v 0.080315 0.005700 0.575795
v 0.076685 0.005700 0.570800
v 0.091065 0.005285 0.557855
v 0.105440 0.004505 0.544910
v 0.119815 0.003095 0.531965
v 0.090355 0.003095 0.510560
v 0.082490 0.004505 0.528235
v 0.074620 0.005285 0.545910
v 0.066750 0.005700 0.563580
v 0.060880 0.005700 0.561675
v 0.064900 0.005285 0.542750
v 0.068925 0.004505 0.523830
v 0.072945 0.003095 0.504905
v -0.021100 0.003095 0.546775
v -0.004350 0.004505 0.556450
v 0.012405 0.005285 0.566125
v 0.029160 0.005700 0.575795
v 0.026650 0.005700 0.581435
v 0.008250 0.005285 0.575460
v -0.010150 0.004505 0.569480
v -0.028550 0.003095 0.563500
v 0.138025 0.003095 0.617625
v 0.119625 0.004505 0.611645
v 0.101225 0.005285 0.605670
v 0.082825 0.005700 0.599690
v 0.084110 0.005700 0.593650
v 0.103350 0.005285 0.595675
v 0.122590 0.004505 0.597695
v 0.141830 0.003095 0.599720
v 0.054740 0.003095 0.678135
v 0.054740 0.004505 0.658790
v 0.054740 0.005285 0.639445
v 0.054740 0.005700 0.620100
v 0.060880 0.005700 0.619455
v 0.064900 0.005285 0.638375
v 0.068925 0.004505 0.657300
v 0.072945 0.003095 0.676225
v 0.054740 0.000000 0.754575
v 0.054740 0.004000 0.756570
v 0.054740 0.000475 0.755740
v 0.033080 0.004000 0.756565
v 0.032955 0.000000 0.754580
v 0.033035 0.000475 0.755740
v 0.122475 0.001625 0.762865
v 0.121805 0.000000 0.761250
v 0.122250 0.000475 0.762320
v 0.123225 0.000000 0.760685
v 0.125800 0.004000 0.760425
v 0.123925 0.000475 0.761610
v 0.120395 0.000000 0.761820
v 0.118395 0.004000 0.763490
v 0.120555 0.000475 0.762995
v 0.076395 0.004000 0.756565
v 0.076520 0.000000 0.754580
v 0.076440 0.000475 0.755740
v -0.008920 0.004000 0.763490
v -0.010920 0.000000 0.761820
v -0.011080 0.000475 0.762995
v 0.164580 0.000000 0.709180
v 0.165920 0.004000 0.710520
v 0.165355 0.000475 0.709955
v 0.150600 0.004000 0.725825
v 0.149155 0.000000 0.724550
v 0.150000 0.000475 0.725290
v 0.218265 0.001625 0.667075
v 0.216065 0.000000 0.666885
v 0.217505 0.000475 0.667095
v 0.217020 0.000000 0.664645
v 0.218890 0.004000 0.662995
v 0.218345 0.000475 0.664990
v 0.215140 0.000000 0.669000
v 0.215825 0.004000 0.670400
v 0.216505 0.000475 0.669120
v 0.181225 0.004000 0.695200
v 0.179060 0.000000 0.694765
v 0.180180 0.000475 0.695105
v 0.209850 0.000000 0.599420
v 0.211970 0.004000 0.599340
v 0.211105 0.000475 0.599380
v 0.211965 0.004000 0.620995
v 0.209845 0.000000 0.621070
v 0.211100 0.000475 0.621015
v 0.218265 0.001625 0.531600
v 0.216035 0.000000 0.531835
v 0.217495 0.000475 0.531595
v 0.215045 0.000000 0.529560
v 0.215825 0.004000 0.528280
v 0.216455 0.000475 0.529495
v 0.217030 0.000000 0.534190
v 0.218890 0.004000 0.535680
v 0.218350 0.000475 0.533760
v 0.211965 0.004000 0.577680
v 0.209850 0.000000 0.577745
v 0.211100 0.000475 0.577730
v 0.163665 0.000000 0.488580
v 0.165920 0.004000 0.488160
v 0.164880 0.000475 0.488250
v 0.181225 0.004000 0.503475
v 0.178925 0.000000 0.503770
v 0.180095 0.000475 0.503495
v 0.122475 0.001625 0.435810
v 0.121805 0.000000 0.437425
v 0.122250 0.000475 0.436355
v 0.120395 0.000000 0.436855
v 0.118395 0.004000 0.435185
v 0.120555 0.000475 0.435680
v 0.123225 0.000000 0.437990
v 0.125800 0.004000 0.438255
v 0.123925 0.000475 0.437065
v 0.150600 0.004000 0.472850
v 0.149155 0.000000 0.474125
v 0.150000 0.000475 0.473385
v 0.054740 0.000000 0.444100
v 0.054740 0.004000 0.442105
v 0.054740 0.000475 0.442935
v 0.076395 0.004000 0.442110
v 0.076520 0.000000 0.444095
v 0.076440 0.000475 0.442935
v -0.013000 0.001625 0.435810
v -0.012330 0.000000 0.437425
v -0.012770 0.000475 0.436355
v -0.013750 0.000000 0.437990
v -0.016320 0.004000 0.438255
v -0.014450 0.000475 0.437065
v -0.010920 0.000000 0.436855
v -0.008920 0.004000 0.435185
v -0.011080 0.000475 0.435680
v 0.033080 0.004000 0.442110
v 0.032955 0.000000 0.444095
v 0.033035 0.000475 0.442935
v -0.054190 0.000000 0.488580
v -0.056440 0.004000 0.488160
v -0.055400 0.000475 0.488250
v -0.041125 0.004000 0.472850
v -0.039680 0.000000 0.474125
v -0.040525 0.000475 0.473385
v -0.108790 0.001625 0.531600
v -0.106555 0.000000 0.531835
v -0.108020 0.000475 0.531595
v -0.107555 0.000000 0.534190
v -0.109415 0.004000 0.535680
v -0.108870 0.000475 0.533760
v -0.105570 0.000000 0.529560
v -0.106345 0.004000 0.528280
v -0.106975 0.000475 0.529495
v -0.071750 0.004000 0.503475
v -0.069445 0.000000 0.503770
v -0.070620 0.000475 0.503495
v -0.100375 0.000000 0.599420
v -0.102495 0.004000 0.599340
v -0.101630 0.000475 0.599380
v -0.102490 0.004000 0.577680
v -0.100375 0.000000 0.577745
v -0.101625 0.000475 0.577730
v -0.108790 0.001625 0.667075
v -0.106590 0.000000 0.666885
v -0.108030 0.000475 0.667095
v -0.105665 0.000000 0.669000
v -0.106345 0.004000 0.670400
v -0.107030 0.000475 0.669120
v -0.107545 0.000000 0.664645
v -0.109415 0.004000 0.662995
v -0.108865 0.000475 0.664990
v -0.102490 0.004000 0.620995
v -0.100370 0.000000 0.621070
v -0.101625 0.000475 0.621015
v -0.069585 0.000000 0.694765
v -0.071750 0.004000 0.695200
v -0.070700 0.000475 0.695105
v -0.055100 0.000000 0.709180
v -0.056440 0.004000 0.710520
v -0.055875 0.000475 0.709955
v -0.013745 0.000000 0.760685
v -0.016320 0.004000 0.760425
v -0.014450 0.000475 0.761610
v -0.041125 0.004000 0.725825
v -0.039680 0.000000 0.724550
v -0.040525 0.000475 0.725290
v -0.013000 0.001625 0.762865
v -0.012330 0.000000 0.761250
v -0.012770 0.000475 0.762320
v 0.029775 0.231285 0.780125
v 0.029545 0.243445 0.781815
v 0.029650 0.237430 0.780885
v 0.079700 0.231285 0.780125
v 0.079940 0.243445 0.781870
v 0.079825 0.237430 0.780905
v 0.131900 0.231285 0.788605
v 0.129235 0.243445 0.790615
v 0.129375 0.237430 0.789275
v 0.136240 0.231285 0.784855
v 0.137255 0.243445 0.786575
v 0.136675 0.237430 0.785630
v -0.019310 0.243445 0.790085
v -0.018815 0.231285 0.788150
v -0.019055 0.237430 0.789005
v 0.054740 0.243445 0.781840
v 0.054740 0.231285 0.780125
v 0.054740 0.237430 0.780890
v 0.165950 0.243445 0.746185
v 0.164920 0.231285 0.744825
v 0.165375 0.237430 0.745450
v 0.200225 0.231285 0.709525
v 0.201630 0.243445 0.710590
v 0.200865 0.237430 0.709985
v 0.243130 0.231285 0.678610
v 0.242665 0.243445 0.681910
v 0.241820 0.237430 0.680865
v 0.243550 0.231285 0.672890
v 0.245485 0.243445 0.673385
v 0.244405 0.237430 0.673130
v 0.183785 0.243445 0.728385
v 0.182575 0.231285 0.727175
v 0.183115 0.237430 0.727715
v 0.235525 0.231285 0.624300
v 0.237215 0.243445 0.624535
v 0.236285 0.237430 0.624425
v 0.235525 0.231285 0.574375
v 0.237270 0.243445 0.574135
v 0.236305 0.237430 0.574250
v 0.244005 0.231285 0.522175
v 0.246015 0.243445 0.524840
v 0.244675 0.237430 0.524700
v 0.241975 0.243445 0.516820
v 0.240255 0.231285 0.517840
v 0.241030 0.237430 0.517405
v 0.237240 0.243445 0.599340
v 0.235525 0.231285 0.599340
v 0.236290 0.237430 0.599340
v 0.200225 0.231285 0.489155
v 0.201585 0.243445 0.488125
v 0.200850 0.237430 0.488705
v 0.164925 0.231285 0.453855
v 0.165990 0.243445 0.452445
v 0.165385 0.237430 0.453210
v 0.134010 0.231285 0.410945
v 0.137310 0.243445 0.411410
v 0.136265 0.237430 0.412255
v 0.128785 0.243445 0.408595
v 0.128290 0.231285 0.410530
v 0.128530 0.237430 0.409675
v 0.183785 0.243445 0.470290
v 0.182575 0.231285 0.471500
v 0.183115 0.237430 0.470960
v 0.079700 0.231285 0.418555
v 0.079935 0.243445 0.416865
v 0.079825 0.237430 0.417790
v 0.029775 0.231285 0.418550
v 0.029535 0.243445 0.416805
v 0.029650 0.237430 0.417775
v -0.022425 0.231285 0.410070
v -0.019760 0.243445 0.408065
v -0.019900 0.237430 0.409400
v -0.027780 0.243445 0.412100
v -0.026765 0.231285 0.413820
v -0.027195 0.237430 0.413045
v 0.054740 0.243445 0.416835
v 0.054740 0.231285 0.418550
v 0.054740 0.237430 0.417785
v -0.055445 0.231285 0.453855
v -0.056475 0.243445 0.452495
v -0.055895 0.237430 0.453225
v -0.090745 0.231285 0.489155
v -0.092155 0.243445 0.488090
v -0.091390 0.237430 0.488695
v -0.133655 0.231285 0.520070
v -0.133190 0.243445 0.516765
v -0.132345 0.237430 0.517810
v -0.136005 0.243445 0.525290
v -0.134075 0.231285 0.525785
v -0.134930 0.237430 0.525545
v -0.074310 0.243445 0.470290
v -0.073100 0.231285 0.471500
v -0.073640 0.237430 0.470960
v -0.126050 0.231285 0.574375
v -0.127740 0.243445 0.574145
v -0.126810 0.237430 0.574250
v -0.126050 0.231285 0.624300
v -0.127795 0.243445 0.624540
v -0.126825 0.237430 0.624425
v -0.134530 0.231285 0.676500
v -0.136535 0.243445 0.673835
v -0.135200 0.237430 0.673975
v -0.132500 0.243445 0.681855
v -0.130780 0.231285 0.680840
v -0.131555 0.237430 0.681275
v -0.127765 0.243445 0.599340
v -0.126050 0.231285 0.599340
v -0.126815 0.237430 0.599340
v -0.090745 0.231285 0.709525
v -0.092105 0.243445 0.710555
v -0.091375 0.237430 0.709975
v -0.055445 0.231285 0.744825
v -0.056510 0.243445 0.746230
v -0.055905 0.237430 0.745465
v -0.024530 0.231285 0.787730
v -0.027835 0.243445 0.787265
v -0.026790 0.237430 0.786420
v -0.074310 0.243445 0.728385
v -0.073100 0.231285 0.727175
v -0.073640 0.237430 0.727715
v 0.133860 0.243445 0.790110
v 0.133365 0.231285 0.787690
v 0.133540 0.237430 0.788735
v 0.245130 0.243445 0.677815
v 0.243520 0.231285 0.676925
v 0.244265 0.237430 0.677350
v 0.133225 0.243445 0.408840
v 0.132325 0.231285 0.410555
v 0.132745 0.237430 0.409780
v 0.244850 0.243445 0.520105
v 0.243090 0.231285 0.520710
v 0.243905 0.237430 0.520440
v -0.023940 0.243445 0.789935
v -0.022850 0.231285 0.788120
v -0.023355 0.237430 0.788920
v -0.135630 0.243445 0.678650
v -0.133615 0.231285 0.677965
v -0.134505 0.237430 0.678255
v -0.135290 0.243445 0.521200
v -0.134045 0.231285 0.521750
v -0.134670 0.237430 0.521475
v -0.024380 0.243445 0.409715
v -0.023890 0.231285 0.410985
v -0.024135 0.237430 0.410350
v 0.082535 0.302310 0.805240
v 0.114150 0.284090 0.799845
v -0.017820 0.263120 0.795535
v -0.003910 0.284085 0.799730
v 0.030395 0.302225 0.805180
v 0.127805 0.262510 0.795545
v 0.131355 0.247865 0.791690
v -0.021890 0.247865 0.791690
v 0.054885 0.304805 0.806055
v 0.220700 0.301410 0.723640
v 0.238530 0.284090 0.699105
v 0.142165 0.263120 0.789375
v 0.154965 0.284085 0.782505
v 0.179990 0.301030 0.764020
v 0.245145 0.262510 0.686410
v 0.244925 0.247865 0.681175
v 0.136570 0.247865 0.789535
v 0.200930 0.304800 0.745320
v 0.260230 0.301885 0.572285
v 0.255245 0.284090 0.539925
v 0.250935 0.263120 0.671895
v 0.255130 0.284085 0.657985
v 0.258740 0.300620 0.626425
v 0.250945 0.262510 0.526270
v 0.247090 0.247865 0.522720
v 0.247090 0.247865 0.675965
v 0.261615 0.304810 0.599195
v 0.180995 0.302430 0.433910
v 0.154505 0.284090 0.415545
v 0.244775 0.263120 0.511915
v 0.237905 0.284085 0.499110
v 0.218520 0.302685 0.471155
v 0.141810 0.262510 0.408930
v 0.136575 0.247865 0.409150
v 0.244935 0.247865 0.517510
v 0.202245 0.304910 0.451325
v 0.026385 0.301965 0.393775
v -0.004675 0.284090 0.398835
v 0.127295 0.263120 0.403145
v 0.113385 0.284085 0.398950
v 0.078735 0.302225 0.393790
v -0.018330 0.262510 0.403130
v -0.021880 0.247865 0.406985
v 0.131365 0.247865 0.406990
v 0.054745 0.303995 0.393135
v -0.109510 0.301365 0.472955
v -0.129055 0.284090 0.499570
v -0.032685 0.263120 0.409305
v -0.045490 0.284085 0.416170
v -0.071690 0.300925 0.435720
v -0.135670 0.262510 0.512265
v -0.135450 0.247865 0.517500
v -0.027090 0.247865 0.409145
v -0.091630 0.304810 0.453170
v -0.151185 0.301945 0.628100
v -0.147380 0.283775 0.656560
v -0.141455 0.263120 0.526780
v -0.145655 0.284085 0.540690
v -0.151675 0.302270 0.574715
v -0.141470 0.262510 0.672405
v -0.137615 0.247865 0.675955
v -0.137610 0.247865 0.522710
v -0.154000 0.304890 0.599430
v -0.071405 0.301860 0.764325
v -0.045030 0.284090 0.783130
v -0.135300 0.263120 0.686765
v -0.128430 0.284085 0.699565
v -0.108290 0.301760 0.727055
v -0.032335 0.262510 0.789745
v -0.027100 0.247865 0.789530
v -0.135455 0.247865 0.681170
v -0.091450 0.304810 0.745725
v 0.054740 0.001625 0.756325
v 0.033065 0.001625 0.756325
v 0.120655 0.001625 0.763620
v 0.076415 0.001625 0.756325
v -0.011180 0.001625 0.763620
v 0.165745 0.001625 0.710345
v 0.150415 0.001625 0.725670
v 0.217515 0.001625 0.668895
v 0.181070 0.001625 0.695015
v 0.211725 0.001625 0.599340
v 0.211725 0.001625 0.621015
v 0.219020 0.001625 0.533420
v 0.211725 0.001625 0.577665
v 0.165745 0.001625 0.488335
v 0.181070 0.001625 0.503660
v 0.124295 0.001625 0.436565
v 0.150415 0.001625 0.473005
v 0.054740 0.001625 0.442355
v 0.076415 0.001625 0.442355
v -0.011180 0.001625 0.435055
v 0.033065 0.001625 0.442355
v 0.120655 0.001625 0.435055
v -0.056265 0.001625 0.488335
v -0.040940 0.001625 0.473005
v -0.108035 0.001625 0.529785
v -0.071595 0.001625 0.503660
v -0.014815 0.001625 0.436565
v -0.102245 0.001625 0.599340
v -0.102245 0.001625 0.577665
v -0.109545 0.001625 0.665255
v -0.102245 0.001625 0.621015
v -0.071595 0.001625 0.695015
v -0.108035 0.001625 0.668895
v -0.109545 0.001625 0.533420
v -0.056265 0.001625 0.710345
v -0.014815 0.001625 0.762115
v -0.040940 0.001625 0.725670
v 0.124295 0.001625 0.762115
v 0.219020 0.001625 0.665255
v 0.217515 0.001625 0.529785
v -0.009295 0.012595 0.764425
v 0.126195 0.012595 0.761350
v 0.118770 0.012605 0.764430
v 0.219825 0.012595 0.663370
v 0.216755 0.012605 0.670800
v 0.216750 0.012595 0.527880
v 0.219830 0.012605 0.535305
v 0.118770 0.012595 0.434250
v 0.126200 0.012605 0.437325
v -0.016720 0.012595 0.437325
v -0.009295 0.012605 0.434245
v -0.110350 0.012595 0.535305
v -0.107280 0.012605 0.527880
v -0.107275 0.012595 0.670795
v -0.110355 0.012605 0.663370
v -0.016720 0.012605 0.761355
v 0.134835 0.231285 0.786785
v 0.135270 0.237430 0.787560
v 0.135850 0.243445 0.788500
v -0.021410 0.237430 0.789375
v -0.021170 0.231285 0.788520
v -0.021665 0.243445 0.790450
v 0.129540 0.231285 0.788235
v 0.131735 0.237430 0.789650
v 0.131590 0.243445 0.791015
v 0.243920 0.231285 0.675245
v 0.244775 0.237430 0.675485
v 0.245850 0.243445 0.675740
v 0.241200 0.231285 0.680020
v 0.243755 0.237430 0.679465
v 0.244615 0.243445 0.680530
v 0.243635 0.231285 0.524540
v 0.245050 0.237430 0.522340
v 0.246415 0.243445 0.522485
v 0.130885 0.237430 0.409305
v 0.130645 0.231285 0.410155
v 0.131140 0.243445 0.408225
v 0.135420 0.231285 0.412875
v 0.134860 0.237430 0.410320
v 0.135930 0.243445 0.409460
v 0.242955 0.237430 0.518805
v 0.242185 0.231285 0.519240
v 0.243900 0.243445 0.518225
v -0.020060 0.231285 0.410440
v -0.022260 0.237430 0.409025
v -0.022115 0.243445 0.407665
v -0.025795 0.237430 0.411120
v -0.025360 0.231285 0.411890
v -0.026375 0.243445 0.410175
v -0.135295 0.237430 0.523190
v -0.134445 0.231285 0.523430
v -0.136375 0.243445 0.522935
v -0.131725 0.231285 0.518660
v -0.134280 0.237430 0.519215
v -0.135140 0.243445 0.518145
v -0.134160 0.231285 0.674140
v -0.135575 0.237430 0.676335
v -0.136935 0.243445 0.676190
v -0.025940 0.231285 0.785800
v -0.025385 0.237430 0.788355
v -0.026455 0.243445 0.789215
v -0.133480 0.237430 0.679870
v -0.132710 0.231285 0.679435
v -0.134425 0.243445 0.680450
v 0.054740 0.118930 0.438855
v 0.054740 0.060480 0.599340
v 0.054740 0.098480 0.442905
v 0.054740 0.080500 0.453505
v 0.054740 0.069160 0.471310
v 0.086045 0.118930 0.441940
v 0.079715 0.069160 0.473770
v 0.083190 0.080500 0.456305
v 0.085255 0.098480 0.445910
v 0.116150 0.118930 0.451070
v 0.103735 0.069160 0.481055
v 0.110545 0.080500 0.464605
v 0.114605 0.098480 0.454810
v 0.143900 0.118930 0.465900
v 0.125865 0.069160 0.492885
v 0.135760 0.080500 0.478080
v 0.141650 0.098480 0.469270
v 0.168215 0.118930 0.485860
v 0.145270 0.069160 0.508810
v 0.157860 0.080500 0.496215
v 0.165355 0.098480 0.488720
v 0.188175 0.118930 0.510180
v 0.161190 0.069160 0.528210
v 0.175995 0.080500 0.518315
v 0.184810 0.098480 0.512430
v 0.203005 0.118930 0.537925
v 0.173020 0.069160 0.550345
v 0.189470 0.080500 0.543530
v 0.199265 0.098480 0.539475
v 0.212135 0.118930 0.568030
v 0.180305 0.069160 0.574360
v 0.197770 0.080500 0.570885
v 0.208165 0.098480 0.568820
v 0.215220 0.118930 0.599340
v 0.182765 0.069160 0.599340
v 0.200575 0.080500 0.599340
v 0.211175 0.098480 0.599340
v 0.212135 0.118930 0.630645
v 0.180305 0.069160 0.624315
v 0.197770 0.080500 0.627790
v 0.208165 0.098480 0.629855
v 0.203005 0.118930 0.660750
v 0.173020 0.069160 0.648335
v 0.189470 0.080500 0.655145
v 0.199265 0.098480 0.659205
v 0.188175 0.118930 0.688500
v 0.161190 0.069160 0.670465
v 0.175995 0.080500 0.680360
v 0.184810 0.098480 0.686250
v 0.168215 0.118930 0.712815
v 0.145270 0.069160 0.689870
v 0.157860 0.080500 0.702460
v 0.165355 0.098480 0.709955
v 0.143900 0.118930 0.732775
v 0.125865 0.069160 0.705790
v 0.135760 0.080500 0.720595
v 0.141650 0.098480 0.729410
v 0.116150 0.118930 0.747605
v 0.103735 0.069160 0.717620
v 0.110545 0.080500 0.734075
v 0.114605 0.098480 0.743865
v 0.086045 0.118930 0.756740
v 0.079715 0.069160 0.724905
v 0.083190 0.080500 0.742370
v 0.085255 0.098480 0.752765
v 0.054740 0.118930 0.759820
v 0.054740 0.069160 0.727365
v 0.054740 0.080500 0.745175
v 0.054740 0.098480 0.755775
v 0.023430 0.118930 0.756740
v 0.029760 0.069160 0.724905
v 0.026285 0.080500 0.742370
v 0.024220 0.098480 0.752765
v -0.006675 0.118930 0.747605
v 0.005745 0.069160 0.717620
v -0.001070 0.080500 0.734075
v -0.005125 0.098480 0.743865
v -0.034420 0.118930 0.732775
v -0.016390 0.069160 0.705790
v -0.026285 0.080500 0.720595
v -0.032170 0.098480 0.729410
v -0.058740 0.118930 0.712815
v -0.035790 0.069160 0.689870
v -0.048385 0.080500 0.702460
v -0.055880 0.098480 0.709955
v -0.078700 0.118930 0.688500
v -0.051715 0.069160 0.670465
v -0.066520 0.080500 0.680360
v -0.075335 0.098480 0.686250
v -0.093530 0.118930 0.660750
v -0.063545 0.069160 0.648335
v -0.079995 0.080500 0.655145
v -0.089790 0.098480 0.659205
v -0.102660 0.118930 0.630645
v -0.070830 0.069160 0.624315
v -0.088295 0.080500 0.627790
v -0.098690 0.098480 0.629855
v -0.105745 0.118930 0.599340
v -0.073290 0.069160 0.599340
v -0.091095 0.080500 0.599340
v -0.101695 0.098480 0.599340
v -0.102660 0.118930 0.568030
v -0.070830 0.069160 0.574360
v -0.088295 0.080500 0.570885
v -0.098690 0.098480 0.568820
v -0.093530 0.118930 0.537925
v -0.063545 0.069160 0.550345
v -0.079995 0.080500 0.543530
v -0.089790 0.098480 0.539475
v -0.078700 0.118930 0.510180
v -0.051715 0.069160 0.528210
v -0.066520 0.080500 0.518315
v -0.075335 0.098480 0.512430
v -0.058740 0.118930 0.485860
v -0.035790 0.069160 0.508810
v -0.048385 0.080500 0.496215
v -0.055880 0.098480 0.488720
v -0.034420 0.118930 0.465900
v -0.016390 0.069160 0.492885
v -0.026285 0.080500 0.478080
v -0.032170 0.098480 0.469270
v -0.006675 0.118930 0.451070
v 0.005745 0.069160 0.481055
v -0.001070 0.080500 0.464605
v -0.005125 0.098480 0.454810
v 0.023430 0.118930 0.441940
v 0.029760 0.069160 0.473770
v 0.026285 0.080500 0.456305
v 0.024220 0.098480 0.445910
v 0.054740 0.065350 0.491860
v 0.075705 0.065350 0.493925
v 0.095870 0.065350 0.500040
v 0.114450 0.065350 0.509970
v 0.130740 0.065350 0.523340
v 0.144105 0.065350 0.539625
v 0.154035 0.065350 0.558210
v 0.160150 0.065350 0.578370
v 0.162220 0.065350 0.599340
v 0.160150 0.065350 0.620305
v 0.154035 0.065350 0.640470
v 0.144105 0.065350 0.659050
v 0.130740 0.065350 0.675340
v 0.114450 0.065350 0.688705
v 0.095870 0.065350 0.698635
v 0.075705 0.065350 0.704755
v 0.054740 0.065350 0.706820
v 0.033770 0.065350 0.704755
v 0.013605 0.065350 0.698635
v -0.004975 0.065350 0.688705
v -0.021260 0.065350 0.675340
v -0.034630 0.065350 0.659050
v -0.044560 0.065350 0.640470
v -0.050675 0.065350 0.620305
v -0.052740 0.065350 0.599340
v -0.050675 0.065350 0.578370
v -0.044560 0.065350 0.558210
v -0.034630 0.065350 0.539625
v -0.021260 0.065350 0.523340
v -0.004975 0.065350 0.509970
v 0.013605 0.065350 0.500040
v 0.033770 0.065350 0.493925
v 0.054740 0.063715 0.517275
v 0.054740 0.062135 0.542695
v 0.065790 0.062135 0.543785
v 0.070745 0.063715 0.518855
v 0.076415 0.062135 0.547005
v 0.086140 0.063715 0.523525
v 0.086205 0.062135 0.552240
v 0.100330 0.063715 0.531105
v 0.094790 0.062135 0.559285
v 0.112765 0.063715 0.541310
v 0.101835 0.062135 0.567870
v 0.122970 0.063715 0.553745
v 0.107070 0.062135 0.577660
v 0.130555 0.063715 0.567935
v 0.110290 0.062135 0.588290
v 0.135220 0.063715 0.583330
v 0.111380 0.062135 0.599340
v 0.136800 0.063715 0.599340
v 0.110290 0.062135 0.610390
v 0.135220 0.063715 0.615350
v 0.107070 0.062135 0.621015
v 0.130555 0.063715 0.630740
v 0.101835 0.062135 0.630805
v 0.122970 0.063715 0.644930
v 0.094790 0.062135 0.639390
v 0.112765 0.063715 0.657365
v 0.086205 0.062135 0.646435
v 0.100330 0.063715 0.667570
v 0.076415 0.062135 0.651670
v 0.086140 0.063715 0.675155
v 0.065790 0.062135 0.654895
v 0.070745 0.063715 0.679825
v 0.054740 0.062135 0.655980
v 0.054740 0.063715 0.681400
v 0.043690 0.062135 0.654895
v 0.038730 0.063715 0.679825
v 0.033060 0.062135 0.651670
v 0.023335 0.063715 0.675155
v 0.023270 0.062135 0.646435
v 0.009145 0.063715 0.667570
v 0.014685 0.062135 0.639390
v -0.003290 0.063715 0.657365
v 0.007640 0.062135 0.630805
v -0.013495 0.063715 0.644930
v 0.002405 0.062135 0.621015
v -0.021075 0.063715 0.630740
v -0.000815 0.062135 0.610390
v -0.025745 0.063715 0.615350
v -0.001905 0.062135 0.599340
v -0.027325 0.063715 0.599340
v -0.000815 0.062135 0.588290
v -0.025745 0.063715 0.583330
v 0.002405 0.062135 0.577660
v -0.021075 0.063715 0.567935
v 0.007640 0.062135 0.567870
v -0.013495 0.063715 0.553745
v 0.014685 0.062135 0.559285
v -0.003290 0.063715 0.541310
v 0.023270 0.062135 0.552240
v 0.009145 0.063715 0.531105
v 0.033060 0.062135 0.547005
v 0.023335 0.063715 0.523525
v 0.043690 0.062135 0.543785
v 0.038730 0.063715 0.518855
v 0.054740 0.342670 0.395325
v 0.054740 0.295390 0.406705
v 0.054740 0.327705 0.397945
v 0.054740 0.309910 0.402230
v 0.093010 0.295390 0.410405
v 0.094920 0.342670 0.399245
v 0.094025 0.309910 0.406015
v 0.094700 0.327705 0.401815
v 0.129815 0.295390 0.421370
v 0.133560 0.342670 0.410855
v 0.131800 0.309910 0.417235
v 0.133130 0.327705 0.413275
v 0.163730 0.295390 0.439170
v 0.169175 0.342670 0.429705
v 0.166615 0.309910 0.435450
v 0.168545 0.327705 0.431885
v 0.193460 0.295390 0.463125
v 0.200385 0.342670 0.455080
v 0.197130 0.309910 0.459960
v 0.199585 0.327705 0.456935
v 0.217855 0.295390 0.492315
v 0.226000 0.342670 0.485995
v 0.222175 0.309910 0.489830
v 0.225060 0.327705 0.487450
v 0.235985 0.295390 0.525620
v 0.245035 0.342670 0.521265
v 0.240785 0.309910 0.523910
v 0.243990 0.327705 0.522270
v 0.247150 0.295390 0.561755
v 0.256755 0.342670 0.559535
v 0.252240 0.309910 0.560885
v 0.255645 0.327705 0.560050
v 0.250920 0.295390 0.599340
v 0.260715 0.342670 0.599340
v 0.256110 0.309910 0.599340
v 0.259580 0.327705 0.599340
v 0.247150 0.295390 0.636920
v 0.256755 0.342670 0.639140
v 0.252240 0.309910 0.637790
v 0.255645 0.327705 0.638630
v 0.235985 0.295390 0.673055
v 0.245035 0.342670 0.677410
v 0.240785 0.309910 0.674770
v 0.243990 0.327705 0.676410
v 0.217855 0.295390 0.706360
v 0.226000 0.342670 0.712685
v 0.222175 0.309910 0.708845
v 0.225060 0.327705 0.711225
v 0.193460 0.295390 0.735550
v 0.200385 0.342670 0.743600
v 0.197130 0.309910 0.738715
v 0.199585 0.327705 0.741745
v 0.163730 0.295390 0.759505
v 0.169175 0.342670 0.768970
v 0.166615 0.309910 0.763230
v 0.168545 0.327705 0.766790
v 0.129815 0.295390 0.777310
v 0.133560 0.342670 0.787825
v 0.131800 0.309910 0.781440
v 0.133130 0.327705 0.785400
v 0.093010 0.295390 0.788270
v 0.094920 0.342670 0.799435
v 0.094025 0.309910 0.792660
v 0.094700 0.327705 0.796860
v 0.054740 0.295390 0.791970
v 0.054740 0.342670 0.803355
v 0.054740 0.309910 0.796445
v 0.054740 0.327705 0.800730
v 0.016465 0.295390 0.788270
v 0.014555 0.342670 0.799435
v 0.015450 0.309910 0.792660
v 0.014775 0.327705 0.796860
v -0.020335 0.295390 0.777310
v -0.024085 0.342670 0.787825
v -0.022325 0.309910 0.781440
v -0.023650 0.327705 0.785400
v -0.054255 0.295390 0.759505
v -0.059695 0.342670 0.768970
v -0.057140 0.309910 0.763230
v -0.059065 0.327705 0.766790
v -0.083980 0.295390 0.735550
v -0.090910 0.342670 0.743600
v -0.087655 0.309910 0.738715
v -0.090110 0.327705 0.741745
v -0.108380 0.295390 0.706360
v -0.116525 0.342670 0.712685
v -0.112700 0.309910 0.708845
v -0.115585 0.327705 0.711225
v -0.126510 0.295390 0.673055
v -0.135560 0.342670 0.677410
v -0.131305 0.309910 0.674770
v -0.134515 0.327705 0.676410
v -0.137670 0.295390 0.636920
v -0.147280 0.342670 0.639140
v -0.142765 0.309910 0.637790
v -0.146170 0.327705 0.638630
v -0.141440 0.295390 0.599340
v -0.151240 0.342670 0.599340
v -0.146635 0.309910 0.599340
v -0.150105 0.327705 0.599340
v -0.137670 0.295390 0.561755
v -0.147280 0.342670 0.559535
v -0.142765 0.309910 0.560885
v -0.146170 0.327705 0.560050
v -0.126510 0.295390 0.525620
v -0.135560 0.342670 0.521265
v -0.131305 0.309910 0.523910
v -0.134515 0.327705 0.522270
v -0.108380 0.295390 0.492315
v -0.116525 0.342670 0.485995
v -0.112700 0.309910 0.489830
v -0.115585 0.327705 0.487450
v -0.083980 0.295390 0.463125
v -0.090910 0.342670 0.455080
v -0.087655 0.309910 0.459960
v -0.090110 0.327705 0.456935
v -0.054255 0.295390 0.439170
v -0.059695 0.342670 0.429705
v -0.057140 0.309910 0.435450
v -0.059065 0.327705 0.431885
v -0.020335 0.295390 0.421370
v -0.024085 0.342670 0.410855
v -0.022325 0.309910 0.417235
v -0.023650 0.327705 0.413275
v 0.016465 0.295390 0.410405
v 0.014555 0.342670 0.399245
v 0.015450 0.309910 0.406015
v 0.014775 0.327705 0.401815
v 0.054740 0.275375 0.413535
v 0.054740 0.228060 0.424660
v 0.054740 0.260850 0.417985
v 0.054740 0.243045 0.422170
v 0.088815 0.228060 0.428015
v 0.091280 0.275375 0.417105
v 0.089300 0.243045 0.425575
v 0.090200 0.260850 0.421470
v 0.121585 0.228060 0.437955
v 0.126420 0.275375 0.427675
v 0.122535 0.243045 0.435655
v 0.124295 0.260850 0.431790
v 0.151785 0.228060 0.454100
v 0.158805 0.275375 0.444850
v 0.153165 0.243045 0.452030
v 0.155720 0.260850 0.448545
v 0.178255 0.228060 0.475820
v 0.187195 0.275375 0.467955
v 0.180015 0.243045 0.474060
v 0.183265 0.260850 0.471100
v 0.199980 0.228060 0.502290
v 0.210490 0.275375 0.496110
v 0.202050 0.243045 0.500910
v 0.205870 0.260850 0.498585
v 0.216120 0.228060 0.532490
v 0.227800 0.275375 0.528235
v 0.218420 0.243045 0.531540
v 0.222665 0.260850 0.529935
v 0.226060 0.228060 0.565260
v 0.238460 0.275375 0.563090
v 0.228500 0.243045 0.564775
v 0.233010 0.260850 0.563960
v 0.229415 0.228060 0.599340
v 0.242060 0.275375 0.599340
v 0.231905 0.243045 0.599340
v 0.236500 0.260850 0.599340
v 0.226060 0.228060 0.633415
v 0.238460 0.275375 0.635585
v 0.228500 0.243045 0.633900
v 0.233010 0.260850 0.634720
v 0.216120 0.228060 0.666185
v 0.227800 0.275375 0.670440
v 0.218420 0.243045 0.667135
v 0.222665 0.260850 0.668740
v 0.199980 0.228060 0.696385
v 0.210490 0.275375 0.702565
v 0.202050 0.243045 0.697765
v 0.205870 0.260850 0.700095
v 0.178255 0.228060 0.722855
v 0.187195 0.275375 0.730720
v 0.180015 0.243045 0.724615
v 0.183265 0.260850 0.727575
v 0.151785 0.228060 0.744580
v 0.158805 0.275375 0.753830
v 0.153165 0.243045 0.746650
v 0.155720 0.260850 0.750130
v 0.121585 0.228060 0.760720
v 0.126420 0.275375 0.771000
v 0.122535 0.243045 0.763020
v 0.124295 0.260850 0.766890
v 0.088815 0.228060 0.770660
v 0.091280 0.275375 0.781570
v 0.089300 0.243045 0.773100
v 0.090200 0.260850 0.777210
v 0.054740 0.228060 0.774015
v 0.054740 0.275375 0.785140
v 0.054740 0.243045 0.776505
v 0.054740 0.260850 0.780695
v 0.020660 0.228060 0.770660
v 0.018195 0.275375 0.781570
v 0.020175 0.243045 0.773100
v 0.019280 0.260850 0.777210
v -0.012110 0.228060 0.760720
v -0.016945 0.275375 0.771000
v -0.013060 0.243045 0.763020
v -0.014820 0.260850 0.766890
v -0.042310 0.228060 0.744580
v -0.049330 0.275375 0.753830
v -0.043690 0.243045 0.746650
v -0.046245 0.260850 0.750130
v -0.068780 0.228060 0.722855
v -0.077715 0.275375 0.730720
v -0.070540 0.243045 0.724615
v -0.073785 0.260850 0.727575
v -0.090500 0.228060 0.696385
v -0.101015 0.275375 0.702565
v -0.092570 0.243045 0.697765
v -0.096390 0.260850 0.700095
v -0.106645 0.228060 0.666185
v -0.118325 0.275375 0.670440
v -0.108945 0.243045 0.667135
v -0.113190 0.260850 0.668740
v -0.116585 0.228060 0.633415
v -0.128985 0.275375 0.635585
v -0.119025 0.243045 0.633900
v -0.123530 0.260850 0.634720
v -0.119940 0.228060 0.599340
v -0.132580 0.275375 0.599340
v -0.122430 0.243045 0.599340
v -0.127025 0.260850 0.599340
v -0.116585 0.228060 0.565260
v -0.128985 0.275375 0.563090
v -0.119025 0.243045 0.564775
v -0.123530 0.260850 0.563960
v -0.106645 0.228060 0.532490
v -0.118325 0.275375 0.528235
v -0.108945 0.243045 0.531540
v -0.113190 0.260850 0.529935
v -0.090500 0.228060 0.502290
v -0.101015 0.275375 0.496110
v -0.092570 0.243045 0.500910
v -0.096390 0.260850 0.498585
v -0.068780 0.228060 0.475820
v -0.077715 0.275375 0.467955
v -0.070540 0.243045 0.474060
v -0.073785 0.260850 0.471100
v -0.042310 0.228060 0.454100
v -0.049330 0.275375 0.444850
v -0.043690 0.243045 0.452030
v -0.046245 0.260850 0.448545
v -0.012110 0.228060 0.437955
v -0.016945 0.275375 0.427675
v -0.013060 0.243045 0.435655
v -0.014820 0.260850 0.431790
v 0.020660 0.228060 0.428015
v 0.018195 0.275375 0.417105
v 0.020175 0.243045 0.425575
v 0.019280 0.260850 0.421470
v 0.054740 0.493855 0.362570
v 0.054740 0.500000 0.368060
v 0.054740 0.497065 0.362815
v 0.054740 0.499380 0.364880
v 0.099860 0.500000 0.372500
v 0.100930 0.493855 0.367120
v 0.100480 0.499380 0.369385
v 0.100880 0.497065 0.367360
v 0.143245 0.500000 0.385665
v 0.145345 0.493855 0.380590
v 0.144460 0.499380 0.382730
v 0.145250 0.497065 0.380820
v 0.183230 0.500000 0.407035
v 0.186280 0.493855 0.402470
v 0.184995 0.499380 0.404395
v 0.186145 0.497065 0.402675
v 0.218280 0.500000 0.435800
v 0.222160 0.493855 0.431915
v 0.220525 0.499380 0.433550
v 0.221985 0.497065 0.432090
v 0.247040 0.500000 0.470845
v 0.251605 0.493855 0.467795
v 0.249680 0.499380 0.469080
v 0.251400 0.497065 0.467935
v 0.268415 0.500000 0.510830
v 0.273485 0.493855 0.508730
v 0.271350 0.499380 0.509615
v 0.273255 0.497065 0.508825
v 0.281575 0.500000 0.554220
v 0.286960 0.493855 0.553145
v 0.284690 0.499380 0.553600
v 0.286715 0.497065 0.553195
v 0.286020 0.500000 0.599340
v 0.291510 0.493855 0.599340
v 0.289195 0.499380 0.599340
v 0.291260 0.497065 0.599340
v 0.281575 0.500000 0.644460
v 0.286960 0.493855 0.645530
v 0.284690 0.499380 0.645080
v 0.286715 0.497065 0.645480
v 0.268415 0.500000 0.687845
v 0.273485 0.493855 0.689945
v 0.271350 0.499380 0.689060
v 0.273255 0.497065 0.689850
v 0.247040 0.500000 0.727830
v 0.251605 0.493855 0.730880
v 0.249680 0.499380 0.729595
v 0.251400 0.497065 0.730745
v 0.218280 0.500000 0.762880
v 0.222160 0.493855 0.766760
v 0.220525 0.499380 0.765125
v 0.221985 0.497065 0.766585
v 0.183230 0.500000 0.791640
v 0.186280 0.493855 0.796205
v 0.184995 0.499380 0.794280
v 0.186145 0.497065 0.796000
v 0.143245 0.500000 0.813015
v 0.145345 0.493855 0.818085
v 0.144460 0.499380 0.815950
v 0.145250 0.497065 0.817855
v 0.099860 0.500000 0.826175
v 0.100930 0.493855 0.831560
v 0.100480 0.499380 0.829290
v 0.100880 0.497065 0.831315
v 0.054740 0.500000 0.830620
v 0.054740 0.493855 0.836110
v 0.054740 0.499380 0.833795
v 0.054740 0.497065 0.835860
v 0.009615 0.500000 0.826175
v 0.008545 0.493855 0.831560
v 0.009000 0.499380 0.829290
v 0.008595 0.497065 0.831315
v -0.033770 0.500000 0.813015
v -0.035870 0.493855 0.818085
v -0.034985 0.499380 0.815950
v -0.035775 0.497065 0.817855
v -0.073755 0.500000 0.791640
v -0.076805 0.493855 0.796205
v -0.075520 0.499380 0.794280
v -0.076665 0.497065 0.796000
v -0.108800 0.500000 0.762880
v -0.112685 0.493855 0.766760
v -0.111050 0.499380 0.765125
v -0.112510 0.497065 0.766585
v -0.137565 0.500000 0.727830
v -0.142130 0.493855 0.730880
v -0.140205 0.499380 0.729595
v -0.141925 0.497065 0.730745
v -0.158935 0.500000 0.687845
v -0.164010 0.493855 0.689945
v -0.161870 0.499380 0.689060
v -0.163780 0.497065 0.689850
v -0.172100 0.500000 0.644460
v -0.177480 0.493855 0.645530
v -0.175215 0.499380 0.645080
v -0.177240 0.497065 0.645480
v -0.176540 0.500000 0.599340
v -0.182030 0.493855 0.599340
v -0.179720 0.499380 0.599340
v -0.181785 0.497065 0.599340
v -0.172100 0.500000 0.554220
v -0.177480 0.493855 0.553145
v -0.175215 0.499380 0.553600
v -0.177240 0.497065 0.553195
v -0.158935 0.500000 0.510830
v -0.164010 0.493855 0.508730
v -0.161870 0.499380 0.509615
v -0.163780 0.497065 0.508825
v -0.137565 0.500000 0.470845
v -0.142130 0.493855 0.467795
v -0.140205 0.499380 0.469080
v -0.141925 0.497065 0.467935
v -0.108800 0.500000 0.435800
v -0.112685 0.493855 0.431915
v -0.111050 0.499380 0.433550
v -0.112510 0.497065 0.432090
v -0.073755 0.500000 0.407035
v -0.076805 0.493855 0.402470
v -0.075520 0.499380 0.404395
v -0.076665 0.497065 0.402675
v -0.033770 0.500000 0.385665
v -0.035870 0.493855 0.380590
v -0.034985 0.499380 0.382730
v -0.035775 0.497065 0.380820
v 0.009615 0.500000 0.372500
v 0.008545 0.493855 0.367120
v 0.009000 0.499380 0.369385
v 0.008595 0.497065 0.367360
v 0.054740 0.493860 0.375065
v 0.054740 0.499380 0.371385
v 0.054740 0.497070 0.374025
v 0.098490 0.493860 0.379375
v 0.098695 0.497070 0.378355
v 0.099210 0.499380 0.375765
v 0.140565 0.493860 0.392135
v 0.140960 0.497070 0.391175
v 0.141970 0.499380 0.388740
v 0.179335 0.493860 0.412860
v 0.179915 0.497070 0.411995
v 0.181380 0.499380 0.409805
v 0.213325 0.493860 0.440755
v 0.214060 0.497070 0.440020
v 0.215925 0.499380 0.438155
v 0.241215 0.493860 0.474740
v 0.242080 0.497070 0.474160
v 0.244270 0.499380 0.472695
v 0.261940 0.493860 0.513515
v 0.262900 0.497070 0.513115
v 0.265335 0.499380 0.512105
v 0.274700 0.493860 0.555585
v 0.275720 0.497070 0.555380
v 0.278310 0.499380 0.554865
v 0.279010 0.493860 0.599340
v 0.280050 0.497070 0.599340
v 0.282690 0.499380 0.599340
v 0.274700 0.493860 0.643090
v 0.275720 0.497070 0.643295
v 0.278310 0.499380 0.643810
v 0.261940 0.493860 0.685165
v 0.262900 0.497070 0.685560
v 0.265335 0.499380 0.686570
v 0.241215 0.493860 0.723940
v 0.242080 0.497070 0.724515
v 0.244270 0.499380 0.725980
v 0.213325 0.493860 0.757925
v 0.214060 0.497070 0.758660
v 0.215925 0.499380 0.760525
v 0.179335 0.493860 0.785815
v 0.179915 0.497070 0.786680
v 0.181380 0.499380 0.788870
v 0.140565 0.493860 0.806540
v 0.140960 0.497070 0.807500
v 0.141970 0.499380 0.809935
v 0.098490 0.493860 0.819300
v 0.098695 0.497070 0.820320
v 0.099210 0.499380 0.822910
v 0.054740 0.493860 0.823610
v 0.054740 0.497070 0.824650
v 0.054740 0.499380 0.827290
v 0.010985 0.493860 0.819300
v 0.010780 0.497070 0.820320
v 0.010265 0.499380 0.822910
v -0.031090 0.493860 0.806540
v -0.031485 0.497070 0.807500
v -0.032495 0.499380 0.809935
v -0.069860 0.493860 0.785815
v -0.070440 0.497070 0.786680
v -0.071905 0.499380 0.788870
v -0.103845 0.493860 0.757925
v -0.104585 0.497070 0.758660
v -0.106445 0.499380 0.760525
v -0.131740 0.493860 0.723940
v -0.132605 0.497070 0.724515
v -0.134795 0.499380 0.725980
v -0.152465 0.493860 0.685165
v -0.153425 0.497070 0.685560
v -0.155860 0.499380 0.686570
v -0.165225 0.493860 0.643090
v -0.166245 0.497070 0.643295
v -0.168835 0.499380 0.643810
v -0.169535 0.493860 0.599340
v -0.170575 0.497070 0.599340
v -0.173215 0.499380 0.599340
v -0.165225 0.493860 0.555585
v -0.166245 0.497070 0.555380
v -0.168835 0.499380 0.554865
v -0.152465 0.493860 0.513515
v -0.153425 0.497070 0.513115
v -0.155860 0.499380 0.512105
v -0.131740 0.493860 0.474740
v -0.132605 0.497070 0.474160
v -0.134795 0.499380 0.472695
v -0.103845 0.493860 0.440755
v -0.104585 0.497070 0.440020
v -0.106450 0.499380 0.438155
v -0.069860 0.493860 0.412860
v -0.070440 0.497070 0.411995
v -0.071905 0.499380 0.409805
v -0.031090 0.493860 0.392135
v -0.031485 0.497070 0.391175
v -0.032495 0.499380 0.388740
v 0.010985 0.493860 0.379375
v 0.010780 0.497070 0.378355
v 0.010265 0.499380 0.375765
vn -0.0750 -0.3047 0.9495
vn -0.1744 -0.2973 0.9387
vn -0.1553 -0.3691 0.9163
vn -0.0737 -0.3970 0.9148
vn -0.0000 -0.1034 0.9946
vn -0.0001 -0.1135 0.9935
vn 0.0810 -0.1129 0.9903
vn 0.0814 -0.1018 0.9915
vn 0.7586 -0.1018 0.6435
vn 0.7576 -0.1128 0.6429
vn 0.8060 -0.1134 0.5810
vn 0.8080 -0.0996 0.5808
vn 0.4014 -0.1753 0.8989
vn 0.0749 -0.1924 0.9784
vn 0.0817 -0.1986 0.9767
vn 0.4619 -0.2142 0.8607
vn -0.0000 -0.3107 0.9505
vn -0.0000 -0.4049 0.9143
vn -0.0811 -0.1018 0.9915
vn -0.0808 -0.1182 0.9897
vn 0.0007 -0.5065 0.8622
vn 0.0620 -0.4961 0.8660
vn 0.0764 -0.4033 0.9119
vn -0.0847 -0.1793 0.9801
vn -0.1697 -0.1804 0.9688
vn -0.1742 -0.2248 0.9587
vn -0.0863 -0.2337 0.9685
vn -0.0003 -0.2413 0.9705
vn -0.0664 -0.4904 0.8690
vn 0.1537 -0.3759 0.9138
vn 0.1738 -0.2963 0.9391
vn 0.0744 -0.3039 0.9498
vn 0.1592 -0.1132 0.9807
vn 0.1610 -0.0996 0.9819
vn 0.1685 -0.2604 0.9507
vn 0.0845 -0.2483 0.9650
vn -0.1603 -0.0996 0.9820
vn -0.1581 -0.1282 0.9791
vn -0.0000 -1.0000 -0.0000
vn -0.0150 -0.9830 0.1831
vn -0.0000 -0.9813 0.1927
vn -0.3652 -0.2949 0.8830
vn -0.1069 -0.2901 0.9510
vn -0.0960 -0.1118 0.9891
vn -0.3455 -0.1169 0.9311
vn 0.0733 -0.9809 0.1803
vn 0.0229 -0.9756 0.2182
vn 0.1402 -0.9745 0.1752
vn -0.0000 -0.1030 0.9947
vn 0.0805 -0.1017 0.9916
vn 0.1619 -0.1990 0.9665
vn 0.0816 -0.1866 0.9790
vn -0.0006 -0.1813 0.9834
vn 0.6184 -0.3046 0.7244
vn 0.5411 -0.2971 0.7868
vn 0.5403 -0.3627 0.7593
vn 0.5978 -0.3918 0.6993
vn -0.1231 -0.2191 0.9679
vn -0.3421 -0.1522 0.9273
vn -0.2799 -0.1876 0.9415
vn -0.0505 -0.2129 0.9758
vn 0.9915 -0.1018 -0.0814
vn 0.9903 -0.1131 -0.0810
vn 0.9807 -0.1132 -0.1592
vn 0.9819 -0.0996 -0.1610
vn 0.9266 -0.1508 0.3445
vn 0.8104 -0.1807 0.5572
vn 0.8145 -0.1810 0.5512
vn 0.9412 -0.1791 0.2866
vn 0.6722 -0.3105 0.6722
vn 0.6473 -0.4023 0.6475
vn 0.6437 -0.1018 0.7584
vn 0.6427 -0.1180 0.7570
vn 0.7025 -0.1135 0.7026
vn 0.7033 -0.1034 0.7033
vn 0.6132 -0.4981 0.6130
vn 0.6643 -0.4810 0.5722
vn 0.6993 -0.3943 0.5963
vn 0.6333 -0.1792 0.7529
vn 0.5648 -0.1806 0.8052
vn 0.5547 -0.2249 0.8011
vn 0.6238 -0.2339 0.7458
vn 0.6860 -0.2415 0.6864
vn 0.5710 -0.4788 0.6669
vn 0.7571 -0.3663 0.5410
vn 0.7863 -0.2958 0.5424
vn 0.7243 -0.3039 0.6189
vn 0.4142 -0.1169 0.9026
vn 0.6315 -0.1118 0.7673
vn 0.6634 -0.1269 0.7374
vn 0.4808 -0.1329 0.8667
vn 0.7912 -0.2605 0.5533
vn 0.7420 -0.2487 0.6226
vn 0.5813 -0.0996 0.8076
vn 0.5804 -0.1280 0.8042
vn -0.0301 -0.9973 -0.0676
vn 0.1375 -0.9783 0.1548
vn 0.1448 -0.9788 0.1451
vn -0.0704 -0.9973 -0.0229
vn -0.0736 -0.9973 -0.0077
vn 0.1801 -0.9836 -0.0000
vn 0.1701 -0.9853 -0.0136
vn -0.0435 -0.9973 -0.0598
vn -0.0550 -0.9973 -0.0495
vn 0.1537 -0.9858 0.0680
vn 0.1679 -0.9699 0.1762
vn 0.1449 -0.9817 0.1234
vn 0.7033 -0.1030 0.7033
vn 0.7579 -0.1019 0.6443
vn 0.6949 -0.1816 0.6958
vn 0.9495 -0.3047 0.0750
vn 0.9386 -0.2974 0.1746
vn 0.9164 -0.3685 0.1561
vn 0.9155 -0.3957 0.0733
vn 0.9665 -0.1990 -0.1619
vn 0.9791 -0.1863 -0.0816
vn 0.9649 -0.2486 -0.0845
vn 0.9507 -0.2604 -0.1685
vn 0.6346 -0.1863 -0.7500
vn 0.6958 -0.1814 -0.6949
vn 0.6864 -0.2414 -0.6860
vn 0.6226 -0.2486 -0.7420
vn 0.9009 -0.1462 -0.4086
vn 0.9669 -0.1783 -0.1827
vn 0.9662 -0.1774 -0.1868
vn 0.8704 -0.1724 -0.4612
vn 0.9505 -0.3107 -0.0000
vn 0.9167 -0.3996 0.0037
vn 0.9915 -0.1018 0.0811
vn 0.9897 -0.1182 0.0808
vn 0.9935 -0.1135 0.0001
vn 0.9946 -0.1034 -0.0000
vn 0.8615 -0.5077 0.0089
vn 0.8795 -0.4727 -0.0550
vn 0.9212 -0.3828 -0.0699
vn 0.9801 -0.1794 0.0847
vn 0.9689 -0.1804 0.1696
vn 0.9587 -0.2249 0.1741
vn 0.9685 -0.2338 0.0863
vn 0.9705 -0.2413 0.0003
vn 0.8678 -0.4928 0.0632
vn 0.9206 -0.3584 -0.1552
vn 0.9400 -0.2951 -0.1709
vn 0.9497 -0.3042 -0.0746
vn 0.9834 -0.1813 0.0006
vn 0.9820 -0.0996 0.1603
vn 0.9790 -0.1282 0.1584
vn -0.0736 -0.9973 0.0077
vn 0.1713 -0.9851 0.0133
vn -0.0435 -0.9973 0.0599
vn -0.0301 -0.9973 0.0676
vn 0.1443 -0.9789 -0.1446
vn 0.1389 -0.9780 -0.1553
vn -0.0704 -0.9973 0.0229
vn -0.0641 -0.9973 0.0370
vn 0.1509 -0.9863 -0.0665
vn 0.1959 -0.9805 -0.0132
vn -0.0641 -0.9973 -0.0370
vn 0.1958 -0.9805 0.0159
vn 0.9947 -0.1030 -0.0000
vn 0.9916 -0.1017 -0.0804
vn 0.7244 -0.3046 -0.6184
vn 0.7874 -0.2976 -0.5398
vn 0.7574 -0.3770 -0.5331
vn 0.6963 -0.4024 -0.5944
vn 0.5687 -0.1992 -0.7980
vn 0.5535 -0.2605 -0.7911
vn -0.0816 -0.1865 -0.9791
vn 0.0007 -0.1814 -0.9834
vn 0.0003 -0.2414 -0.9704
vn -0.0844 -0.2487 -0.9649
vn 0.3464 -0.1461 -0.9267
vn 0.5604 -0.1792 -0.8086
vn 0.5561 -0.1764 -0.8122
vn 0.2865 -0.1712 -0.9427
vn 0.6721 -0.3106 -0.6721
vn 0.6440 -0.4126 -0.6442
vn 0.7584 -0.1019 -0.6438
vn 0.7569 -0.1181 -0.6427
vn 0.7026 -0.1135 -0.7025
vn 0.7033 -0.1035 -0.7033
vn 0.5513 -0.6273 -0.5501
vn 0.5357 -0.5698 -0.6232
vn 0.5911 -0.4077 -0.6960
vn 0.7529 -0.1794 -0.6332
vn 0.8051 -0.1806 -0.5650
vn 0.8011 -0.2248 -0.5547
vn 0.7458 -0.2337 -0.6238
vn 0.6282 -0.5649 -0.5349
vn 0.5331 -0.3831 -0.7544
vn 0.5408 -0.2966 -0.7871
vn 0.6190 -0.3037 -0.7243
vn 0.7954 -0.2191 -0.5652
vn 0.7564 -0.2093 -0.6196
vn 0.8075 -0.0996 -0.5814
vn 0.8041 -0.1280 -0.5806
vn 0.1450 -0.9817 -0.1235
vn -0.0000 -0.9813 -0.1927
vn -0.0150 -0.9829 -0.1834
vn 0.0736 -0.9808 -0.1808
vn 0.1401 -0.9745 -0.1752
vn -0.0550 -0.9973 0.0495
vn 0.1692 -0.9689 -0.1805
vn 0.7034 -0.1030 -0.7033
vn 0.6436 -0.1018 -0.7586
vn 0.6443 -0.1018 -0.7580
vn 0.6429 -0.1127 -0.7576
vn 0.0750 -0.3047 -0.9495
vn 0.1740 -0.2971 -0.9388
vn 0.1360 -0.3433 -0.9293
vn 0.0826 -0.3937 -0.9155
vn 0.3452 -0.1169 -0.9312
vn 0.0957 -0.1118 -0.9891
vn 0.0614 -0.1248 -0.9903
vn 0.2735 -0.1271 -0.9534
vn -0.7500 -0.1863 -0.6346
vn -0.6949 -0.1813 -0.6959
vn -0.6860 -0.2414 -0.6864
vn -0.7420 -0.2485 -0.6226
vn -0.3825 -0.1092 -0.9175
vn -0.2683 -0.1627 -0.9495
vn -0.2633 -0.1613 -0.9511
vn -0.4334 -0.1387 -0.8905
vn -0.0000 -0.3106 -0.9505
vn -0.0003 -0.3905 -0.9206
vn 0.0811 -0.1018 -0.9915
vn 0.0808 -0.1180 -0.9897
vn 0.0001 -0.1135 -0.9935
vn -0.0000 -0.1034 -0.9946
vn 0.0009 -0.5630 -0.8265
vn -0.0692 -0.5044 -0.8607
vn -0.0851 -0.4021 -0.9116
vn 0.0847 -0.1796 -0.9801
vn 0.1696 -0.1807 -0.9688
vn 0.1743 -0.2250 -0.9586
vn 0.0863 -0.2339 -0.9684
vn 0.0712 -0.5020 -0.8619
vn -0.1358 -0.3492 -0.9271
vn -0.1730 -0.2961 -0.9394
vn -0.0745 -0.3039 -0.9498
vn 0.1556 -0.2188 -0.9633
vn 0.0876 -0.2080 -0.9742
vn -0.1679 -0.2606 -0.9507
vn 0.1603 -0.0996 -0.9820
vn 0.1581 -0.1283 -0.9791
vn 0.0150 -0.9829 -0.1834
vn 0.0301 -0.9973 0.0676
vn -0.1444 -0.9789 -0.1447
vn -0.1449 -0.9817 -0.1234
vn -0.0736 -0.9808 -0.1808
vn -0.0231 -0.9755 -0.2187
vn 0.0229 -0.9756 -0.2182
vn -0.0000 -0.1030 -0.9947
vn -0.0814 -0.1018 -0.9915
vn -0.0804 -0.1022 -0.9915
vn -0.0811 -0.1129 -0.9903
vn -0.6184 -0.3046 -0.7244
vn -0.5397 -0.2976 -0.7875
vn -0.5368 -0.3721 -0.7572
vn -0.5929 -0.4006 -0.6985
vn -0.7981 -0.1990 -0.5688
vn -0.7911 -0.2602 -0.5535
vn -0.9791 -0.1863 0.0815
vn -0.9834 -0.1814 -0.0006
vn -0.9704 -0.2416 -0.0003
vn -0.9649 -0.2487 0.0845
vn -0.9191 -0.1076 -0.3791
vn -0.8623 -0.1618 -0.4799
vn -0.8593 -0.1606 -0.4856
vn -0.9362 -0.1375 -0.3235
vn -0.6721 -0.3107 -0.6721
vn -0.6457 -0.4058 -0.6468
vn -0.6438 -0.1019 -0.7584
vn -0.6428 -0.1182 -0.7569
vn -0.7025 -0.1136 -0.7026
vn -0.7033 -0.1035 -0.7033
vn -0.6054 -0.5137 -0.6079
vn -0.6579 -0.4943 -0.5682
vn -0.6985 -0.3995 -0.5937
vn -0.6331 -0.1795 -0.7529
vn -0.5650 -0.1807 -0.8051
vn -0.5546 -0.2249 -0.8011
vn -0.6238 -0.2339 -0.7458
vn -0.5648 -0.4977 -0.6583
vn -0.7562 -0.3723 -0.5381
vn -0.7866 -0.2961 -0.5418
vn -0.7243 -0.3039 -0.6189
vn -0.4667 -0.2028 -0.8609
vn -0.5283 -0.1984 -0.8256
vn -0.5813 -0.0997 -0.8076
vn -0.5805 -0.1283 -0.8041
vn 0.0435 -0.9973 0.0599
vn -0.1389 -0.9781 -0.1553
vn 0.0736 -0.9973 0.0077
vn 0.0736 -0.9973 -0.0077
vn -0.1801 -0.9836 -0.0000
vn -0.1715 -0.9851 0.0133
vn 0.0550 -0.9973 0.0495
vn 0.0641 -0.9973 0.0370
vn -0.1507 -0.9863 -0.0664
vn -0.1691 -0.9689 -0.1806
vn -0.1406 -0.9744 -0.1755
vn -0.7033 -0.1031 -0.7033
vn -0.7586 -0.1019 -0.6435
vn -0.7580 -0.1019 -0.6443
vn -0.7576 -0.1127 -0.6429
vn -0.9463 -0.3134 -0.0793
vn -0.9292 -0.3251 -0.1756
vn -0.8941 -0.4079 -0.1849
vn -0.9074 -0.4113 -0.0867
vn -0.9311 -0.1169 -0.3454
vn -0.9891 -0.1118 -0.0960
vn -0.9898 -0.1218 -0.0737
vn -0.9538 -0.1194 -0.2757
vn -0.6347 -0.1862 0.7500
vn -0.6958 -0.1815 0.6949
vn -0.6864 -0.2414 0.6860
vn -0.6226 -0.2485 0.7420
vn -0.8941 -0.1680 0.4152
vn -0.9748 -0.1886 0.1190
vn -0.9723 -0.1961 0.1268
vn -0.8565 -0.2080 0.4724
vn -0.9505 -0.3106 -0.0000
vn -0.9076 -0.4197 0.0012
vn -0.9915 -0.1018 -0.0811
vn -0.9897 -0.1180 -0.0808
vn -0.9935 -0.1134 -0.0001
vn -0.9946 -0.1034 -0.0000
vn -0.8045 -0.5940 0.0026
vn -0.8285 -0.5572 0.0556
vn -0.9079 -0.4130 0.0718
vn -0.9801 -0.1796 -0.0847
vn -0.9688 -0.1806 -0.1696
vn -0.9583 -0.2244 -0.1771
vn -0.9686 -0.2334 -0.0862
vn -0.8356 -0.5424 -0.0876
vn -0.9064 -0.3908 0.1603
vn -0.9389 -0.2966 0.1749
vn -0.9499 -0.3037 0.0744
vn -0.9380 -0.2017 -0.2819
vn -0.9571 -0.1978 -0.2117
vn -0.9508 -0.2604 0.1679
vn -0.9820 -0.0996 -0.1603
vn -0.9790 -0.1282 -0.1585
vn 0.0704 -0.9973 -0.0229
vn -0.1703 -0.9853 -0.0136
vn 0.0301 -0.9973 -0.0676
vn -0.1447 -0.9788 0.1450
vn -0.1376 -0.9783 0.1547
vn 0.0641 -0.9973 -0.0370
vn 0.0550 -0.9973 -0.0495
vn -0.1535 -0.9858 0.0680
vn -0.1959 -0.9805 0.0160
vn 0.0704 -0.9973 0.0229
vn -0.1962 -0.9805 -0.0131
vn -0.9947 -0.1029 -0.0000
vn -0.9915 -0.1018 0.0814
vn -0.9915 -0.1021 0.0804
vn -0.9903 -0.1127 0.0812
vn -0.7244 -0.3045 0.6185
vn -0.7876 -0.2976 0.5395
vn -0.7570 -0.3726 0.5368
vn -0.6982 -0.4007 0.5933
vn -0.5689 -0.1990 0.7980
vn -0.5530 -0.2605 0.7914
vn 0.7500 -0.1865 0.6346
vn -0.5818 -0.1812 0.7929
vn -0.5813 -0.1848 0.7924
vn -0.6721 -0.3106 0.6721
vn -0.6466 -0.4066 0.6454
vn -0.7584 -0.1018 0.6438
vn -0.7569 -0.1181 0.6427
vn -0.7026 -0.1135 0.7025
vn -0.7033 -0.1035 0.7033
vn -0.6071 -0.5159 0.6043
vn -0.5674 -0.4993 0.6548
vn -0.5918 -0.4023 0.6985
vn -0.7529 -0.1793 0.6332
vn -0.8051 -0.1809 0.5648
vn -0.8011 -0.2250 0.5546
vn -0.7458 -0.2341 0.6237
vn -0.6584 -0.4994 0.5631
vn -0.5374 -0.3752 0.7553
vn -0.5413 -0.2963 0.7869
vn -0.6190 -0.3038 0.7243
vn -0.7498 -0.2253 0.6221
vn -0.7064 -0.2206 0.6726
vn -0.8076 -0.0995 0.5813
vn -0.8041 -0.1282 0.5805
vn -0.1450 -0.9817 0.1235
vn -0.5972 -0.2871 0.7489
vn -0.6021 -0.1132 0.7903
vn -0.0230 -0.9756 0.2183
vn -0.0734 -0.9808 0.1805
vn 0.0435 -0.9973 -0.0598
vn -0.1681 -0.9699 0.1764
vn -0.1402 -0.9745 0.1752
vn -0.6429 -0.1128 0.7576
vn -0.6435 -0.1015 0.7587
vn 0.8085 -0.0999 0.5800
vn 0.6489 -0.2260 0.7265
vn 0.6959 -0.2182 0.6841
vn 0.9817 -0.1000 -0.1619
vn 0.9625 -0.2205 0.1581
vn 0.9725 -0.2128 0.0948
vn -0.1922 -0.1807 -0.9646
vn -0.1951 -0.0208 -0.9806
vn -0.0000 -0.0209 -0.9998
vn -0.0000 -0.1806 -0.9836
vn 0.9873 -0.1589 -0.0001
vn 0.9684 -0.1586 0.1926
vn 0.9514 -0.2785 0.1318
vn 0.9054 -0.4246 0.0009
vn -0.1928 -0.1617 0.9678
vn -0.3779 -0.1625 0.9115
vn -0.3780 -0.1613 0.9116
vn -0.1444 -0.2530 0.9566
vn -0.9078 -0.1843 -0.3767
vn -0.8206 -0.1781 -0.5430
vn -0.7245 -0.3598 -0.5879
vn -0.9120 -0.1429 -0.3844
vn 0.6977 -0.1611 -0.6981
vn 0.8206 -0.1604 -0.5485
vn 0.7878 -0.2388 -0.5677
vn 0.6671 -0.3362 -0.6648
vn 0.5484 -0.1592 0.8209
vn 0.3776 -0.1597 0.9121
vn 0.3764 -0.1698 0.9107
vn 0.5732 -0.2651 0.7753
vn -0.9119 -0.1723 0.3724
vn -0.9650 -0.1740 0.1962
vn -0.9573 -0.2562 0.1341
vn -0.9169 -0.1451 0.3717
vn 0.1928 -0.1824 -0.9641
vn 0.1451 -0.2297 -0.9624
vn 0.0013 -0.4190 -0.9080
vn -0.1573 -0.2190 -0.9629
vn 0.9122 -0.1585 0.3779
vn 0.9108 -0.1644 0.3788
vn -0.5483 -0.1632 0.8202
vn -0.5715 -0.2463 0.7828
vn -0.6974 -0.1664 -0.6971
vn -0.6353 -0.4387 -0.6356
vn 0.9119 -0.1598 -0.3779
vn 0.9118 -0.1668 -0.3753
vn 0.1924 -0.1603 0.9681
vn 0.1508 -0.2478 0.9570
vn -0.9861 -0.1662 -0.0000
vn -0.9410 -0.3385 -0.0005
vn 0.3698 -0.1737 -0.9127
vn 0.3639 -0.1585 -0.9179
vn 0.8209 -0.1585 0.5486
vn 0.7767 -0.2617 0.5730
vn -0.6977 -0.1640 0.6974
vn -0.6540 -0.3819 0.6530
vn -0.5429 -0.1777 -0.8208
vn -0.5875 -0.3491 -0.7300
vn 0.9682 -0.1593 -0.1927
vn 0.9548 -0.2610 -0.1421
vn -0.0002 -0.1610 0.9870
vn -0.0006 -0.3794 0.9252
vn -0.9643 -0.1768 -0.1970
vn -0.9561 -0.2604 -0.1345
vn 0.5480 -0.1618 -0.8207
vn 0.5645 -0.2326 -0.7919
vn 0.6981 -0.1588 0.6982
vn 0.6471 -0.4015 0.6481
vn -0.8202 -0.1648 0.5478
vn -0.7785 -0.2523 0.5747
vn -0.3770 -0.1834 -0.9079
vn -0.3771 -0.1477 -0.9143
vn 0.7903 -0.1133 0.6021
vn 0.9313 -0.1169 0.3450
vn 0.9535 -0.1261 0.2739
vn 0.8183 -0.1373 0.5581
vn -0.9807 -0.1132 0.1593
vn -0.9819 -0.0996 0.1610
vn -0.7904 -0.1133 -0.6021
vn -0.8242 -0.1338 -0.5502
vn 0.7981 -0.1990 0.5687
vn 0.1331 -0.1133 0.9846
vn 0.1725 -0.1413 0.9748
vn -0.1597 -0.1132 -0.9806
vn -0.1610 -0.0996 -0.9819
vn 0.6020 -0.1133 -0.7904
vn 0.5597 -0.1379 -0.8172
vn -0.4143 -0.1169 -0.9026
vn -0.6316 -0.1119 -0.7672
vn -0.6476 -0.1214 -0.7523
vn -0.4794 -0.1194 -0.8694
vn -0.1331 -0.1133 -0.9846
vn -0.1939 -0.1337 -0.9719
vn -0.0582 -0.1254 0.9904
vn -0.2737 -0.1292 0.9531
vn -0.5620 -0.1391 0.8154
vn 0.9027 -0.1169 -0.4142
vn 0.7672 -0.1118 -0.6316
vn 0.7443 -0.1245 -0.6562
vn 0.8678 -0.1265 -0.4806
vn 0.9846 -0.1133 -0.1331
vn 0.9734 -0.1376 -0.1834
vn -0.9027 -0.1169 0.4142
vn -0.7673 -0.1118 0.6315
vn -0.7409 -0.1258 0.6598
vn -0.8670 -0.1297 0.4812
vn -0.9846 -0.1133 0.1331
vn -0.9741 -0.1394 0.1779
vn 0.9891 -0.1118 0.0960
vn 0.9902 -0.1244 0.0634
vn 0.3889 -0.0660 0.9189
vn 0.0976 -0.1743 0.9798
vn 0.6304 -0.1706 0.7573
vn 0.6403 -0.2356 0.7311
vn 0.3897 -0.0260 0.9206
vn 0.0743 -0.2277 0.9709
vn 0.3840 -0.0914 0.9188
vn 0.2278 -0.1503 0.9620
vn 0.5256 -0.1644 0.8347
vn 0.6219 -0.5293 0.5772
vn 0.5715 -0.5886 0.5719
vn 0.9767 -0.1751 0.1244
vn 0.9257 -0.0642 0.3729
vn 0.7853 -0.1788 0.5927
vn 0.9261 -0.0385 0.3753
vn 0.7358 -0.2316 0.6363
vn 0.9691 -0.2405 0.0555
vn 0.9643 -0.1703 0.2027
vn 0.9214 -0.0904 0.3780
vn 0.8359 -0.1539 0.5268
vn 0.8328 -0.5526 -0.0311
vn 0.5777 -0.5298 0.6210
vn 0.5805 -0.0996 -0.8081
vn 0.5799 -0.1000 -0.8085
vn 0.5806 -0.1132 -0.8063
vn -0.1619 -0.1004 -0.9817
vn -0.1621 -0.1992 -0.9664
vn -0.8083 -0.0996 -0.5803
vn -0.8085 -0.1001 -0.5799
vn -0.8061 -0.1131 -0.5809
vn -0.9817 -0.1003 0.1619
vn -0.9665 -0.1990 0.1618
vn -0.6443 -0.1019 0.7580
vn -0.5807 -0.0997 0.8080
vn -0.5797 -0.1000 0.8087
vn -0.5807 -0.1132 0.8062
vn 0.9171 -0.0761 -0.3914
vn 0.9751 -0.1796 -0.1297
vn 0.7733 -0.1782 -0.6085
vn 0.7316 -0.2401 -0.6380
vn 0.9207 -0.0305 -0.3891
vn 0.9711 -0.2275 -0.0721
vn 0.9192 -0.0804 -0.3856
vn 0.9642 -0.1582 -0.2129
vn 0.8357 -0.1542 -0.5272
vn 0.7854 -0.6189 0.0054
vn 0.8294 -0.5578 0.0308
vn 0.5889 -0.5387 -0.6024
vn 0.5541 -0.6202 -0.5553
vn 0.3727 -0.0735 -0.9250
vn 0.5982 -0.1735 -0.7824
vn 0.1185 -0.1704 -0.9782
vn 0.0839 -0.1986 -0.9765
vn 0.3751 -0.0267 -0.9266
vn 0.6314 -0.2330 -0.7396
vn 0.3677 -0.0604 -0.9280
vn 0.5112 -0.1353 -0.8488
vn 0.2181 -0.0771 -0.9729
vn 0.6048 -0.5299 -0.5945
vn -0.3846 -0.0527 -0.9216
vn -0.1812 -0.1756 -0.9676
vn -0.5640 -0.1729 -0.8075
vn -0.6341 -0.2403 -0.7349
vn -0.3899 -0.0328 -0.9203
vn -0.1000 -0.1887 -0.9769
vn -0.3874 -0.0393 -0.9211
vn -0.2297 -0.0688 -0.9708
vn -0.5316 -0.1006 -0.8410
vn 0.0020 -0.5227 -0.8525
vn -0.0085 -0.5448 -0.8385
vn -0.0030 -0.6472 -0.7623
vn -0.9229 -0.0546 -0.3812
vn -0.8094 -0.1742 -0.5608
vn -0.9710 -0.1715 -0.1663
vn -0.9661 -0.2471 -0.0752
vn -0.9263 -0.0380 -0.3748
vn -0.7449 -0.2330 -0.6252
vn -0.9232 -0.0421 -0.3821
vn -0.8389 -0.0985 -0.5352
vn -0.9688 -0.1120 -0.2213
vn -0.5986 -0.4952 -0.6296
vn -0.5458 -0.6335 -0.5484
vn -0.6273 -0.5018 -0.5955
vn -0.9157 -0.0618 0.3971
vn -0.9721 -0.1910 0.1362
vn -0.7681 -0.1712 0.6170
vn -0.7342 -0.2388 0.6356
vn -0.9155 -0.0305 0.4011
vn -0.9673 -0.2455 0.0641
vn -0.9202 -0.0536 0.3877
vn -0.9700 -0.0823 0.2289
vn -0.8333 -0.1495 0.5322
vn -0.8896 -0.4566 -0.0083
vn -0.8219 -0.5696 0.0020
vn -0.8751 -0.4839 -0.0068
vn -0.3712 -0.0731 0.9257
vn -0.6022 -0.1689 0.7802
vn -0.1139 -0.1672 0.9793
vn -0.0726 -0.2399 0.9681
vn -0.3750 -0.0330 0.9264
vn -0.6278 -0.2296 0.7437
vn -0.3785 -0.0833 0.9218
vn -0.5250 -0.1458 0.8385
vn -0.2142 -0.1599 0.9636
vn -0.6238 -0.5190 0.5844
vn -0.5804 -0.5733 0.5783
vn -0.5805 -0.5262 0.6214
vn -0.0287 -0.5207 0.8533
vn 0.0317 -0.5257 0.8501
vn 0.0002 -0.5709 0.8210
vn -0.0804 -0.1018 0.9916
vn 0.3653 -0.2951 0.8829
vn 0.5972 -0.2870 0.7489
vn -0.1616 -0.1001 0.9818
vn 0.1619 -0.0999 0.9817
vn 0.0150 -0.9830 0.1831
vn 0.6443 -0.1019 0.7580
vn 0.8689 -0.3345 0.3648
vn 0.9434 -0.3118 0.1129
vn 0.5800 -0.1001 0.8085
vn 0.9916 -0.1017 0.0805
vn 0.8671 -0.3401 -0.3639
vn 0.7625 -0.3056 -0.5703
vn 0.9818 -0.1001 0.1616
vn 0.7580 -0.1020 -0.6443
vn 0.3652 -0.2948 -0.8830
vn 0.1067 -0.2897 -0.9512
vn 0.8084 -0.1001 -0.5801
vn 0.0804 -0.1022 -0.9915
vn -0.3654 -0.2947 -0.8829
vn -0.5974 -0.2871 -0.7488
vn 0.1616 -0.1005 -0.9817
vn -0.6443 -0.1020 -0.7580
vn -0.8671 -0.3401 -0.3640
vn -0.9425 -0.3134 -0.1160
vn -0.5800 -0.1002 -0.8084
vn -0.9915 -0.1019 -0.0804
vn -0.8688 -0.3346 0.3651
vn -0.7620 -0.3023 0.5726
vn -0.9817 -0.1005 -0.1616
vn -0.7033 -0.1030 0.7034
vn -0.8084 -0.1001 0.5800
vn -0.7580 -0.1019 0.6443
vn 0.1069 -0.2899 0.9511
vn 0.7623 -0.3026 0.5721
vn 0.9425 -0.3134 -0.1160
vn 0.5973 -0.2871 -0.7489
vn -0.1069 -0.2899 -0.9511
vn -0.7625 -0.3055 -0.5703
vn -0.9434 -0.3118 0.1131
vn -0.0154 -0.9973 0.0724
vn -0.0000 -0.9973 0.0740
vn 0.0154 -0.9973 0.0724
vn -0.0481 -0.9930 0.1080
vn -0.0246 -0.9930 0.1157
vn 0.0300 -0.9995 0.0097
vn 0.0273 -0.9995 0.0157
vn 0.0120 -0.9999 0.0069
vn 0.0128 -0.9999 0.0042
vn 0.0548 -0.9983 0.0178
vn 0.0499 -0.9983 0.0288
vn 0.1125 -0.9930 0.0365
vn 0.1024 -0.9930 0.0591
vn -0.0313 -0.9995 -0.0033
vn -0.0300 -0.9995 -0.0097
vn -0.0128 -0.9999 -0.0042
vn -0.0134 -0.9999 -0.0014
vn -0.0569 -0.9984 -0.0060
vn -0.0544 -0.9984 -0.0178
vn -0.1176 -0.9930 -0.0124
vn -0.1125 -0.9930 -0.0365
vn -0.0065 -0.9995 -0.0308
vn -0.0000 -0.9995 -0.0315
vn -0.0000 -0.9999 -0.0135
vn -0.0028 -0.9999 -0.0135
vn -0.0118 -0.9984 -0.0560
vn -0.0000 -0.9983 -0.0576
vn -0.0246 -0.9930 -0.1157
vn -0.0000 -0.9930 -0.1183
vn -0.0154 -0.9973 -0.0724
vn -0.0000 -0.9973 -0.0740
vn -0.0079 -0.9999 -0.0109
vn -0.0055 -0.9999 -0.0123
vn -0.0120 -0.9999 -0.0069
vn -0.0100 -0.9999 -0.0090
vn 0.0100 -0.9999 -0.0090
vn 0.0120 -0.9999 -0.0069
vn 0.0128 -0.9999 -0.0042
vn 0.0134 -0.9999 -0.0014
vn 0.0100 -0.9999 0.0090
vn 0.0134 -0.9999 0.0014
vn 0.0055 -0.9999 -0.0123
vn 0.0079 -0.9999 -0.0109
vn 0.0055 -0.9999 0.0123
vn 0.0028 -0.9999 0.0132
vn -0.0117 -0.9999 0.0067
vn -0.0128 -0.9999 0.0042
vn -0.0000 -0.9999 0.0138
vn -0.0055 -0.9999 0.0123
vn -0.0079 -0.9999 0.0109
vn 0.0079 -0.9999 0.0109
vn 0.0028 -0.9999 -0.0135
vn -0.0100 -0.9999 0.0090
vn -0.0134 -0.9999 0.0014
vn -0.0028 -0.9999 0.0132
vn 0.0154 -0.9973 -0.0724
vn -0.0234 -0.9983 0.0526
vn -0.0118 -0.9984 0.0560
vn -0.0128 -0.9995 0.0288
vn -0.0065 -0.9995 0.0308
vn -0.1024 -0.9930 0.0591
vn -0.0879 -0.9930 0.0791
vn -0.0499 -0.9983 0.0288
vn -0.0428 -0.9983 0.0385
vn -0.0273 -0.9995 0.0157
vn -0.0234 -0.9995 0.0211
vn 0.0246 -0.9930 -0.1157
vn 0.0120 -0.9983 -0.0563
vn 0.0065 -0.9995 -0.0308
vn 0.0695 -0.9930 0.0957
vn 0.0879 -0.9930 0.0791
vn 0.0338 -0.9983 0.0466
vn 0.0428 -0.9983 0.0385
vn 0.0185 -0.9995 0.0255
vn 0.0234 -0.9995 0.0211
vn -0.1176 -0.9930 0.0124
vn -0.1125 -0.9930 0.0365
vn -0.0569 -0.9984 0.0060
vn -0.0544 -0.9984 0.0178
vn -0.0313 -0.9995 0.0033
vn -0.0300 -0.9995 0.0097
vn -0.1024 -0.9930 -0.0591
vn -0.0499 -0.9983 -0.0288
vn -0.0273 -0.9995 -0.0157
vn -0.0000 -0.9930 0.1183
vn -0.0000 -0.9983 0.0576
vn -0.0000 -0.9995 0.0315
vn -0.0695 -0.9930 0.0957
vn -0.0338 -0.9983 0.0466
vn -0.0185 -0.9995 0.0255
vn 0.0481 -0.9930 -0.1080
vn 0.0234 -0.9983 -0.0526
vn 0.0128 -0.9995 -0.0288
vn 0.0481 -0.9930 0.1080
vn 0.0234 -0.9983 0.0526
vn 0.0128 -0.9995 0.0288
vn 0.1176 -0.9930 0.0124
vn 0.1176 -0.9930 -0.0124
vn 0.0569 -0.9984 0.0060
vn 0.0569 -0.9984 -0.0060
vn 0.0313 -0.9995 0.0033
vn 0.0313 -0.9995 -0.0033
vn 0.0246 -0.9930 0.1157
vn 0.0120 -0.9983 0.0563
vn 0.0065 -0.9995 0.0308
vn -0.0695 -0.9930 -0.0957
vn -0.0879 -0.9930 -0.0791
vn -0.0338 -0.9983 -0.0466
vn -0.0428 -0.9983 -0.0385
vn -0.0185 -0.9995 -0.0255
vn -0.0234 -0.9995 -0.0211
vn 0.0879 -0.9930 -0.0791
vn 0.0695 -0.9930 -0.0957
vn 0.0428 -0.9983 -0.0385
vn 0.0338 -0.9983 -0.0466
vn 0.0234 -0.9995 -0.0211
vn 0.0185 -0.9995 -0.0255
vn 0.1125 -0.9930 -0.0365
vn 0.1024 -0.9930 -0.0591
vn 0.0543 -0.9984 -0.0178
vn 0.0499 -0.9983 -0.0288
vn 0.0300 -0.9995 -0.0097
vn 0.0273 -0.9995 -0.0157
vn -0.0481 -0.9930 -0.1080
vn -0.0234 -0.9983 -0.0526
vn -0.0128 -0.9995 -0.0288
vn -0.0000 -0.2823 0.9593
vn 0.0784 -0.2864 0.9549
vn 0.0542 -0.7451 0.6647
vn -0.0000 -0.7354 0.6776
vn 0.4373 -0.7142 0.5465
vn 0.2573 -0.7367 0.6254
vn -0.0785 -0.2864 0.9549
vn -0.0541 -0.7454 0.6644
vn 0.0754 -0.7187 0.6912
vn -0.0756 -0.7188 0.6911
vn 0.6800 -0.2743 0.6800
vn 0.7321 -0.2794 0.6212
vn 0.5158 -0.7358 0.4387
vn 0.4898 -0.7211 0.4900
vn 0.6605 -0.7482 0.0629
vn 0.5731 -0.7809 0.2485
vn 0.6169 -0.2446 0.7480
vn 0.4637 -0.7032 0.5391
vn 0.5209 -0.7047 0.4818
vn 0.9556 -0.2945 -0.0000
vn 0.9515 -0.2975 -0.0788
vn 0.6454 -0.7620 -0.0524
vn 0.6586 -0.7525 -0.0000
vn 0.5198 -0.7027 -0.4859
vn 0.5671 -0.7861 -0.2459
vn 0.9521 -0.2951 0.0800
vn 0.6481 -0.7597 0.0520
vn 0.6606 -0.7485 -0.0578
vn 0.6799 -0.2749 -0.6798
vn 0.6165 -0.2395 -0.7500
vn 0.4664 -0.6995 -0.5415
vn 0.4907 -0.7198 -0.4909
vn 0.0753 -0.7184 -0.6915
vn 0.2572 -0.7365 -0.6257
vn 0.7321 -0.2796 -0.6212
vn 0.5159 -0.7357 -0.4387
vn 0.4375 -0.7139 -0.5467
vn -0.0000 -0.2816 -0.9595
vn -0.0785 -0.2859 -0.9550
vn -0.0543 -0.7450 -0.6649
vn -0.0000 -0.7351 -0.6779
vn -0.4375 -0.7139 -0.5467
vn -0.2572 -0.7366 -0.6255
vn 0.0784 -0.2859 -0.9550
vn 0.0543 -0.7449 -0.6650
vn -0.0755 -0.7185 -0.6914
vn -0.6799 -0.2750 -0.6798
vn -0.7321 -0.2797 -0.6212
vn -0.5160 -0.7356 -0.4388
vn -0.4907 -0.7199 -0.4909
vn -0.6607 -0.7485 -0.0577
vn -0.5671 -0.7860 -0.2463
vn -0.6165 -0.2397 -0.7500
vn -0.4662 -0.6997 -0.5414
vn -0.5195 -0.7030 -0.4858
vn -0.9557 -0.2945 -0.0000
vn -0.9521 -0.2950 0.0800
vn -0.6481 -0.7598 0.0520
vn -0.6588 -0.7524 -0.0000
vn -0.5208 -0.7048 0.4817
vn -0.5729 -0.7810 0.2486
vn -0.9515 -0.2975 -0.0787
vn -0.6454 -0.7621 -0.0523
vn -0.6607 -0.7480 0.0629
vn -0.6169 -0.2444 0.7481
vn -0.4637 -0.7031 0.5391
vn -0.6800 -0.2743 0.6800
vn -0.4900 -0.7209 0.4902
vn -0.7321 -0.2797 0.6212
vn -0.5160 -0.7357 0.4388
vn -0.4374 -0.7140 0.5468
vn -0.2569 -0.7369 0.6253
vn -0.0829 -0.1536 0.9847
vn -0.0005 -0.1399 0.9902
vn 0.6911 -0.1632 0.7041
vn 0.5054 -0.1759 0.8448
vn 0.0816 -0.1402 0.9868
vn 0.1581 -0.1450 0.9767
vn -0.1604 -0.1801 0.9705
vn 0.6376 -0.1534 0.7549
vn 0.6998 -0.1401 0.7005
vn 0.9861 -0.1554 0.0594
vn 0.9581 -0.1509 0.2436
vn 0.5725 -0.1798 0.7999
vn 0.7554 -0.1400 0.6401
vn 0.9847 -0.1536 0.0829
vn 0.9902 -0.1399 0.0005
vn 0.9705 -0.1801 0.1604
vn 0.9868 -0.1401 -0.0816
vn 0.9767 -0.1449 -0.1581
vn 0.7549 -0.1535 -0.6376
vn 0.7005 -0.1398 -0.6998
vn -0.0815 -0.1401 -0.9868
vn -0.1585 -0.1449 -0.9767
vn 0.7997 -0.1798 -0.5729
vn 0.6401 -0.1401 -0.7554
vn 0.5788 -0.1448 -0.8025
vn 0.0829 -0.1535 -0.9847
vn 0.0005 -0.1399 -0.9902
vn 0.1604 -0.1798 -0.9705
vn -0.7554 -0.1400 -0.6401
vn -0.8026 -0.1449 -0.5786
vn -0.6377 -0.1536 -0.7548
vn -0.6998 -0.1398 -0.7005
vn -0.9868 -0.1401 0.0816
vn -0.9767 -0.1449 0.1584
vn -0.5728 -0.1801 -0.7997
vn -0.9847 -0.1535 -0.0829
vn -0.9902 -0.1399 -0.0004
vn -0.9705 -0.1798 -0.1604
vn -0.7549 -0.1535 0.6377
vn -0.7005 -0.1398 0.6999
vn -0.7997 -0.1800 0.5728
vn -0.6400 -0.1400 0.7555
vn -0.5787 -0.1449 0.8026
vn 0.8026 -0.1449 0.5787
vn 0.1485 -0.1968 0.9691
vn 0.8222 -0.1835 0.5387
vn -0.8453 -0.1644 0.5084
vn -0.7189 -0.1600 0.6765
vn -0.9573 -0.1311 -0.2576
vn -0.9829 -0.1479 -0.1098
vn 0.2417 -0.1556 -0.9578
vn 0.0496 -0.1570 -0.9864
vn -0.4946 -0.1310 -0.8592
vn -0.6176 -0.1481 -0.7724
vn -0.2403 -0.1621 0.9571
vn -0.0360 -0.1592 0.9866
vn 0.8493 -0.1528 -0.5053
vn 0.7367 -0.1560 -0.6580
vn 0.9630 -0.1847 -0.1964
vn 0.5460 -0.1859 -0.8169
vn -0.2381 -0.1732 -0.9557
vn -0.8441 -0.1735 -0.5074
vn -0.9661 -0.1906 0.1740
vn -0.5568 -0.1894 0.8087
vn -0.9998 -0.0206 -0.0000
vn -0.9806 -0.0208 -0.1951
vn 0.3826 -0.0206 -0.9237
vn 0.5554 -0.0206 -0.8313
vn 0.8313 -0.0206 0.5554
vn 0.7070 -0.0207 0.7070
vn -0.7070 -0.0206 0.7070
vn -0.8313 -0.0206 0.5554
vn -0.5555 -0.0204 -0.8313
vn -0.3826 -0.0205 -0.9237
vn 0.9806 -0.0205 -0.1950
vn 0.9998 -0.0208 -0.0000
vn -0.0000 -0.0207 0.9998
vn -0.1950 -0.0205 0.9806
vn -0.9237 -0.0209 -0.3826
vn 0.7070 -0.0206 -0.7070
vn 0.5554 -0.0206 0.8313
vn -0.9237 -0.0206 0.3826
vn 0.9806 -0.0205 0.1950
vn -0.3826 -0.0203 0.9237
vn -0.8313 -0.0204 -0.5555
vn 0.8313 -0.0204 -0.5555
vn 0.3826 -0.0204 0.9237
vn -0.9806 -0.0208 0.1951
vn 0.9237 -0.0204 0.3826
vn -0.5555 -0.0204 0.8313
vn -0.7070 -0.0205 -0.7070
vn 0.9237 -0.0207 -0.3826
vn 0.1950 -0.0208 0.9806
vn 0.1951 -0.0208 -0.9806
vn -0.1908 0.1500 0.9701
vn -0.3752 0.1447 0.9156
vn -0.3723 0.2216 0.9013
vn -0.1897 0.2226 0.9563
vn -0.9171 0.1066 -0.3842
vn -0.8230 0.1155 -0.5562
vn -0.8108 0.2182 -0.5432
vn -0.9013 0.2177 -0.3744
vn 0.9951 0.0985 -0.0000
vn 0.9754 0.1006 0.1962
vn 0.9574 0.2168 0.1909
vn 0.9763 0.2165 -0.0000
vn -0.6975 0.1258 -0.7054
vn -0.6889 0.2195 -0.6908
vn 0.9171 0.1066 0.3842
vn 0.9014 0.2175 0.3743
vn -0.5461 0.1360 -0.8266
vn -0.5408 0.2207 -0.8116
vn 0.8230 0.1154 0.5562
vn 0.8108 0.2183 0.5431
vn -0.3751 0.1445 -0.9157
vn -0.3723 0.2216 -0.9013
vn 0.6975 0.1258 0.7054
vn 0.6889 0.2199 0.6907
vn -0.1908 0.1501 -0.9701
vn -0.1897 0.2223 -0.9563
vn 0.5462 0.1359 0.8266
vn 0.5409 0.2208 0.8116
vn -0.0000 0.1614 0.9869
vn -0.1925 0.1614 0.9679
vn -0.1930 0.1466 0.9702
vn -0.0000 0.1466 0.9892
vn -0.0000 0.1521 -0.9884
vn -0.0000 0.2226 -0.9749
vn 0.3751 0.1444 0.9157
vn 0.3723 0.2216 0.9013
vn 0.1908 0.1501 -0.9701
vn 0.1897 0.2223 -0.9563
vn -0.5462 0.1359 0.8266
vn -0.6976 0.1258 0.7054
vn -0.6889 0.2196 0.6907
vn -0.5409 0.2207 0.8116
vn 0.1908 0.1500 0.9701
vn 0.1897 0.2226 0.9563
vn 0.3751 0.1445 -0.9157
vn 0.3723 0.2216 -0.9012
vn -0.8230 0.1154 0.5562
vn -0.8107 0.2185 0.5431
vn -0.0000 0.1520 0.9884
vn -0.0000 0.2226 0.9749
vn 0.5461 0.1360 -0.8266
vn 0.5408 0.2208 -0.8116
vn -0.9171 0.1066 0.3842
vn -0.9014 0.2175 0.3743
vn 0.6975 0.1258 -0.7055
vn 0.6889 0.2198 -0.6908
vn -0.9754 0.1006 0.1962
vn -0.9574 0.2168 0.1909
vn 0.8230 0.1155 -0.5562
vn 0.8107 0.2187 -0.5431
vn -0.9951 0.0985 -0.0000
vn -0.9763 0.2165 -0.0000
vn 0.9171 0.1066 -0.3842
vn 0.9014 0.2176 -0.3744
vn -0.9754 0.1006 -0.1962
vn -0.9574 0.2167 -0.1909
vn 0.9754 0.1006 -0.1962
vn 0.9574 0.2167 -0.1909
vn -0.5193 0.3282 -0.7891
vn -0.6599 0.3398 -0.6701
vn -0.6601 0.3455 -0.6670
vn -0.5204 0.3316 -0.7869
vn 0.7747 0.3514 0.5257
vn 0.8596 0.3610 0.3616
vn 0.8567 0.3708 0.3585
vn 0.7734 0.3593 0.5222
vn -0.3581 0.3182 -0.8778
vn -0.3594 0.3197 -0.8767
vn 0.6599 0.3399 0.6701
vn 0.6601 0.3456 0.6670
vn -0.1827 0.3114 -0.9325
vn -0.1835 0.3117 -0.9323
vn -0.0000 0.3091 0.9510
vn 0.1827 0.3115 0.9325
vn 0.1835 0.3118 0.9323
vn -0.0000 0.3090 0.9511
vn 0.5192 0.3282 0.7891
vn 0.5204 0.3316 0.7869
vn -0.0000 0.3091 -0.9510
vn -0.0000 0.3088 -0.9511
vn -0.5192 0.3282 0.7891
vn -0.3581 0.3182 0.8778
vn -0.3594 0.3198 0.8767
vn -0.5204 0.3316 0.7869
vn 0.3581 0.3182 0.8778
vn 0.3594 0.3198 0.8767
vn 0.1827 0.3115 -0.9325
vn 0.1835 0.3117 -0.9323
vn -0.6599 0.3398 0.6701
vn -0.6601 0.3455 0.6670
vn 0.3581 0.3182 -0.8778
vn 0.3594 0.3197 -0.8767
vn -0.7747 0.3514 0.5257
vn -0.7735 0.3593 0.5222
vn -0.3776 0.1614 0.9118
vn -0.3786 0.1466 0.9139
vn 0.5193 0.3282 -0.7891
vn 0.5204 0.3316 -0.7869
vn -0.8596 0.3610 0.3616
vn -0.8567 0.3708 0.3586
vn -0.1827 0.3115 0.9325
vn -0.1835 0.3118 0.9323
vn 0.6599 0.3399 -0.6701
vn 0.6601 0.3455 -0.6670
vn -0.9116 0.3674 0.1842
vn -0.9075 0.3785 0.1824
vn 0.7747 0.3514 -0.5257
vn 0.7734 0.3593 -0.5222
vn -0.9292 0.3696 -0.0000
vn -0.9245 0.3811 -0.0000
vn 0.8596 0.3610 -0.3616
vn 0.8567 0.3708 -0.3585
vn -0.9116 0.3674 -0.1842
vn -0.9075 0.3784 -0.1824
vn 0.9116 0.3674 -0.1842
vn 0.9075 0.3784 -0.1824
vn -0.8596 0.3611 -0.3616
vn -0.8567 0.3708 -0.3586
vn 0.9292 0.3697 -0.0000
vn 0.9245 0.3811 -0.0000
vn -0.7747 0.3514 -0.5257
vn -0.7735 0.3593 -0.5222
vn 0.9116 0.3674 0.1841
vn 0.9075 0.3784 0.1824
vn 0.5483 0.1613 -0.8206
vn 0.6978 0.1613 -0.6979
vn 0.6995 0.1466 -0.6994
vn 0.5496 0.1466 -0.8225
vn -0.9118 0.1614 0.3776
vn -0.9679 0.1613 0.1925
vn -0.9702 0.1466 0.1930
vn -0.9139 0.1466 0.3785
vn -0.5483 0.1614 0.8206
vn -0.5496 0.1466 0.8225
vn 0.8206 0.1613 -0.5483
vn 0.8225 0.1466 -0.5496
vn -0.9869 0.1613 -0.0000
vn -0.9892 0.1466 -0.0000
vn 0.9118 0.1613 -0.3776
vn 0.9139 0.1466 -0.3786
vn -0.9679 0.1613 -0.1925
vn -0.9702 0.1466 -0.1930
vn 0.9679 0.1614 -0.1925
vn 0.9702 0.1466 -0.1930
vn -0.9118 0.1613 -0.3776
vn -0.9139 0.1466 -0.3785
vn 0.9869 0.1614 -0.0000
vn 0.9892 0.1466 -0.0000
vn -0.8206 0.1613 -0.5483
vn -0.8225 0.1466 -0.5496
vn 0.9679 0.1614 0.1925
vn 0.9702 0.1466 0.1930
vn -0.6978 0.1613 -0.6978
vn -0.6995 0.1466 -0.6995
vn 0.9118 0.1614 0.3777
vn 0.9139 0.1466 0.3786
vn -0.5483 0.1613 -0.8206
vn -0.5496 0.1466 -0.8225
vn 0.8206 0.1613 0.5483
vn 0.8225 0.1466 0.5496
vn -0.3776 0.1614 -0.9118
vn -0.3785 0.1466 -0.9139
vn 0.6978 0.1613 0.6979
vn 0.6995 0.1466 0.6995
vn -0.1925 0.1614 -0.9679
vn -0.1930 0.1466 -0.9702
vn 0.5483 0.1614 0.8206
vn 0.5496 0.1466 0.8225
vn -0.0000 0.1614 -0.9869
vn -0.0000 0.1466 -0.9892
vn -0.0000 1.0000 -0.0000
vn -0.0000 0.9989 0.0467
vn 0.0091 0.9989 0.0458
vn 0.3777 0.1614 0.9118
vn 0.3786 0.1466 0.9139
vn 0.1925 0.1614 -0.9679
vn 0.1930 0.1466 -0.9702
vn -0.6978 0.1613 0.6978
vn -0.6994 0.1466 0.6995
vn 0.1925 0.1614 0.9679
vn 0.1930 0.1466 0.9702
vn 0.3777 0.1614 -0.9118
vn 0.3785 0.1466 -0.9139
vn -0.8206 0.1613 0.5483
vn -0.8225 0.1466 0.5496
vn -0.0000 0.3526 0.9358
vn -0.1825 0.3526 0.9178
vn -0.0000 0.6876 0.7261
vn -0.1416 0.6876 0.7121
vn -0.0000 0.9263 0.3767
vn -0.0735 0.9263 0.3694
vn -0.0000 0.9919 0.1271
vn -0.0248 0.9919 0.1247
vn -0.3581 0.3526 0.8645
vn -0.2778 0.6877 0.6708
vn -0.1442 0.9263 0.3480
vn -0.0486 0.9919 0.1174
vn -0.5199 0.3526 0.7781
vn -0.4034 0.6876 0.6037
vn -0.2093 0.9263 0.3132
vn -0.0706 0.9919 0.1057
vn -0.6617 0.3526 0.6617
vn -0.5134 0.6876 0.5134
vn -0.2663 0.9263 0.2663
vn -0.0899 0.9919 0.0899
vn -0.7781 0.3526 0.5199
vn -0.6037 0.6876 0.4033
vn -0.3132 0.9263 0.2092
vn -0.1057 0.9919 0.0706
vn -0.8645 0.3526 0.3581
vn -0.6708 0.6877 0.2778
vn -0.3480 0.9263 0.1441
vn -0.1174 0.9919 0.0486
vn -0.9178 0.3526 0.1826
vn -0.7121 0.6876 0.1417
vn -0.3694 0.9263 0.0735
vn -0.1247 0.9919 0.0248
vn -0.9358 0.3526 -0.0000
vn -0.7260 0.6877 -0.0000
vn -0.3767 0.9264 -0.0000
vn -0.1271 0.9919 -0.0000
vn -0.9178 0.3526 -0.1826
vn -0.7121 0.6877 -0.1417
vn -0.3694 0.9263 -0.0735
vn -0.1247 0.9919 -0.0248
vn -0.8645 0.3526 -0.3581
vn -0.6708 0.6877 -0.2778
vn -0.3480 0.9263 -0.1442
vn -0.1174 0.9919 -0.0486
vn -0.7781 0.3526 -0.5199
vn -0.6037 0.6877 -0.4033
vn -0.3132 0.9263 -0.2093
vn -0.1057 0.9919 -0.0706
vn -0.6617 0.3526 -0.6617
vn -0.5134 0.6877 -0.5134
vn -0.2664 0.9263 -0.2664
vn -0.0899 0.9919 -0.0899
vn -0.5199 0.3526 -0.7781
vn -0.4034 0.6877 -0.6037
vn -0.2093 0.9263 -0.3132
vn -0.0706 0.9919 -0.1057
vn -0.3581 0.3526 -0.8645
vn -0.2778 0.6876 -0.6708
vn -0.1441 0.9263 -0.3480
vn -0.0487 0.9919 -0.1174
vn -0.1826 0.3526 -0.9178
vn -0.1417 0.6876 -0.7121
vn -0.0735 0.9263 -0.3694
vn -0.0248 0.9919 -0.1247
vn -0.0000 0.3526 -0.9358
vn -0.0000 0.6877 -0.7260
vn -0.0000 0.9263 -0.3767
vn -0.0000 0.9919 -0.1271
vn 0.1826 0.3526 -0.9178
vn 0.1417 0.6876 -0.7121
vn 0.0735 0.9263 -0.3694
vn 0.0248 0.9919 -0.1247
vn 0.3581 0.3526 -0.8645
vn 0.2778 0.6876 -0.6708
vn 0.1441 0.9264 -0.3480
vn 0.0487 0.9919 -0.1175
vn 0.5199 0.3526 -0.7781
vn 0.4034 0.6876 -0.6037
vn 0.2093 0.9263 -0.3132
vn 0.0706 0.9919 -0.1057
vn 0.6617 0.3526 -0.6617
vn 0.5134 0.6877 -0.5134
vn 0.2663 0.9263 -0.2663
vn 0.0899 0.9919 -0.0899
vn 0.7781 0.3526 -0.5199
vn 0.6037 0.6877 -0.4033
vn 0.3132 0.9263 -0.2093
vn 0.1057 0.9919 -0.0706
vn 0.8645 0.3526 -0.3581
vn 0.6708 0.6877 -0.2778
vn 0.3480 0.9263 -0.1442
vn 0.1174 0.9919 -0.0486
vn 0.9178 0.3526 -0.1825
vn 0.7121 0.6876 -0.1416
vn 0.3694 0.9263 -0.0735
vn 0.1247 0.9919 -0.0248
vn 0.9358 0.3526 -0.0000
vn 0.7261 0.6876 -0.0000
vn 0.3767 0.9263 -0.0000
vn 0.1271 0.9919 -0.0000
vn 0.9178 0.3526 0.1825
vn 0.7121 0.6876 0.1416
vn 0.3694 0.9263 0.0735
vn 0.1247 0.9919 0.0248
vn 0.8645 0.3526 0.3581
vn 0.6708 0.6877 0.2778
vn 0.3480 0.9263 0.1441
vn 0.1174 0.9919 0.0486
vn 0.7781 0.3526 0.5199
vn 0.6037 0.6877 0.4033
vn 0.3132 0.9263 0.2093
vn 0.1057 0.9919 0.0706
vn 0.6617 0.3526 0.6617
vn 0.5134 0.6876 0.5134
vn 0.2663 0.9264 0.2663
vn 0.0899 0.9919 0.0899
vn 0.5199 0.3526 0.7781
vn 0.4034 0.6876 0.6037
vn 0.2093 0.9263 0.3132
vn 0.0706 0.9919 0.1057
vn 0.3581 0.3526 0.8645
vn 0.2779 0.6876 0.6708
vn 0.1441 0.9263 0.3480
vn 0.0486 0.9919 0.1175
vn 0.1825 0.3526 0.9178
vn 0.1416 0.6876 0.7121
vn 0.0735 0.9263 0.3694
vn 0.0248 0.9919 0.1247
vn -0.0000 0.9980 0.0632
vn -0.0123 0.9980 0.0620
vn -0.0242 0.9980 0.0584
vn -0.0351 0.9980 0.0525
vn -0.0447 0.9980 0.0447
vn -0.0525 0.9980 0.0351
vn -0.0584 0.9980 0.0242
vn -0.0620 0.9980 0.0123
vn -0.0632 0.9980 -0.0000
vn -0.0620 0.9980 -0.0123
vn -0.0584 0.9980 -0.0242
vn -0.0525 0.9980 -0.0351
vn -0.0447 0.9980 -0.0447
vn -0.0351 0.9980 -0.0525
vn -0.0242 0.9980 -0.0584
vn -0.0123 0.9980 -0.0620
vn -0.0000 0.9980 -0.0632
vn 0.0123 0.9980 -0.0620
vn 0.0242 0.9980 -0.0584
vn 0.0351 0.9980 -0.0525
vn 0.0447 0.9980 -0.0447
vn 0.0525 0.9980 -0.0351
vn 0.0584 0.9980 -0.0242
vn 0.0620 0.9980 -0.0123
vn 0.0632 0.9980 -0.0000
vn 0.0620 0.9980 0.0123
vn 0.0584 0.9980 0.0242
vn 0.0525 0.9980 0.0351
vn 0.0447 0.9980 0.0447
vn 0.0351 0.9980 0.0525
vn 0.0242 0.9980 0.0584
vn 0.0123 0.9980 0.0620
vn 0.0177 0.9989 0.0428
vn 0.0259 0.9989 0.0388
vn 0.0330 0.9989 0.0330
vn 0.0388 0.9989 0.0259
vn 0.0428 0.9989 0.0177
vn 0.0458 0.9989 0.0091
vn 0.0467 0.9989 -0.0000
vn 0.0458 0.9989 -0.0091
vn 0.0428 0.9989 -0.0177
vn 0.0388 0.9989 -0.0259
vn 0.0330 0.9989 -0.0330
vn 0.0259 0.9989 -0.0388
vn 0.0179 0.9989 -0.0431
vn 0.0091 0.9989 -0.0458
vn -0.0000 0.9989 -0.0467
vn -0.0091 0.9989 -0.0458
vn -0.0179 0.9989 -0.0431
vn -0.0259 0.9989 -0.0388
vn -0.0330 0.9989 -0.0330
vn -0.0388 0.9989 -0.0259
vn -0.0431 0.9989 -0.0179
vn -0.0458 0.9989 -0.0091
vn -0.0467 0.9989 -0.0000
vn -0.0458 0.9989 0.0091
vn -0.0431 0.9989 0.0178
vn -0.0388 0.9989 0.0259
vn -0.0330 0.9989 0.0330
vn -0.0259 0.9989 0.0388
vn -0.0177 0.9989 0.0428
vn -0.0091 0.9989 0.0458
vn -0.0000 0.2023 0.9793
vn -0.1886 0.1997 0.9615
vn -0.0000 0.2639 0.9646
vn -0.1853 0.2639 0.9466
vn -0.3711 0.1925 0.9084
vn -0.3640 0.2640 0.8932
vn -0.5411 0.1816 0.8211
vn -0.5298 0.2640 0.8060
vn -0.6922 0.1685 0.7018
vn -0.6765 0.2639 0.6876
vn -0.8178 0.1556 0.5541
vn -0.7980 0.2638 0.5419
vn -0.9124 0.1441 0.3832
vn -0.8890 0.2638 0.3742
vn -0.9711 0.1366 0.1958
vn -0.9455 0.2636 0.1911
vn -0.9910 0.1339 -0.0000
vn -0.9646 0.2636 -0.0000
vn -0.9711 0.1366 -0.1959
vn -0.9455 0.2637 -0.1911
vn -0.9124 0.1441 -0.3832
vn -0.8890 0.2638 -0.3743
vn -0.8178 0.1553 -0.5541
vn -0.7979 0.2639 -0.5419
vn -0.6922 0.1685 -0.7018
vn -0.6765 0.2639 -0.6875
vn -0.5411 0.1816 -0.8211
vn -0.5298 0.2640 -0.8060
vn -0.3711 0.1926 -0.9084
vn -0.3640 0.2639 -0.8932
vn -0.1886 0.1999 -0.9615
vn -0.1853 0.2639 -0.9466
vn -0.0000 0.2024 -0.9793
vn -0.0000 0.2639 -0.9646
vn 0.1886 0.1999 -0.9615
vn 0.1853 0.2639 -0.9466
vn 0.3711 0.1926 -0.9084
vn 0.3640 0.2639 -0.8932
vn 0.5411 0.1816 -0.8211
vn 0.5298 0.2639 -0.8060
vn 0.6921 0.1685 -0.7018
vn 0.6765 0.2640 -0.6875
vn 0.8178 0.1554 -0.5541
vn 0.7979 0.2639 -0.5419
vn 0.9124 0.1441 -0.3832
vn 0.8890 0.2638 -0.3742
vn 0.9711 0.1366 -0.1959
vn 0.9455 0.2638 -0.1911
vn 0.9910 0.1339 -0.0000
vn 0.9646 0.2637 -0.0000
vn 0.9711 0.1366 0.1958
vn 0.9455 0.2637 0.1911
vn 0.9124 0.1441 0.3832
vn 0.8890 0.2638 0.3742
vn 0.8178 0.1553 0.5541
vn 0.7980 0.2639 0.5419
vn 0.6921 0.1685 0.7018
vn 0.6765 0.2639 0.6876
vn 0.5411 0.1816 0.8211
vn 0.5298 0.2639 0.8060
vn 0.3711 0.1925 0.9084
vn 0.3640 0.2640 0.8932
vn 0.1886 0.1997 0.9615
vn 0.1853 0.2639 0.9466
vn -0.0000 0.2620 0.9651
vn -0.1873 0.2636 0.9463
vn -0.0000 0.1969 0.9804
vn -0.1910 0.1973 0.9615
vn -0.3671 0.2683 0.8906
vn -0.3746 0.1985 0.9057
vn -0.5323 0.2753 0.8006
vn -0.5438 0.2003 0.8150
vn -0.6764 0.2835 0.6798
vn -0.6920 0.2023 0.6930
vn -0.7941 0.2917 0.5332
vn -0.8136 0.2042 0.5443
vn -0.8811 0.2986 0.3668
vn -0.9039 0.2060 0.3749
vn -0.9345 0.3032 0.1868
vn -0.9595 0.2072 0.1911
vn -0.9524 0.3048 -0.0000
vn -0.9782 0.2076 -0.0000
vn -0.9344 0.3032 -0.1868
vn -0.9595 0.2072 -0.1911
vn -0.8811 0.2986 -0.3668
vn -0.9039 0.2060 -0.3749
vn -0.7941 0.2916 -0.5332
vn -0.8136 0.2043 -0.5443
vn -0.6764 0.2835 -0.6798
vn -0.6920 0.2023 -0.6929
vn -0.5323 0.2753 -0.8006
vn -0.5438 0.2002 -0.8150
vn -0.3671 0.2683 -0.8907
vn -0.3746 0.1986 -0.9057
vn -0.1873 0.2636 -0.9463
vn -0.1910 0.1975 -0.9615
vn -0.0000 0.2619 -0.9651
vn -0.0000 0.1971 -0.9804
vn 0.1873 0.2636 -0.9463
vn 0.1910 0.1975 -0.9615
vn 0.3671 0.2683 -0.8907
vn 0.3746 0.1986 -0.9057
vn 0.5323 0.2753 -0.8005
vn 0.5438 0.2002 -0.8150
vn 0.6764 0.2835 -0.6798
vn 0.6921 0.2022 -0.6929
vn 0.7941 0.2917 -0.5333
vn 0.8136 0.2043 -0.5443
vn 0.8811 0.2986 -0.3668
vn 0.9039 0.2060 -0.3749
vn 0.9345 0.3031 -0.1868
vn 0.9595 0.2071 -0.1911
vn 0.9524 0.3047 -0.0000
vn 0.9782 0.2075 -0.0000
vn 0.9345 0.3031 0.1868
vn 0.9595 0.2071 0.1911
vn 0.8811 0.2986 0.3668
vn 0.9039 0.2060 0.3749
vn 0.7941 0.2917 0.5332
vn 0.8136 0.2042 0.5443
vn 0.6764 0.2835 0.6798
vn 0.6921 0.2022 0.6929
vn 0.5323 0.2753 0.8006
vn 0.5438 0.2002 0.8150
vn 0.3671 0.2683 0.8906
vn 0.3746 0.1985 0.9057
vn 0.1873 0.2636 0.9463
vn 0.1910 0.1973 0.9616
vn -0.0000 0.3851 -0.9229
vn 0.1800 0.3847 -0.9053
vn -0.0000 0.8605 -0.5095
vn 0.0994 0.8605 -0.4997
vn -0.0000 0.9999 -0.0159
vn 0.0031 0.9999 -0.0157
vn 0.3532 0.3850 -0.8527
vn 0.1949 0.8605 -0.4706
vn 0.0061 0.9999 -0.0148
vn 0.5127 0.3850 -0.7674
vn 0.2829 0.8606 -0.4235
vn 0.0089 0.9999 -0.0133
vn 0.6526 0.3849 -0.6526
vn 0.3602 0.8605 -0.3602
vn 0.0113 0.9999 -0.0113
vn 0.7674 0.3849 -0.5127
vn 0.4235 0.8606 -0.2829
vn 0.0137 0.9999 -0.0091
vn 0.8527 0.3850 -0.3532
vn 0.4709 0.8604 -0.1950
vn 0.0149 0.9999 -0.0062
vn 0.9051 0.3851 -0.1801
vn 0.4998 0.8604 -0.0994
vn 0.0157 0.9999 -0.0031
vn 0.9228 0.3852 -0.0000
vn 0.5096 0.8604 -0.0000
vn 0.0161 0.9999 -0.0000
vn 0.9052 0.3851 0.1800
vn 0.4999 0.8604 0.0995
vn 0.0158 0.9999 0.0031
vn 0.8527 0.3849 0.3532
vn 0.4706 0.8606 0.1950
vn 0.0149 0.9999 0.0062
vn 0.7674 0.3849 0.5128
vn 0.4236 0.8605 0.2830
vn 0.0137 0.9999 0.0091
vn 0.6526 0.3849 0.6526
vn 0.3602 0.8605 0.3602
vn 0.0114 0.9999 0.0114
vn 0.5128 0.3849 0.7674
vn 0.2830 0.8605 0.4236
vn 0.0089 0.9999 0.0134
vn 0.3532 0.3849 0.8527
vn 0.1950 0.8604 0.4708
vn 0.0062 0.9999 0.0149
vn 0.1800 0.3851 0.9052
vn 0.0995 0.8604 0.4999
vn 0.0031 0.9999 0.0158
vn -0.0000 0.3852 0.9228
vn -0.0000 0.8604 0.5096
vn -0.0000 0.9999 0.0161
vn -0.1801 0.3851 0.9051
vn -0.0994 0.8604 0.4999
vn -0.0031 0.9999 0.0158
vn -0.3532 0.3850 0.8527
vn -0.1950 0.8606 0.4705
vn -0.0062 0.9999 0.0149
vn -0.5127 0.3849 0.7674
vn -0.2831 0.8604 0.4237
vn -0.0089 0.9999 0.0134
vn -0.6526 0.3849 0.6526
vn -0.3602 0.8605 0.3602
vn -0.0113 0.9999 0.0113
vn -0.7674 0.3850 0.5127
vn -0.4237 0.8604 0.2831
vn -0.0137 0.9999 0.0091
vn -0.8527 0.3850 0.3532
vn -0.4706 0.8606 0.1949
vn -0.0148 0.9999 0.0061
vn -0.9052 0.3850 0.1801
vn -0.4997 0.8605 0.0994
vn -0.0157 0.9999 0.0031
vn -0.9229 0.3849 -0.0000
vn -0.5095 0.8605 -0.0000
vn -0.0163 0.9999 -0.0000
vn -0.9053 0.3847 -0.1801
vn -0.4997 0.8605 -0.0994
vn -0.0160 0.9999 -0.0032
vn -0.8527 0.3850 -0.3532
vn -0.4706 0.8605 -0.1949
vn -0.0148 0.9999 -0.0061
vn -0.7674 0.3851 -0.5127
vn -0.4236 0.8605 -0.2830
vn -0.0136 0.9999 -0.0091
vn -0.6526 0.3850 -0.6526
vn -0.3602 0.8605 -0.3602
vn -0.0113 0.9999 -0.0113
vn -0.5127 0.3851 -0.7674
vn -0.2830 0.8605 -0.4236
vn -0.0089 0.9999 -0.0133
vn -0.3532 0.3850 -0.8527
vn -0.1949 0.8605 -0.4706
vn -0.0061 0.9999 -0.0148
vn -0.1801 0.3850 -0.9052
vn -0.0994 0.8605 -0.4997
vn -0.0032 0.9999 -0.0160
vn -0.0000 0.9060 0.4232
vn -0.0825 0.9062 0.4147
vn -0.0000 0.5580 0.8298
vn -0.1619 0.5579 0.8139
vn -0.1619 0.9061 0.3908
vn -0.3176 0.5577 0.7669
vn -0.2350 0.9061 0.3518
vn -0.4612 0.5577 0.6902
vn -0.2991 0.9061 0.2991
vn -0.5869 0.5577 0.5869
vn -0.3517 0.9061 0.2350
vn -0.6901 0.5577 0.4611
vn -0.3907 0.9062 0.1619
vn -0.7668 0.5578 0.3176
vn -0.4146 0.9062 0.0825
vn -0.8141 0.5577 0.1619
vn -0.4231 0.9061 -0.0000
vn -0.8298 0.5580 -0.0000
vn -0.4146 0.9062 -0.0825
vn -0.8139 0.5579 -0.1619
vn -0.3907 0.9062 -0.1619
vn -0.7669 0.5576 -0.3176
vn -0.3517 0.9061 -0.2350
vn -0.6901 0.5578 -0.4611
vn -0.2991 0.9061 -0.2991
vn -0.5869 0.5577 -0.5870
vn -0.2350 0.9061 -0.3517
vn -0.4611 0.5580 -0.6900
vn -0.1619 0.9062 -0.3907
vn -0.3176 0.5577 -0.7669
vn -0.0825 0.9061 -0.4150
vn -0.1619 0.5579 -0.8139
vn -0.0000 0.9061 -0.4231
vn -0.0000 0.5580 -0.8298
vn 0.0825 0.9062 -0.4146
vn 0.1619 0.5579 -0.8139
vn 0.1619 0.9062 -0.3907
vn 0.3176 0.5577 -0.7669
vn 0.2351 0.9061 -0.3518
vn 0.4611 0.5577 -0.6902
vn 0.2992 0.9061 -0.2992
vn 0.5870 0.5577 -0.5869
vn 0.3518 0.9061 -0.2351
vn 0.6903 0.5575 -0.4612
vn 0.3908 0.9061 -0.1619
vn 0.7669 0.5576 -0.3176
vn 0.4147 0.9062 -0.0825
vn 0.8139 0.5579 -0.1619
vn 0.4228 0.9062 -0.0000
vn 0.8298 0.5580 -0.0000
vn 0.4150 0.9061 0.0825
vn 0.8139 0.5580 0.1619
vn 0.3908 0.9061 0.1619
vn 0.7668 0.5578 0.3176
vn 0.3518 0.9061 0.2351
vn 0.6901 0.5578 0.4611
vn 0.2992 0.9061 0.2991
vn 0.5868 0.5579 0.5868
vn 0.2351 0.9061 0.3518
vn 0.4611 0.5578 0.6901
vn 0.1619 0.9061 0.3908
vn 0.3176 0.5577 0.7669
vn 0.0825 0.9062 0.4147
vn 0.1619 0.5579 0.8139
vt 0.000000 0.000000
vt 1.000000 0.000000
vt 1.000000 1.000000
vt 0.000000 1.000000
vt 0.882535 0.605178
vt 0.908776 0.459061
vt 0.941661 0.463885
vt 0.911112 0.609309
vt 0.790342 0.592712
vt 0.803740 0.446718
vt 0.836296 0.446862
vt 0.819212 0.594410
vt 0.853467 0.600382
vt 0.875478 0.453655
vt 0.892143 0.456328
vt 0.868001 0.602780
vt 0.893953 0.445091
vt 0.877031 0.442401
vt 0.878695 0.434776
vt 0.895172 0.437382
vt 0.825074 0.595091
vt 0.841821 0.447403
vt 0.844002 0.436118
vt 0.847648 0.426734
vt 0.867067 0.608440
vt 0.881486 0.610820
vt 0.893470 0.448116
vt 0.876641 0.445428
vt 0.761071 0.590328
vt 0.771042 0.444043
vt 0.787381 0.445623
vt 0.775702 0.591536
vt 0.788270 0.434768
vt 0.772082 0.433153
vt 0.773385 0.425907
vt 0.788875 0.427452
vt 0.825765 0.412432
vt 0.834421 0.425739
vt 0.804391 0.428466
vt 0.806674 0.412027
vt 0.836991 0.435575
vt 0.804494 0.435830
vt 0.732348 0.587292
vt 0.738110 0.438670
vt 0.739978 0.427567
vt 0.743785 0.418566
vt 0.775236 0.597238
vt 0.789769 0.598419
vt 0.656331 0.646102
vt 0.660138 0.646100
vt 0.660138 0.655877
vt 0.656331 0.655798
vt 0.909910 0.615025
vt 0.818494 0.600217
vt 0.792549 0.379417
vt 0.816243 0.380662
vt 0.815935 0.397672
vt 0.791755 0.392549
vt 0.697195 0.359393
vt 0.721377 0.366998
vt 0.717040 0.384297
vt 0.693437 0.371749
vt 0.917984 0.363715
vt 0.944677 0.352993
vt 0.952750 0.372272
vt 0.924709 0.382551
vt 0.840646 0.380340
vt 0.841566 0.398060
vt 0.745282 0.373033
vt 0.742130 0.390176
vt 0.972255 0.339821
vt 0.980733 0.359749
vt 0.865772 0.377787
vt 0.868337 0.396142
vt 0.768938 0.377246
vt 0.767088 0.393801
vt 0.891569 0.371884
vt 0.895392 0.386148
vt 0.672277 0.350994
vt 0.667083 0.369071
vt 0.823474 0.594905
vt 0.822142 0.594749
vt 0.839061 0.447013
vt 0.840229 0.447110
vt 0.820813 0.594594
vt 0.837900 0.446916
vt 0.963063 0.401036
vt 0.968290 0.399905
vt 0.968648 0.411280
vt 0.966790 0.411884
vt 0.957353 0.403308
vt 0.964670 0.412679
vt 0.942186 0.392420
vt 0.957620 0.386798
vt 0.972912 0.381519
vt 0.939832 0.385177
vt 0.955146 0.379608
vt 0.916825 0.389071
vt 0.896793 0.392748
vt 0.835869 0.425100
vt 0.841117 0.424719
vt 0.840369 0.435669
vt 0.838601 0.435505
vt 0.846196 0.425954
vt 0.842407 0.435804
vt 0.841493 0.411374
vt 0.856509 0.411299
vt 0.826836 0.411276
vt 0.827262 0.404563
vt 0.841485 0.404609
vt 0.856057 0.404131
vt 0.807220 0.400938
vt 0.876569 0.398273
vt 0.660519 0.675028
vt 0.656647 0.674860
vt 0.737726 0.417088
vt 0.742446 0.417729
vt 0.738408 0.427239
vt 0.736246 0.427053
vt 0.732149 0.416062
vt 0.734588 0.426856
vt 0.724894 0.400208
vt 0.739506 0.402920
vt 0.753499 0.405209
vt 0.740642 0.396323
vt 0.755112 0.398721
vt 0.726003 0.393373
vt 0.774942 0.397276
vt 0.706495 0.383415
vt 0.691279 0.377274
vt 0.651341 0.378250
vt 0.652686 0.371770
vt 0.674241 0.373619
vt 0.852648 0.606062
vt 0.760706 0.596048
vt 0.732102 0.593138
vt 0.656331 0.636402
vt 0.660138 0.636325
vt 0.656650 0.617343
vt 0.660526 0.617174
vt 0.822605 0.602213
vt 0.821286 0.602058
vt 0.876066 0.449506
vt 0.892816 0.452193
vt 0.838223 0.442726
vt 0.839533 0.442824
vt 0.909540 0.454949
vt 0.771441 0.439999
vt 0.787711 0.441597
vt 0.738726 0.434550
vt 0.804007 0.442665
vt 0.836612 0.442728
vt 0.942520 0.459782
vt 0.841009 0.442928
vt 0.857664 0.412574
vt 0.963093 0.413463
vt 0.956153 0.404610
vt 0.775199 0.398714
vt 0.754394 0.406482
vt 0.732947 0.426890
vt 0.730621 0.416681
vt 0.881238 0.612412
vt 0.866804 0.610030
vt 0.852372 0.607649
vt 0.655262 0.655807
vt 0.655262 0.646102
vt 0.655262 0.636393
vt 0.911177 0.616841
vt 0.655595 0.675885
vt 0.912692 0.609639
vt 0.660473 0.676098
vt 0.730424 0.594587
vt 0.730736 0.587228
vt 0.736509 0.438463
vt 0.737139 0.434298
vt 0.739357 0.430476
vt 0.737779 0.430194
vt 0.943255 0.464122
vt 0.648532 0.715801
vt 0.648532 0.617174
vt 0.649604 0.617176
vt 0.649600 0.715870
vt 0.648532 0.339968
vt 0.690795 0.250407
vt 0.709964 0.266654
vt 0.848386 0.301077
vt 0.865569 0.294986
vt 0.780159 0.301297
vt 0.797026 0.304447
vt 0.728337 0.279215
vt 0.882453 0.285287
vt 0.814016 0.305574
vt 0.746035 0.288866
vt 0.898616 0.270308
vt 0.831174 0.304510
vt 0.763201 0.296179
vt 0.914718 0.249933
vt 0.930537 0.223518
vt 0.998503 0.322377
vt 0.208937 0.561773
vt 0.229292 0.560123
vt 0.236222 0.636313
vt 0.214042 0.638126
vt 0.874454 0.385443
vt 0.873876 0.365436
vt 0.949827 0.364078
vt 0.950435 0.386037
vt 0.793334 0.099389
vt 0.780030 0.100398
vt 0.761290 0.015595
vt 0.797529 0.011677
vt 0.535575 0.786898
vt 0.555831 0.786883
vt 0.557347 0.862866
vt 0.535099 0.862866
vt 0.575781 0.785724
vt 0.579249 0.861620
vt 0.296462 0.725081
vt 0.281184 0.722749
vt 0.279753 0.646670
vt 0.296362 0.649237
vt 0.755772 0.112366
vt 0.746439 0.122707
vt 0.678282 0.077254
vt 0.699477 0.050031
vt 0.263581 0.721506
vt 0.260599 0.645299
vt 0.739797 0.135171
vt 0.665201 0.108036
vt 0.185870 0.447405
vt 0.201483 0.446944
vt 0.205320 0.501998
vt 0.188325 0.502499
vt 0.611739 0.780197
vt 0.626362 0.776040
vt 0.634704 0.851110
vt 0.618686 0.855626
vt 0.152819 0.560292
vt 0.169952 0.561859
vt 0.171594 0.638220
vt 0.152953 0.636497
vt 0.224165 0.722436
vt 0.203866 0.724572
vt 0.195563 0.648654
vt 0.217681 0.646311
vt 0.735856 0.163568
vt 0.738817 0.178077
vt 0.670775 0.198036
vt 0.662604 0.170024
vt 0.184211 0.727727
vt 0.174142 0.652118
vt 0.612253 0.245477
vt 0.627027 0.243163
vt 0.626783 0.318990
vt 0.610637 0.321551
vt 0.841561 0.140623
vt 0.837098 0.127230
vt 0.913555 0.087758
vt 0.925338 0.120908
vt 0.645622 0.323251
vt 0.628903 0.321318
vt 0.627027 0.245611
vt 0.645424 0.247717
vt 0.249183 0.557473
vt 0.257904 0.633400
vt 0.829224 0.115850
vt 0.893556 0.058062
vt 0.466605 0.776163
vt 0.480630 0.780297
vt 0.474679 0.855626
vt 0.459232 0.851109
vt 0.497236 0.783541
vt 0.492956 0.859175
vt 0.873876 0.405687
vt 0.949783 0.408274
vt 0.874427 0.590778
vt 0.890760 0.588103
vt 0.891855 0.598918
vt 0.876145 0.601460
vt 0.573875 0.761401
vt 0.555012 0.762517
vt 0.554972 0.751564
vt 0.573139 0.750512
vt 0.280328 0.747237
vt 0.294894 0.749436
vt 0.292752 0.760019
vt 0.278862 0.757895
vt 0.591732 0.759240
vt 0.590327 0.748460
vt 0.263549 0.746068
vt 0.262855 0.756763
vt 0.188564 0.537765
vt 0.170510 0.537294
vt 0.171467 0.526620
vt 0.188700 0.527075
vt 0.607898 0.756117
vt 0.605874 0.745488
vt 0.245209 0.745972
vt 0.245348 0.756666
vt 0.245938 0.533150
vt 0.227017 0.535653
vt 0.225433 0.525039
vt 0.243525 0.522625
vt 0.621752 0.752151
vt 0.619188 0.741710
vt 0.226007 0.746953
vt 0.227009 0.757608
vt 0.263682 0.529800
vt 0.260501 0.519393
vt 0.154179 0.535814
vt 0.155887 0.525193
vt 0.206686 0.748973
vt 0.208547 0.759552
vt 0.279564 0.525730
vt 0.275707 0.515468
vt 0.217354 0.445646
vt 0.222595 0.500585
vt 0.187982 0.751956
vt 0.190670 0.762425
vt 0.292979 0.521096
vt 0.288559 0.510999
vt 0.207642 0.537211
vt 0.206920 0.526541
vt 0.170621 0.755785
vt 0.174065 0.766116
vt 0.982774 0.590574
vt 0.998255 0.594104
vt 0.995470 0.604762
vt 0.980519 0.601372
vt 0.155265 0.760315
vt 0.159368 0.770482
vt 0.965390 0.587962
vt 0.963746 0.598858
vt 0.484006 0.756298
vt 0.470789 0.752373
vt 0.473708 0.741804
vt 0.486485 0.745566
vt 0.946775 0.586369
vt 0.945799 0.597316
vt 0.499671 0.759374
vt 0.501611 0.748519
vt 0.927643 0.585855
vt 0.927363 0.596806
vt 0.517183 0.761483
vt 0.518508 0.750547
vt 0.908729 0.586441
vt 0.909147 0.597347
vt 0.535872 0.762545
vt 0.536526 0.751576
vt 0.799181 0.149167
vt 0.798919 0.146427
vt 0.810696 0.140575
vt 0.812722 0.145909
vt 0.985254 0.683380
vt 0.972328 0.680463
vt 0.976993 0.625854
vt 0.991062 0.629030
vt 0.232872 0.443562
vt 0.239484 0.498316
vt 0.188577 0.844324
vt 0.175964 0.848093
vt 0.166011 0.794192
vt 0.179737 0.790089
vt 0.957837 0.678294
vt 0.961219 0.623494
vt 0.483526 0.663441
vt 0.494581 0.666674
vt 0.490222 0.721181
vt 0.478191 0.717662
vt 0.942340 0.676960
vt 0.944351 0.622041
vt 0.507658 0.669213
vt 0.504457 0.723945
vt 0.926429 0.676508
vt 0.927031 0.621550
vt 0.522255 0.670962
vt 0.520345 0.725849
vt 0.910714 0.676959
vt 0.909929 0.622040
vt 0.537814 0.671854
vt 0.537281 0.726820
vt 0.895805 0.678295
vt 0.893700 0.623494
vt 0.553735 0.671854
vt 0.554611 0.726820
vt 0.882271 0.680462
vt 0.878967 0.625854
vt 0.569406 0.670963
vt 0.571669 0.725849
vt 0.290281 0.839077
vt 0.278393 0.837240
vt 0.277500 0.782378
vt 0.290438 0.784377
vt 0.584227 0.669213
vt 0.587800 0.723945
vt 0.264688 0.836259
vt 0.262582 0.781311
vt 0.784925 0.146444
vt 0.784469 0.148929
vt 0.769736 0.146059
vt 0.772378 0.140135
vt 0.249692 0.836172
vt 0.246259 0.781216
vt 0.708293 0.871735
vt 0.735742 0.880059
vt 0.733590 0.885251
vt 0.784925 0.151536
vt 0.768585 0.152736
vt 0.233978 0.836983
vt 0.229155 0.782099
vt 0.247435 0.440771
vt 0.255337 0.495279
vt 0.157772 0.445778
vt 0.171109 0.447011
vt 0.172258 0.502071
vt 0.157740 0.500729
vt 0.218152 0.838660
vt 0.211928 0.783924
vt 0.260491 0.437380
vt 0.269547 0.491589
vt 0.271533 0.433521
vt 0.281565 0.487387
vt 0.185602 0.436888
vt 0.200822 0.436439
vt 0.186344 0.426666
vt 0.200533 0.426248
vt 0.781989 0.878976
vt 0.779165 0.893167
vt 0.770397 0.890550
vt 0.772875 0.878092
vt 0.760397 0.887530
vt 0.762478 0.877072
vt 0.216294 0.435174
vt 0.214954 0.425068
vt 0.781989 0.864506
vt 0.772877 0.865387
vt 0.762479 0.866407
vt 0.231419 0.433142
vt 0.229055 0.423175
vt 0.779168 0.850313
vt 0.770400 0.852930
vt 0.760401 0.855948
vt 0.245616 0.430422
vt 0.242291 0.420638
vt 0.773634 0.836943
vt 0.765540 0.841190
vt 0.756320 0.846093
vt 0.258342 0.427116
vt 0.254153 0.417557
vt 0.765598 0.824912
vt 0.758485 0.830628
vt 0.750399 0.837226
vt 0.269105 0.423354
vt 0.264187 0.414050
vt 0.755368 0.814679
vt 0.749505 0.821645
vt 0.742859 0.829685
vt 0.983701 0.693708
vt 0.971102 0.690865
vt 0.979983 0.703517
vt 0.968239 0.700866
vt 0.743343 0.806639
vt 0.738948 0.814588
vt 0.733996 0.823761
vt 0.956977 0.688750
vt 0.955069 0.698895
vt 0.729977 0.801099
vt 0.727214 0.809725
vt 0.724146 0.819676
vt 0.941870 0.687450
vt 0.940985 0.697682
vt 0.715789 0.798276
vt 0.714759 0.807246
vt 0.713691 0.817598
vt 0.926358 0.687010
vt 0.926527 0.697273
vt 0.701325 0.798276
vt 0.702059 0.807245
vt 0.703029 0.817596
vt 0.911042 0.687449
vt 0.912247 0.697682
vt 0.687136 0.801097
vt 0.689605 0.809722
vt 0.692573 0.819675
vt 0.896509 0.688751
vt 0.898698 0.698895
vt 0.673771 0.806633
vt 0.677871 0.814581
vt 0.682722 0.823754
vt 0.883316 0.690864
vt 0.886400 0.700866
vt 0.661743 0.814672
vt 0.667311 0.821641
vt 0.673858 0.829680
vt 0.289739 0.849504
vt 0.278153 0.847713
vt 0.871971 0.693708
vt 0.875821 0.703517
vt 0.651511 0.824904
vt 0.658332 0.830621
vt 0.666320 0.837220
vt 0.264792 0.846757
vt 0.275862 0.857899
vt 0.263409 0.857008
vt 0.643476 0.836935
vt 0.651276 0.841185
vt 0.660394 0.846088
vt 0.250175 0.846672
vt 0.249781 0.856929
vt 0.637938 0.850303
vt 0.646415 0.852920
vt 0.656314 0.855939
vt 0.234856 0.847463
vt 0.235499 0.857666
vt 0.635116 0.864497
vt 0.643937 0.865381
vt 0.654233 0.866400
vt 0.219431 0.849097
vt 0.221120 0.859189
vt 0.635114 0.878966
vt 0.643936 0.878083
vt 0.654234 0.877066
vt 0.202823 0.841139
vt 0.204488 0.851514
vt 0.207188 0.861442
vt 0.637936 0.893160
vt 0.646412 0.890543
vt 0.656312 0.887525
vt 0.190600 0.854619
vt 0.194243 0.864337
vt 0.643470 0.906529
vt 0.651270 0.902279
vt 0.660391 0.897377
vt 0.178306 0.858293
vt 0.182782 0.867762
vt 0.651507 0.918561
vt 0.658326 0.912844
vt 0.666314 0.906247
vt 0.485077 0.653153
vt 0.495851 0.656303
vt 0.489237 0.643458
vt 0.499282 0.646395
vt 0.661736 0.928793
vt 0.667304 0.921826
vt 0.673852 0.913787
vt 0.508601 0.658779
vt 0.511164 0.648703
vt 0.673762 0.936834
vt 0.677864 0.928885
vt 0.682717 0.919712
vt 0.522829 0.660484
vt 0.524430 0.650292
vt 0.687126 0.942371
vt 0.689595 0.933747
vt 0.692565 0.923793
vt 0.537996 0.661353
vt 0.538570 0.651103
vt 0.701315 0.945197
vt 0.702052 0.936227
vt 0.703022 0.925875
vt 0.553514 0.661353
vt 0.553037 0.651103
vt 0.715780 0.945197
vt 0.714750 0.936227
vt 0.713682 0.925876
vt 0.568790 0.660484
vt 0.567279 0.650293
vt 0.729969 0.942376
vt 0.727206 0.933750
vt 0.724140 0.923798
vt 0.583238 0.658779
vt 0.580746 0.648703
vt 0.743334 0.936840
vt 0.738939 0.928888
vt 0.733989 0.919715
vt 0.597627 0.666673
vt 0.596298 0.656303
vt 0.592921 0.646396
vt 0.755362 0.928800
vt 0.749500 0.921832
vt 0.742856 0.913792
vt 0.609089 0.663441
vt 0.607473 0.653153
vt 0.603337 0.643458
vt 0.765591 0.918568
vt 0.758480 0.912849
vt 0.750393 0.906252
vt 0.158213 0.435303
vt 0.171214 0.436504
vt 0.160810 0.425188
vt 0.172928 0.426309
vt 0.773628 0.906538
vt 0.765536 0.902288
vt 0.756317 0.897384
vt 0.748070 0.883795
vt 0.749657 0.875811
vt 0.749657 0.867668
vt 0.748072 0.859681
vt 0.744957 0.852158
vt 0.740436 0.845388
vt 0.734679 0.839629
vt 0.727910 0.835107
vt 0.720390 0.831988
vt 0.712406 0.830401
vt 0.704269 0.830399
vt 0.696284 0.831987
vt 0.688764 0.835102
vt 0.681996 0.839626
vt 0.676238 0.845384
vt 0.671715 0.852154
vt 0.668601 0.859675
vt 0.667012 0.867661
vt 0.667011 0.875804
vt 0.668599 0.883792
vt 0.671713 0.891314
vt 0.676235 0.898085
vt 0.681992 0.903842
vt 0.688758 0.908365
vt 0.696278 0.911483
vt 0.704262 0.913071
vt 0.712403 0.913072
vt 0.720387 0.911486
vt 0.727907 0.908370
vt 0.734675 0.903847
vt 0.740430 0.898088
vt 0.744953 0.891318
vt 0.730470 0.889927
vt 0.726497 0.893899
vt 0.721824 0.897022
vt 0.716632 0.899173
vt 0.711123 0.900270
vt 0.705503 0.900267
vt 0.699992 0.899171
vt 0.694802 0.897019
vt 0.690130 0.893898
vt 0.686159 0.889924
vt 0.683037 0.885250
vt 0.680887 0.880056
vt 0.679791 0.874545
vt 0.679791 0.868922
vt 0.680889 0.863411
vt 0.683038 0.858218
vt 0.686160 0.853546
vt 0.690134 0.849573
vt 0.694806 0.846450
vt 0.699998 0.844300
vt 0.705507 0.843203
vt 0.711125 0.843205
vt 0.716635 0.844301
vt 0.721826 0.846453
vt 0.726500 0.849574
vt 0.730471 0.853549
vt 0.733593 0.858223
vt 0.735743 0.863416
vt 0.736839 0.868928
vt 0.736837 0.874547
vt 0.188902 0.562359
vt 0.188659 0.554711
vt 0.208580 0.554132
vt 0.188532 0.545454
vt 0.208114 0.544887
vt 0.228812 0.552503
vt 0.227995 0.543292
vt 0.248573 0.549886
vt 0.247410 0.540731
vt 0.267842 0.553924
vt 0.267105 0.546383
vt 0.265612 0.537303
vt 0.284556 0.549614
vt 0.283695 0.542128
vt 0.281904 0.533138
vt 0.295659 0.528397
vt 0.984164 0.582899
vt 1.000000 0.586515
vt 0.966379 0.580225
vt 0.947332 0.578596
vt 0.927748 0.578075
vt 0.908386 0.578682
vt 0.888497 0.563805
vt 0.907491 0.562075
vt 0.907891 0.569536
vt 0.889109 0.571269
vt 0.889986 0.580393
vt 0.871244 0.566602
vt 0.872039 0.574061
vt 0.873256 0.583144
vt 0.296597 0.732658
vt 0.281388 0.730360
vt 0.296066 0.741823
vt 0.281105 0.739576
vt 0.263871 0.729136
vt 0.263881 0.738380
vt 0.244329 0.721401
vt 0.244721 0.729035
vt 0.245052 0.738283
vt 0.224671 0.730061
vt 0.225343 0.739288
vt 0.204494 0.732172
vt 0.205513 0.741358
vt 0.184964 0.735290
vt 0.186323 0.744410
vt 0.836491 0.141251
vt 0.832500 0.129245
vt 0.831061 0.142044
vt 0.827567 0.131553
vt 0.168510 0.748330
vt 0.825420 0.119016
vt 0.821356 0.122561
vt 0.152759 0.752966
vt 0.467413 0.768838
vt 0.481233 0.772938
vt 0.468959 0.759909
vt 0.482473 0.763933
vt 0.806465 0.101594
vt 0.818727 0.107147
vt 0.815981 0.111192
vt 0.804950 0.106195
vt 0.813052 0.115660
vt 0.803325 0.111245
vt 0.498499 0.767086
vt 0.793118 0.104230
vt 0.792887 0.109557
vt 0.516414 0.769246
vt 0.781122 0.105142
vt 0.782294 0.110353
vt 0.535537 0.770330
vt 0.767223 0.104780
vt 0.769573 0.109117
vt 0.772084 0.113916
vt 0.555129 0.770296
vt 0.555468 0.779440
vt 0.575185 0.778276
vt 0.574439 0.769147
vt 0.759220 0.115996
vt 0.750747 0.125403
vt 0.762931 0.120067
vt 0.755431 0.128486
vt 0.592725 0.766924
vt 0.744691 0.136802
vt 0.750072 0.138716
vt 0.609280 0.763715
vt 0.610746 0.772761
vt 0.625223 0.768622
vt 0.623473 0.759643
vt 0.152759 0.552671
vt 0.169809 0.554217
vt 0.153229 0.543458
vt 0.169997 0.544972
vt 0.188728 0.519387
vt 0.206413 0.518866
vt 0.188587 0.510139
vt 0.205824 0.509630
vt 0.224384 0.517400
vt 0.223344 0.508198
vt 0.241952 0.515045
vt 0.240474 0.505897
vt 0.258442 0.511891
vt 0.256554 0.502816
vt 0.273220 0.508059
vt 0.270968 0.499073
vt 0.285715 0.503698
vt 0.283157 0.494812
vt 0.993675 0.612399
vt 0.979070 0.609098
vt 0.992039 0.621511
vt 0.977770 0.618290
vt 0.962696 0.606647
vt 0.961772 0.615896
vt 0.945181 0.605139
vt 0.944663 0.614422
vt 0.927197 0.604633
vt 0.927098 0.613925
vt 0.909434 0.605148
vt 0.909752 0.614422
vt 0.892577 0.606663
vt 0.893290 0.615896
vt 0.877272 0.609122
vt 0.878347 0.618290
vt 0.291485 0.767632
vt 0.278019 0.765557
vt 0.290657 0.776798
vt 0.277535 0.774770
vt 0.262495 0.764450
vt 0.262405 0.773687
vt 0.245508 0.764352
vt 0.245850 0.773591
vt 0.227712 0.765270
vt 0.228502 0.774487
vt 0.209789 0.767165
vt 0.211032 0.776338
vt 0.192430 0.769968
vt 0.194108 0.779074
vt 0.815288 0.145360
vt 0.815682 0.151391
vt 0.813219 0.151166
vt 0.176304 0.773568
vt 0.178381 0.782591
vt 0.813160 0.139330
vt 0.162026 0.777828
vt 0.164458 0.786752
vt 0.475578 0.734223
vt 0.488063 0.737881
vt 0.477246 0.725157
vt 0.489448 0.728726
vt 0.502837 0.740754
vt 0.503885 0.731529
vt 0.519332 0.742732
vt 0.519999 0.733460
vt 0.536916 0.743739
vt 0.537176 0.734445
vt 0.554913 0.743736
vt 0.554752 0.734445
vt 0.572627 0.742722
vt 0.572053 0.733460
vt 0.589384 0.740739
vt 0.588414 0.731530
vt 0.604535 0.737861
vt 0.603205 0.728726
vt 0.766779 0.145174
vt 0.769759 0.138587
vt 0.617497 0.734198
vt 0.615861 0.725157
vt 0.765385 0.152549
vt 0.156900 0.517549
vt 0.172010 0.518942
vt 0.157568 0.508344
vt 0.172292 0.509705
vt 0.673280 0.228982
vt 0.658912 0.203143
vt 0.660743 0.202144
vt 0.674935 0.227866
vt 0.299861 0.437426
vt 0.300510 0.460605
vt 0.299091 0.460440
vt 0.298448 0.437461
vt 0.866704 0.714621
vt 0.857802 0.736114
vt 0.856391 0.735357
vt 0.865174 0.714157
vt 0.692117 0.249128
vt 0.297940 0.414050
vt 0.296543 0.414290
vt 0.871241 0.691805
vt 0.869649 0.691649
vt 0.710971 0.265354
vt 0.693407 0.247903
vt 0.711946 0.264117
vt 0.871244 0.668541
vt 0.869653 0.668701
vt 0.729119 0.277960
vt 0.729878 0.276756
vt 0.866711 0.645725
vt 0.865179 0.646192
vt 0.746633 0.287650
vt 0.462867 0.580145
vt 0.462867 0.599547
vt 0.461417 0.599796
vt 0.461417 0.580566
vt 0.857812 0.624233
vt 0.856402 0.624992
vt 0.763639 0.294985
vt 0.872075 0.132120
vt 0.868252 0.148656
vt 0.866894 0.147920
vt 0.870685 0.131528
vt 0.844893 0.604889
vt 0.843659 0.605910
vt 0.780450 0.300114
vt 0.874709 0.112665
vt 0.873296 0.112241
vt 0.828448 0.588439
vt 0.827436 0.589684
vt 0.797176 0.303252
vt 0.876052 0.091036
vt 0.874627 0.090802
vt 0.809113 0.575515
vt 0.808363 0.576934
vt 0.814014 0.304377
vt 0.876052 0.068069
vt 0.874627 0.068035
vt 0.787627 0.566613
vt 0.787169 0.568153
vt 0.831017 0.303315
vt 0.874709 0.044643
vt 0.873296 0.044814
vt 0.764819 0.562075
vt 0.764669 0.563677
vt 0.848054 0.299872
vt 0.872075 0.021658
vt 0.870685 0.022030
vt 0.741562 0.562078
vt 0.741727 0.563679
vt 0.865007 0.293785
vt 0.868252 0.000000
vt 0.866894 0.000561
vt 0.718751 0.566615
vt 0.719225 0.568155
vt 0.881586 0.284142
vt 0.864469 0.292643
vt 0.880753 0.283051
vt 0.697265 0.575520
vt 0.698030 0.576939
vt 0.897401 0.269202
vt 0.896216 0.268158
vt 0.677925 0.588444
vt 0.678952 0.589688
vt 0.913106 0.248832
vt 0.297259 0.522512
vt 0.299119 0.502859
vt 0.300510 0.503416
vt 0.298666 0.522896
vt 0.661480 0.604894
vt 0.662730 0.605915
vt 0.928432 0.222586
vt 0.296630 0.544263
vt 0.298043 0.544459
vt 0.648557 0.624237
vt 0.649982 0.624996
vt 0.941079 0.191099
vt 0.938824 0.190385
vt 0.297259 0.567280
vt 0.298666 0.567273
vt 0.639655 0.645730
vt 0.641200 0.646200
vt 0.299119 0.590674
vt 0.300510 0.590465
vt 0.635114 0.668548
vt 0.636722 0.668707
vt 0.938359 0.117882
vt 0.942482 0.154864
vt 0.940047 0.154882
vt 0.935884 0.118441
vt 0.635114 0.691812
vt 0.636721 0.691656
vt 0.925859 0.081767
vt 0.923482 0.082769
vt 0.639647 0.714629
vt 0.641193 0.714162
vt 0.648546 0.736120
vt 0.649971 0.735365
vt 0.661465 0.755463
vt 0.662716 0.754444
vt 0.463562 0.538718
vt 0.465624 0.519298
vt 0.467033 0.519851
vt 0.464989 0.539100
vt 0.677907 0.771913
vt 0.678935 0.770672
vt 0.462867 0.560300
vt 0.464300 0.560495
vt 0.697243 0.784837
vt 0.698009 0.783419
vt 0.463562 0.583217
vt 0.464989 0.583211
vt 0.718728 0.793739
vt 0.719202 0.792202
vt 0.465624 0.606587
vt 0.467033 0.606378
vt 0.741539 0.798276
vt 0.741705 0.796678
vt 0.764796 0.798276
vt 0.764646 0.796678
vt 0.787606 0.793738
vt 0.787147 0.792199
vt 0.809093 0.784834
vt 0.808343 0.783418
vt 0.648532 0.139184
vt 0.653068 0.104941
vt 0.655356 0.105396
vt 0.650789 0.139242
vt 0.828431 0.771908
vt 0.827419 0.770667
vt 0.299861 0.482700
vt 0.297940 0.502859
vt 0.296543 0.502325
vt 0.298448 0.482341
vt 0.844879 0.755458
vt 0.843644 0.754441
vt 0.854899 0.734562
vt 0.863554 0.713666
vt 0.214115 0.641313
vt 0.191935 0.641967
vt 0.192207 0.640477
vt 0.214130 0.639830
vt 0.681678 0.223468
vt 0.668745 0.198844
vt 0.683378 0.222384
vt 0.867965 0.691483
vt 0.236657 0.639469
vt 0.236411 0.638008
vt 0.867967 0.668864
vt 0.258696 0.636508
vt 0.258196 0.635082
vt 0.863558 0.646680
vt 0.279386 0.632544
vt 0.278646 0.631163
vt 0.854908 0.625786
vt 0.862252 0.647061
vt 0.853702 0.626408
vt 0.842347 0.606980
vt 0.841286 0.607820
vt 0.627027 0.320677
vt 0.610807 0.323251
vt 0.826362 0.590986
vt 0.825485 0.592013
vt 0.627140 0.243907
vt 0.645622 0.246023
vt 0.807561 0.578419
vt 0.951067 0.430589
vt 0.947967 0.451170
vt 0.946528 0.450476
vt 0.949592 0.430133
vt 0.786672 0.569764
vt 0.952985 0.408576
vt 0.951487 0.408375
vt 0.764495 0.565354
vt 0.953647 0.385976
vt 0.952142 0.386038
vt 0.741884 0.565355
vt 0.953029 0.363657
vt 0.951531 0.363977
vt 0.719707 0.569766
vt 0.951154 0.342477
vt 0.949677 0.343041
vt 0.862724 0.289014
vt 0.846672 0.295020
vt 0.846318 0.293791
vt 0.862136 0.287809
vt 0.698817 0.578424
vt 0.948092 0.323251
vt 0.946652 0.324036
vt 0.878047 0.279650
vt 0.877131 0.278536
vt 0.680015 0.590991
vt 0.699415 0.579595
vt 0.680831 0.592017
vt 0.279909 0.644969
vt 0.296597 0.647549
vt 0.664024 0.606983
vt 0.261114 0.642090
vt 0.280579 0.643484
vt 0.260668 0.643593
vt 0.651460 0.625789
vt 0.239812 0.641967
vt 0.239613 0.643471
vt 0.919965 0.219015
vt 0.906405 0.244553
vt 0.904683 0.243515
vt 0.917807 0.218156
vt 0.642804 0.646688
vt 0.217490 0.643119
vt 0.217550 0.644609
vt 0.929113 0.188427
vt 0.926689 0.187962
vt 0.638392 0.668871
vt 0.195012 0.645501
vt 0.195332 0.646963
vt 0.638390 0.691489
vt 0.173237 0.649022
vt 0.173808 0.650443
vt 0.642798 0.713671
vt 0.153005 0.653546
vt 0.153808 0.654915
vt 0.915998 0.086521
vt 0.927956 0.120286
vt 0.651450 0.734568
vt 0.644045 0.713279
vt 0.652597 0.733934
vt 0.895639 0.056220
vt 0.664010 0.753374
vt 0.665013 0.752522
vt 0.474348 0.857300
vt 0.458829 0.852762
vt 0.679996 0.769368
vt 0.680814 0.768329
vt 0.492707 0.860865
vt 0.698795 0.781933
vt 0.512798 0.864808
vt 0.492062 0.862323
vt 0.513202 0.863321
vt 0.797632 0.008837
vt 0.834385 0.015539
vt 0.833511 0.018205
vt 0.719686 0.790589
vt 0.534899 0.866075
vt 0.535048 0.864573
vt 0.760614 0.012876
vt 0.741862 0.794999
vt 0.557513 0.866074
vt 0.557399 0.864573
vt 0.764474 0.794999
vt 0.579773 0.864808
vt 0.579402 0.863321
vt 0.786649 0.790586
vt 0.600821 0.862323
vt 0.600207 0.860865
vt 0.676025 0.075918
vt 0.697602 0.048114
vt 0.807541 0.781930
vt 0.786232 0.789303
vt 0.806884 0.780747
vt 0.662761 0.107341
vt 0.826343 0.769363
vt 0.825468 0.768325
vt 0.635113 0.852762
vt 0.619021 0.857300
vt 0.842334 0.753371
vt 0.841272 0.752517
vt 0.171483 0.639924
vt 0.152759 0.638194
vt 0.170968 0.641408
vt 0.660363 0.170423
vt 0.745215 0.191816
s 1
usemtl glass_accurate
f 3543/2235/3438 3545/2236/3439 3549/2237/3440 3537/2238/3441
f 3561/2235/3442 4192/2236/3443 4176/2237/3444 3553/2238/3445
f 3582/2239/3446 4195/2240/3447 4185/2241/3448 4433/2242/3449
f 3834/2235/3450 4326/2236/3451 4456/2237/3452 4296/2238/3453
f 3560/2235/3454 3543/2236/3438 3537/2237/3441 3558/2238/3455
f 3552/2235/3456 4179/2236/3457 4192/2237/3443 3561/2238/3442
f 3557/2235/3458 3540/2236/3459 3539/2237/3460 3558/2238/3455
f 4180/2235/3461 4183/2236/3462 3546/2237/3463 3544/2238/3464
f 3559/2235/3465 3544/2236/3464 3543/2237/3438 3560/2238/3454
f 3549/2235/3440 3538/2236/3466 3537/2237/3441
f 3550/2235/3467 3547/2236/3468 3541/2237/3469 3539/2238/3460
f 3550/2235/3467 3539/2236/3460 3540/2237/3459
f 3553/2235/3445 4176/2236/3444 4189/2237/3470 4432/2238/3471
f 3548/2235/3472 3542/2236/3473 3541/2237/3469 3547/2238/3468
f 4434/2235/3474 4454/2236/3475 4179/2237/3457 3552/2238/3456
f 3544/2235/3464 3546/2236/3463 3545/2237/3439 3543/2238/3438
f 3556/2235/3476 3532/2236/3476 4048/2237/3477 4032/2238/3478
f 4173/2235/3479 4396/2236/3480 3554/2237/3481 3867/2238/3482
f 3535/2235/3476 3758/2236/3476 4039/2237/3483 4044/2238/3484
f 3758/2235/3476 3534/2236/3476 4041/2237/3485 4039/2238/3483
f 4033/2235/3486 3561/2236/3442 3553/2237/3445 4035/2238/3487
f 3542/2235/3473 3559/2236/3465 3560/2237/3454 3541/2238/3469
f 4188/2235/3488 4177/2236/3489 3542/2237/3473 3548/2238/3472
f 3538/2235/3466 3557/2236/3458 3558/2237/3455 3537/2238/3441
f 4191/2235/3490 4180/2236/3461 3544/2237/3464 3559/2238/3465
f 3541/2235/3469 3560/2236/3454 3558/2237/3455 3539/2238/3460
f 3572/2235/3491 3574/2236/3492 3578/2237/3493 3566/2238/3494
f 4327/2235/3495 3836/2236/3496 4308/2237/3497 4453/2238/3498
f 3612/2243/3499 4209/2244/3500 4203/2245/3501 4435/2246/3502
f 3830/2235/3503 4335/2236/3504 4462/2237/3505 4299/2238/3506
f 3588/2235/3507 3572/2236/3491 3566/2237/3494 3586/2238/3508
f 3581/2247/3509 4197/2248/3510 4207/2249/3511 3589/2250/3512
f 3585/2235/3513 3569/2236/3514 3568/2237/3515 3586/2238/3508
f 4198/2235/3516 4201/2236/3517 3575/2237/3518 3573/2238/3519
f 3587/2251/3520 3573/2252/3519 3572/2253/3491 3588/2254/3507
f 3578/2235/3493 3567/2236/3521 3566/2237/3494
f 3579/2235/3522 3576/2236/3523 3570/2237/3524 3568/2238/3515
f 3579/2235/3522 3568/2236/3515 3569/2237/3514
f 3759/2235/3525 3551/2236/3526 4448/2237/3527 4297/2238/3528
f 3577/2235/3529 3571/2236/3530 3570/2237/3524 3576/2238/3523
f 4436/2255/3531 4460/2256/3532 4197/2248/3510 3581/2247/3509
f 3573/2252/3519 3575/2257/3518 3574/2258/3492 3572/2253/3491
f 3584/2235/3476 3562/2236/3533 4069/2237/3534 4053/2238/3535
f 3591/2235/3536 3614/2236/3537 4071/2237/3538 4075/2238/3539
f 3565/2235/3540 3760/2236/3541 4060/2237/3542 4065/2238/3543
f 3534/2235/3476 3563/2236/3476 4057/2237/3544 4041/2238/3485
f 4054/2259/3545 3589/2250/3512 3582/2239/3446 4056/2260/3546
f 3571/2235/3530 3587/2236/3520 3588/2237/3507 3570/2238/3524
f 3589/2250/3512 4207/2249/3511 4195/2240/3447 3582/2239/3446
f 3567/2235/3521 3585/2236/3513 3586/2237/3508 3566/2238/3494
f 4206/2261/3547 4198/2262/3516 3573/2252/3519 3587/2251/3520
f 3570/2235/3524 3588/2236/3507 3586/2237/3508 3568/2238/3515
f 3600/2235/3548 3602/2236/3549 3608/2237/3550 3594/2238/3551
f 4204/2235/3552 4210/2236/3553 3599/2237/3554 3605/2238/3555
f 4225/2235/3556 4236/2236/3557 3645/2237/3558 3629/2238/3559
f 3828/2235/3560 4344/2236/3561 4465/2237/3562 4305/2238/3563
f 3618/2235/3564 3600/2236/3548 3594/2237/3551 3616/2238/3565
f 3611/2263/3566 4212/2264/3567 4222/2265/3568 3619/2266/3569
f 3615/2235/3570 3597/2236/3571 3596/2237/3572 3616/2238/3565
f 4213/2235/3573 4216/2236/3574 3603/2237/3575 3601/2238/3576
f 3617/2267/3577 3601/2268/3576 3600/2269/3548 3618/2270/3564
f 3608/2235/3550 3595/2236/3578 3594/2237/3551
f 3609/2271/3579 3604/2272/3580 3598/2273/3581 3596/2274/3572
f 3609/2235/3579 3596/2236/3572 3597/2237/3571
f 4210/2235/3553 4221/2236/3582 3617/2237/3577 3599/2238/3554
f 3605/2275/3555 3599/2276/3554 3598/2273/3581 3604/2272/3580
f 4438/2277/3583 4463/2278/3584 4212/2264/3567 3611/2263/3566
f 3601/2268/3576 3603/2279/3575 3602/2280/3549 3600/2269/3548
f 3614/2235/3537 3590/2236/3585 4087/2237/3586 4071/2238/3538
f 3621/2235/3587 3642/2236/3588 4089/2237/3589 4093/2238/3590
f 3593/2235/3591 3850/2236/3592 4078/2237/3593 4083/2238/3594
f 3564/2235/3595 3591/2236/3536 4075/2237/3539 4062/2238/3596
f 4072/2281/3597 3619/2266/3569 3612/2243/3499 4074/2282/3598
f 3599/2276/3554 3617/2267/3577 3618/2270/3564 3598/2273/3581
f 3619/2266/3569 4222/2265/3568 4209/2244/3500 3612/2243/3499
f 3595/2235/3578 3615/2236/3570 3616/2237/3565 3594/2238/3551
f 4221/2235/3582 4213/2236/3573 3601/2237/3576 3617/2238/3577
f 3598/2235/3581 3618/2236/3564 3616/2237/3565 3596/2238/3572
f 3630/2235/3599 3632/2236/3600 3636/2237/3601 3624/2238/3602
f 4218/2235/3603 4225/2236/3556 3629/2237/3559 3635/2238/3604
f 4240/2235/3605 4251/2236/3606 3673/2237/3607 3657/2238/3608
f 3826/2235/3609 4353/2236/3610 4471/2237/3611 4302/2238/3612
f 3646/2235/3613 3630/2236/3599 3624/2237/3602 3644/2238/3614
f 3639/2235/3615 4227/2236/3616 4237/2237/3617 3647/2238/3618
f 3643/2235/3619 3627/2236/3620 3626/2237/3621 3644/2238/3614
f 4228/2235/3622 4231/2236/3623 3633/2237/3624 3631/2238/3625
f 3645/2235/3558 3631/2236/3625 3630/2237/3599 3646/2238/3613
f 3636/2235/3601 3625/2236/3626 3624/2237/3602
f 3637/2235/3627 3634/2236/3628 3628/2237/3629 3626/2238/3621
f 3637/2235/3627 3626/2236/3621 3627/2237/3620
f 4354/2235/3630 3828/2236/3560 4305/2237/3563 4474/2238/3631
f 3635/2235/3604 3629/2236/3559 3628/2237/3629 3634/2238/3628
f 4440/2235/3632 4469/2236/3633 4227/2237/3616 3639/2238/3615
f 3631/2235/3625 3633/2236/3624 3632/2237/3600 3630/2238/3599
f 3642/2235/3588 3620/2236/3476 4105/2237/3634 4089/2238/3589
f 3649/2235/3476 3670/2236/3476 4107/2237/3635 4111/2238/3636
f 3623/2235/3476 3853/2236/3476 4096/2237/3637 4101/2238/3638
f 3592/2235/3639 3621/2236/3587 4093/2237/3590 4080/2238/3640
f 4090/2283/3641 3647/2284/3618 3640/2285/3642 4092/2286/3643
f 3629/2235/3559 3645/2236/3558 3646/2237/3613 3628/2238/3629
f 3647/2235/3618 4237/2236/3617 4224/2237/3644 3640/2238/3642
f 3625/2235/3626 3643/2236/3619 3644/2237/3614 3624/2238/3602
f 4236/2235/3557 4228/2236/3622 3631/2237/3625 3645/2238/3558
f 3628/2235/3629 3646/2236/3613 3644/2237/3614 3626/2238/3621
f 3658/2235/3645 3660/2236/3646 3664/2237/3647 3652/2238/3648
f 3855/2235/3649 3638/2236/3650 4467/2237/3651 4303/2238/3652
f 4255/2235/3653 4266/2236/3654 3701/2237/3655 3685/2238/3656
f 3842/2235/3657 4362/2236/3658 4477/2237/3659 4317/2238/3660
f 3674/2235/3661 3658/2236/3645 3652/2237/3648 3672/2238/3662
f 3667/2235/3663 4242/2236/3664 4252/2237/3665 3675/2238/3666
f 3671/2235/3667 3655/2236/3668 3654/2237/3669 3672/2238/3662
f 4243/2235/3670 4246/2236/3671 3661/2237/3672 3659/2238/3673
f 3673/2235/3607 3659/2236/3673 3658/2237/3645 3674/2238/3661
f 3664/2235/3647 3653/2236/3674 3652/2237/3648
f 3665/2235/3675 3662/2236/3676 3656/2237/3677 3654/2238/3669
f 3665/2235/3675 3654/2236/3669 3655/2237/3668
f 4363/2235/3678 3826/2236/3609 4302/2237/3612 4468/2238/3679
f 3663/2235/3680 3657/2236/3608 3656/2237/3677 3662/2238/3676
f 4442/2235/3681 4475/2236/3682 4242/2237/3664 3667/2238/3663
f 3659/2235/3673 3661/2236/3672 3660/2237/3646 3658/2238/3645
f 3670/2235/3476 3648/2236/3476 4123/2237/3683 4107/2238/3635
f 3677/2235/3476 3698/2236/3684 4125/2237/3685 4129/2238/3686
f 3651/2235/3476 3856/2236/3476 4114/2237/3687 4119/2238/3688
f 3622/2235/3476 3649/2236/3476 4111/2237/3636 4098/2238/3689
f 4108/2235/3690 3675/2236/3666 3668/2237/3691 4110/2238/3692
f 3657/2235/3608 3673/2236/3607 3674/2237/3661 3656/2238/3677
f 3675/2235/3666 4252/2236/3665 4239/2237/3693 3668/2238/3691
f 3653/2235/3674 3671/2236/3667 3672/2237/3662 3652/2238/3648
f 4251/2235/3606 4243/2236/3670 3659/2237/3673 3673/2238/3607
f 3656/2235/3677 3674/2236/3661 3672/2237/3662 3654/2238/3669
f 3686/2235/3694 3688/2236/3695 3692/2237/3696 3680/2238/3697
f 4248/2235/3698 4255/2236/3653 3685/2237/3656 3691/2238/3699
f 4270/2235/3700 4281/2236/3701 3729/2237/3702 3713/2238/3703
f 3840/2235/3704 4371/2236/3705 4486/2237/3706 4314/2238/3707
f 3702/2235/3708 3686/2236/3694 3680/2237/3697 3700/2238/3709
f 3695/2235/3710 4257/2236/3711 4267/2237/3712 3703/2238/3713
f 3699/2235/3714 3683/2236/3715 3682/2237/3716 3700/2238/3709
f 4258/2235/3717 4261/2236/3718 3689/2237/3719 3687/2238/3720
f 3701/2235/3655 3687/2236/3720 3686/2237/3694 3702/2238/3708
f 3692/2235/3696 3681/2236/3721 3680/2237/3697
f 3693/2235/3722 3690/2236/3723 3684/2237/3724 3682/2238/3716
f 3693/2235/3722 3682/2236/3716 3683/2237/3715
f 4372/2235/3725 3842/2236/3657 4317/2237/3660 4480/2238/3726
f 3691/2235/3699 3685/2236/3656 3684/2237/3724 3690/2238/3723
f 4444/2235/3727 4484/2236/3728 4257/2237/3711 3695/2238/3710
f 3687/2235/3720 3689/2236/3719 3688/2237/3695 3686/2238/3694
f 3698/2235/3684 3676/2236/3729 4141/2237/3730 4125/2238/3685
f 3705/2235/3731 3726/2236/3732 4143/2237/3733 4147/2238/3734
f 3679/2235/3735 3859/2236/3736 4132/2237/3737 4137/2238/3738
f 3650/2235/3476 3677/2236/3476 4129/2237/3686 4116/2238/3739
f 4126/2235/3740 3703/2236/3713 3696/2237/3741 4128/2238/3742
f 3685/2235/3656 3701/2236/3655 3702/2237/3708 3684/2238/3724
f 3703/2235/3713 4267/2236/3712 4254/2237/3743 3696/2238/3741
f 3681/2235/3721 3699/2236/3714 3700/2237/3709 3680/2238/3697
f 4266/2235/3654 4258/2236/3717 3687/2237/3720 3701/2238/3655
f 3684/2235/3724 3702/2236/3708 3700/2237/3709 3682/2238/3716
f 3714/2235/3744 3716/2236/3745 3720/2237/3746 3708/2238/3747
f 3861/2235/3748 3694/2236/3749 4482/2237/3750 4315/2238/3751
f 4285/2235/3752 4293/2236/3753 3755/2237/3754 3740/2238/3755
f 3838/2235/3756 4380/2236/3757 4489/2237/3758 4311/2238/3759
f 3730/2235/3760 3714/2236/3744 3708/2237/3747 3728/2238/3761
f 3723/2235/3762 4272/2236/3763 4282/2237/3764 3731/2238/3765
f 3727/2235/3766 3711/2236/3767 3710/2237/3768 3728/2238/3761
f 4273/2235/3769 4276/2236/3770 3717/2237/3771 3715/2238/3772
f 3729/2235/3702 3715/2236/3772 3714/2237/3744 3730/2238/3760
f 3720/2235/3746 3709/2236/3773 3708/2237/3747
f 3721/2235/3774 3718/2236/3775 3712/2237/3776 3710/2238/3768
f 3721/2235/3774 3710/2236/3768 3711/2237/3767
f 4381/2235/3777 3840/2236/3704 4314/2237/3707 4483/2238/3778
f 3719/2235/3779 3713/2236/3703 3712/2237/3776 3718/2238/3775
f 4446/2235/3780 4487/2236/3781 4272/2237/3763 3723/2238/3762
f 3715/2235/3772 3717/2236/3771 3716/2237/3745 3714/2238/3744
f 3726/2235/3732 3704/2236/3782 4159/2237/3783 4143/2238/3733
f 3733/2235/3784 3752/2236/3476 4164/2237/3785 4161/2238/3786
f 3707/2235/3787 3862/2236/3788 4150/2237/3789 4155/2238/3790
f 3678/2235/3791 3705/2236/3731 4147/2237/3734 4134/2238/3792
f 4144/2235/3793 3731/2236/3765 3724/2237/3794 4146/2238/3795
f 3713/2235/3703 3729/2236/3702 3730/2237/3760 3712/2238/3776
f 3731/2235/3765 4282/2236/3764 4269/2237/3796 3724/2238/3794
f 3709/2235/3773 3727/2236/3766 3728/2237/3761 3708/2238/3747
f 4281/2235/3701 4273/2236/3769 3715/2237/3772 3729/2238/3702
f 3712/2235/3776 3730/2236/3760 3728/2237/3761 3710/2238/3768
f 3741/2235/3797 3743/2236/3798 3747/2237/3799 3735/2238/3800
f 4278/2235/3801 4285/2236/3752 3740/2237/3755 3746/2238/3802
f 4194/2235/3803 4206/2236/3547 3587/2237/3520 3571/2238/3530
f 3836/2235/3496 4389/2236/3804 4492/2237/3805 4308/2238/3497
f 3756/2235/3806 3741/2236/3797 3735/2237/3800 3754/2238/3807
f 3749/2235/3808 4287/2236/3809 4294/2237/3810 3757/2238/3811
f 3753/2235/3812 3738/2236/3813 3737/2237/3814 3754/2238/3807
f 4288/2235/3815 4291/2236/3816 3744/2237/3817 3742/2238/3818
f 3755/2235/3754 3742/2236/3818 3741/2237/3797 3756/2238/3806
f 3747/2235/3799 3736/2236/3819 3735/2237/3800
f 3748/2235/3820 3745/2236/3821 3739/2237/3822 3737/2238/3814
f 3748/2235/3820 3737/2236/3814 3738/2237/3813
f 4390/2235/3823 3838/2236/3756 4311/2237/3759 4495/2238/3824
f 3746/2235/3802 3740/2236/3755 3739/2237/3822 3745/2238/3821
f 4447/2235/3825 4490/2236/3826 4287/2237/3809 3749/2238/3808
f 3742/2235/3818 3744/2236/3817 3743/2237/3798 3741/2238/3797
f 3752/2235/3476 3732/2236/3476 4171/2237/3827 4164/2238/3785
f 4427/2235/3828 4173/2236/3479 3867/2237/3482 3751/2238/3829
f 3865/2235/3476 3536/2236/3476 4051/2237/3830 4174/2238/3831
f 3706/2235/3832 3733/2236/3784 4161/2237/3786 4152/2238/3833
f 3732/2235/3476 3734/2236/3476 4167/2237/3834 4171/2238/3827
f 3740/2235/3755 3755/2236/3754 3756/2237/3806 3739/2238/3822
f 3757/2235/3811 4294/2236/3810 4284/2237/3835 3750/2238/3836
f 3736/2235/3819 3753/2236/3812 3754/2237/3807 3735/2238/3800
f 4293/2235/3753 4288/2236/3815 3742/2237/3818 3755/2238/3754
f 3739/2235/3822 3756/2236/3806 3754/2237/3807 3737/2238/3814
f 4056/2260/3546 3582/2239/3446 4433/2242/3449 4042/2287/3837
f 4336/2235/3838 3834/2236/3450 4296/2237/3453 4450/2238/3839
f 4074/2282/3598 3612/2243/3499 4435/2246/3502 4063/2288/3840
f 4345/2235/3841 3830/2236/3503 4299/2237/3506 4459/2238/3842
f 3793/2235/3843 5102/2236/3844 4977/2237/3845 3762/2238/3846
f 3770/2289/3847 3771/2290/3848 3803/2291/3849 3802/2292/3850
f 3779/2235/3851 3780/2236/3852 3812/2237/3853 3811/2238/3854
f 3788/2235/3855 3789/2236/3856 3821/2237/3857 3820/2238/3858
f 3766/2293/3859 3767/2294/3860 3799/2295/3861 3798/2296/3862
f 3775/2297/3863 3776/2298/3864 3808/2299/3865 3807/2300/3866
f 3784/2235/3867 3785/2236/3868 3817/2237/3869 3816/2238/3870
f 3762/2235/3846 3763/2236/3871 3795/2237/3872 3794/2238/3873
f 3793/2235/3843 3762/2236/3846 3794/2237/3873 3825/2238/3874
f 3771/2290/3848 3772/2301/3875 3804/2302/3876 3803/2291/3849
f 3780/2235/3852 3781/2236/3877 3813/2237/3878 3812/2238/3853
f 3789/2235/3856 3790/2236/3879 3822/2237/3880 3821/2238/3857
f 3767/2294/3860 3768/2303/3881 3800/2304/3882 3799/2295/3861
f 3776/2298/3864 3777/2305/3883 3809/2306/3884 3808/2299/3865
f 3785/2235/3868 3786/2236/3885 3818/2237/3886 3817/2238/3869
f 3763/2235/3871 3764/2236/3887 3796/2237/3888 3795/2238/3872
f 3772/2301/3875 3773/2307/3889 3805/2308/3890 3804/2302/3876
f 3781/2235/3877 3782/2236/3891 3814/2237/3892 3813/2238/3878
f 3790/2235/3879 3791/2236/3893 3823/2237/3894 3822/2238/3880
f 3768/2303/3881 3769/2309/3895 3801/2310/3896 3800/2304/3882
f 3777/2235/3883 3778/2236/3897 3810/2237/3898 3809/2238/3884
f 3786/2235/3885 3787/2236/3899 3819/2237/3900 3818/2238/3886
f 3764/2235/3887 3765/2236/3901 3797/2237/3902 3796/2238/3888
f 3773/2307/3889 3774/2311/3903 3806/2312/3904 3805/2308/3890
f 3782/2235/3891 3783/2236/3905 3815/2237/3906 3814/2238/3892
f 3791/2235/3893 3792/2236/3907 3824/2237/3908 3823/2238/3894
f 3769/2309/3895 3770/2289/3847 3802/2292/3850 3801/2310/3896
f 3778/2235/3897 3779/2236/3851 3811/2237/3854 3810/2238/3898
f 3787/2235/3899 3788/2236/3855 3820/2237/3858 3819/2238/3900
f 3765/2313/3901 3766/2293/3859 3798/2296/3862 3797/2314/3902
f 3774/2311/3903 3775/2297/3863 3807/2300/3866 3806/2312/3904
f 3783/2235/3905 3784/2236/3867 3816/2237/3870 3815/2238/3906
f 3792/2235/3907 3793/2236/3843 3825/2237/3874 3824/2238/3908
f 3583/2315/3909 3761/2316/3910 4300/2317/3911 4200/2318/3912
f 3724/2235/3794 4269/2236/3796 4264/2237/3913 4443/2238/3914
f 3697/2235/3915 3861/2236/3748 4315/2237/3751 4260/2238/3916
f 4186/2235/3917 4194/2236/3803 3571/2237/3530 3577/2238/3529
f 3555/2235/3918 3759/2236/3525 4297/2237/3528 4182/2238/3919
f 3668/2235/3691 4239/2236/3693 4234/2237/3920 4439/2238/3921
f 3641/2235/3922 3855/2236/3649 4303/2237/3652 4230/2238/3923
f 3858/2235/3924 3666/2236/3925 4479/2237/3926 4318/2238/3927
f 3669/2235/3928 3858/2236/3924 4318/2237/3927 4245/2238/3929
f 3867/2235/3482 3554/2236/3481 4452/2237/3930 4309/2238/3931
f 3751/2235/3829 3867/2236/3482 4309/2237/3931 4290/2238/3932
f 3852/2235/3933 3610/2236/3934 4473/2237/3935 4306/2238/3936
f 3613/2235/3937 3852/2236/3933 4306/2237/3936 4215/2238/3938
f 3864/2235/3939 3722/2236/3940 4494/2237/3941 4312/2238/3942
f 3725/2235/3943 3864/2236/3939 4312/2237/3942 4275/2238/3944
f 3761/2316/3910 3580/2319/3945 4457/2320/3946 4300/2317/3911
f 3833/2321/3947 4325/2322/3948 4326/2323/3451 3834/2324/3450
f 4331/2325/3949 3833/2321/3947 3834/2324/3450 4336/2326/3838
f 4332/2327/3950 3835/2328/3951 3833/2321/3947 4331/2325/3949
f 3835/2328/3951 4321/2329/3952 4325/2322/3948 3833/2321/3947
f 3844/2235/3953 3845/2236/3954 4321/2237/3952 3835/2238/3951
f 3846/2330/3955 3844/2331/3953 3835/2328/3951 4332/2327/3950
f 3807/2300/3866 3808/2299/3865 3844/2331/3953 3846/2330/3955
f 3808/2235/3865 3809/2236/3884 3845/2237/3954 3844/2238/3953
f 4332/2327/3950 4333/2332/3956 3807/2300/3866 3846/2330/3955
f 4333/2332/3956 4337/2333/3957 3806/2312/3904 3807/2300/3866
f 4340/2334/3958 3832/2335/3959 3830/2336/3503 4345/2337/3841
f 3832/2335/3959 4334/2338/3960 4335/2339/3504 3830/2336/3503
f 3831/2340/3961 4330/2341/3962 4334/2338/3960 3832/2335/3959
f 4341/2342/3963 3831/2340/3961 3832/2335/3959 4340/2334/3958
f 3849/2343/3964 3847/2344/3965 3831/2340/3961 4341/2342/3963
f 3847/2344/3965 3848/2345/3966 4330/2341/3962 3831/2340/3961
f 3804/2302/3876 3805/2308/3890 3848/2345/3966 3847/2344/3965
f 3803/2291/3849 3804/2302/3876 3847/2344/3965 3849/2343/3964
f 4341/2342/3963 4342/2346/3967 3803/2291/3849 3849/2343/3964
f 4330/2341/3962 3848/2345/3966 3805/2308/3890 4329/2347/3968
f 4337/2333/3957 4329/2347/3968 3805/2308/3890 3806/2312/3904
f 4092/2286/3643 3640/2285/3642 4437/2348/3969 4081/2349/3970
f 3640/2235/3642 4224/2236/3644 4219/2237/3971 4437/2238/3969
f 4110/2235/3692 3668/2236/3691 4439/2237/3921 4099/2238/3972
f 4233/2235/3973 4240/2236/3605 3657/2237/3608 3663/2238/3680
f 4128/2235/3742 3696/2236/3741 4441/2237/3974 4117/2238/3975
f 3696/2235/3741 4254/2236/3743 4249/2237/3976 4441/2238/3974
f 4146/2235/3795 3724/2236/3794 4443/2237/3914 4135/2238/3977
f 4263/2235/3978 4270/2236/3700 3713/2237/3703 3719/2238/3779
f 4162/2235/3979 3750/2236/3836 4445/2237/3980 4153/2238/3981
f 3750/2235/3836 4284/2236/3835 4279/2237/3982 4445/2238/3980
f 3734/2235/3476 3865/2236/3476 4174/2237/3831 4167/2238/3834
f 3829/2350/3983 4343/2351/3984 4344/2352/3561 3828/2353/3560
f 4349/2354/3985 3829/2350/3983 3828/2353/3560 4354/2355/3630
f 4350/2356/3986 3851/2357/3987 3829/2350/3983 4349/2354/3985
f 3851/2357/3987 4339/2358/3988 4343/2351/3984 3829/2350/3983
f 3607/2359/3989 3606/2360/3990 4339/2358/3988 3851/2357/3987
f 3868/2361/3991 3607/2359/3989 3851/2357/3987 4350/2356/3986
f 3802/2235/3850 3803/2236/3849 4342/2237/3967 4346/2238/3992
f 3802/2235/3850 4346/2236/3992 4338/2237/3993 3801/2238/3896
f 3799/2295/3861 3800/2304/3882 3607/2359/3989 3868/2361/3991
f 3800/2304/3882 3801/2310/3896 3606/2360/3990 3607/2359/3989
f 4339/2358/3988 3606/2360/3990 3801/2310/3896 4338/2362/3993
f 3799/2295/3861 3868/2361/3991 4350/2356/3986 4351/2363/3994
f 4351/2363/3994 4355/2364/3995 3798/2296/3862 3799/2295/3861
f 3827/2235/3996 4352/2236/3997 4353/2237/3610 3826/2238/3609
f 4358/2235/3998 3827/2236/3996 3826/2237/3609 4363/2238/3678
f 4359/2235/3999 3854/2236/4000 3827/2237/3996 4358/2238/3998
f 3854/2235/4000 4348/2236/4001 4352/2237/3997 3827/2238/3996
f 3869/2235/4002 3870/2236/4003 4348/2237/4001 3854/2238/4000
f 3871/2235/4004 3869/2236/4002 3854/2237/4000 4359/2238/3999
f 3795/2235/3872 3796/2236/3888 3869/2237/4002 3871/2238/4004
f 3796/2235/3888 3797/2236/3902 3870/2237/4003 3869/2238/4002
f 4348/2365/4001 3870/2366/4003 3797/2314/3902 4347/2367/4005
f 4355/2364/3995 4347/2367/4005 3797/2314/3902 3798/2296/3862
f 3843/2235/4006 4361/2236/4007 4362/2237/3658 3842/2238/3657
f 4367/2235/4008 3843/2236/4006 3842/2237/3657 4372/2238/3725
f 4368/2235/4009 3857/2236/4010 3843/2237/4006 4367/2238/4008
f 3857/2235/4010 4357/2236/4011 4361/2237/4007 3843/2238/4006
f 3872/2235/4012 3874/2236/4013 4357/2237/4011 3857/2238/4010
f 3873/2235/4014 3872/2236/4012 3857/2237/4010 4368/2238/4009
f 3823/2235/3894 3824/2236/3908 3872/2237/4012 3873/2238/4014
f 3824/2235/3908 3825/2236/3874 3874/2237/4013 3872/2238/4012
f 4357/2235/4011 3874/2236/4013 3825/2237/3874 4356/2238/4015
f 3795/2235/3872 3871/2236/4004 4359/2237/3999 4360/2238/4016
f 3795/2235/3872 4360/2236/4016 4364/2237/4017 3794/2238/3873
f 4364/2235/4017 4356/2236/4015 3825/2237/3874 3794/2238/3873
f 3841/2235/4018 4370/2236/4019 4371/2237/3705 3840/2238/3704
f 4376/2235/4020 3841/2236/4018 3840/2237/3704 4381/2238/3777
f 4377/2235/4021 3860/2236/4022 3841/2237/4018 4376/2238/4020
f 3860/2235/4022 4366/2236/4023 4370/2237/4019 3841/2238/4018
f 3875/2235/4024 3876/2236/4025 4366/2237/4023 3860/2238/4022
f 3877/2235/4026 3875/2236/4024 3860/2237/4022 4377/2238/4021
f 3819/2235/3900 3820/2236/3858 3875/2237/4024 3877/2238/4026
f 3820/2235/3858 3821/2236/3857 3876/2237/4025 3875/2238/4024
f 4366/2235/4023 3876/2236/4025 3821/2237/3857 4365/2238/4027
f 3822/2235/3880 4373/2236/4028 4365/2237/4027 3821/2238/3857
f 4368/2235/4009 4369/2236/4029 3823/2237/3894 3873/2238/4014
f 3822/2235/3880 3823/2236/3894 4369/2237/4029 4373/2238/4028
f 3839/2235/4030 4379/2236/4031 4380/2237/3757 3838/2238/3756
f 4385/2235/4032 3839/2236/4030 3838/2237/3756 4390/2238/3823
f 4386/2235/4033 3863/2236/4034 3839/2237/4030 4385/2238/4032
f 3863/2235/4034 4375/2236/4035 4379/2237/4031 3839/2238/4030
f 3878/2235/4036 3879/2236/4037 4375/2237/4035 3863/2238/4034
f 3880/2235/4038 3878/2236/4036 3863/2237/4034 4386/2238/4033
f 3815/2235/3906 3816/2236/3870 3878/2237/4036 3880/2238/4038
f 3816/2235/3870 3817/2236/3869 3879/2237/4037 3878/2238/4036
f 3817/2235/3869 4374/2236/4039 4375/2237/4035 3879/2238/4037
f 3817/2235/3869 3818/2236/3886 4382/2237/4040 4374/2238/4039
f 3819/2235/3900 3877/2236/4026 4377/2237/4021 4378/2238/4041
f 4382/2235/4040 3818/2236/3886 3819/2237/3900 4378/2238/4041
f 3837/2235/4042 4388/2236/4043 4389/2237/3804 3836/2238/3496
f 4322/2235/4044 3837/2236/4042 3836/2237/3496 4327/2238/3495
f 4323/2235/4045 3866/2236/4046 3837/2237/4042 4322/2238/4044
f 3866/2235/4046 4384/2236/4047 4388/2237/4043 3837/2238/4042
f 3881/2235/4048 3882/2236/4049 4384/2237/4047 3866/2238/4046
f 3883/2235/4050 3881/2236/4048 3866/2237/4046 4323/2238/4045
f 3811/2235/3854 3812/2236/3853 3881/2237/4048 3883/2238/4050
f 3812/2235/3853 3813/2236/3878 3882/2237/4049 3881/2238/4048
f 4384/2235/4047 3882/2236/4049 3813/2237/3878 4383/2238/4051
f 4391/2235/4052 4383/2236/4051 3813/2237/3878 3814/2238/3892
f 3815/2235/3906 3880/2236/4038 4386/2237/4033 4387/2238/4053
f 4387/2235/4053 4391/2236/4052 3814/2237/3892 3815/2238/3906
f 4321/2235/3952 3845/2236/3954 3809/2237/3884 4320/2238/4054
f 4323/2235/4045 4324/2236/4055 3811/2237/3854 3883/2238/4050
f 4324/2235/4055 4328/2236/4056 3810/2237/3898 3811/2238/3854
f 4328/2235/4056 4320/2236/4054 3809/2237/3884 3810/2238/3898
f 4047/2235/4057 3552/2236/3456 3561/2237/3442 4033/2238/3486
f 4038/2235/4058 4429/2236/4059 3551/2237/3526 3759/2238/3525
f 4045/2235/4060 4434/2236/3474 3552/2237/3456 4047/2238/4057
f 4035/2235/3487 3553/2236/3445 4432/2237/3471 4050/2238/4061
f 3536/2235/3476 3533/2236/3476 4036/2237/4062 4051/2238/3830
f 4068/2368/4063 3581/2247/3509 3589/2250/3512 4054/2259/3545
f 4059/2235/4064 4430/2236/4065 3580/2237/3945 3761/2238/3910
f 4066/2235/4066 4436/2236/3531 3581/2237/3509 4068/2238/4063
f 3760/2235/3541 3564/2236/3595 4062/2237/3596 4060/2238/3542
f 4086/2369/4067 3611/2263/3566 3619/2266/3569 4072/2281/3597
f 4077/2235/4068 4431/2236/4069 3610/2237/3934 3852/2238/3933
f 4084/2370/4070 4438/2277/3583 3611/2263/3566 4086/2369/4067
f 3850/2235/3592 3592/2236/3639 4080/2237/3640 4078/2238/3593
f 4104/2371/4071 3639/2372/3615 3647/2284/3618 4090/2283/3641
f 4095/2235/4072 4413/2236/4073 3638/2237/3650 3855/2238/3649
f 4102/2373/4074 4440/2374/3632 3639/2372/3615 4104/2371/4071
f 3853/2235/3476 3622/2236/3476 4098/2237/3689 4096/2238/3637
f 4122/2235/4075 3667/2236/3663 3675/2237/3666 4108/2238/3690
f 4113/2235/4076 4418/2236/4077 3666/2237/3925 3858/2238/3924
f 4120/2235/4078 4442/2236/3681 3667/2237/3663 4122/2238/4075
f 3620/2235/3476 3623/2236/3476 4101/2237/3638 4105/2238/3634
f 3856/2235/3476 3650/2236/3476 4116/2237/3739 4114/2238/3687
f 4140/2235/4079 3695/2236/3710 3703/2237/3713 4126/2238/3740
f 4131/2235/4080 4425/2236/4081 3694/2237/3749 3861/2238/3748
f 4138/2235/4082 4444/2236/3727 3695/2237/3710 4140/2238/4079
f 3648/2235/3476 3651/2236/3476 4119/2237/3688 4123/2238/3683
f 3859/2235/3736 3678/2236/3791 4134/2237/3792 4132/2238/3737
f 4158/2235/4083 3723/2236/3762 3731/2237/3765 4144/2238/3793
f 4149/2235/4084 4424/2236/4085 3722/2237/3940 3864/2238/3939
f 4156/2235/4086 4446/2236/3780 3723/2237/3762 4158/2238/4083
f 3704/2235/3782 3707/2236/3787 4155/2237/3790 4159/2238/3783
f 3676/2235/3729 3679/2236/3735 4137/2237/3738 4141/2238/3730
f 3862/2235/3788 3706/2236/3832 4152/2237/3833 4150/2238/3789
f 4165/2235/4087 3757/2236/3811 3750/2237/3836 4162/2238/3979
f 4168/2235/4088 4447/2236/3825 3749/2237/3808 4170/2238/4089
f 3563/2235/3476 3584/2236/3476 4053/2237/3535 4057/2238/3544
f 4170/2235/4089 3749/2236/3808 3757/2237/3811 4165/2238/4087
f 3532/2235/3476 3535/2236/3476 4044/2237/3484 4048/2238/3477
f 3562/2235/3533 3565/2236/3540 4065/2237/3543 4069/2238/3534
f 3590/2235/3585 3593/2236/3591 4083/2237/3594 4087/2238/3586
f 4394/2235/4090 4038/2236/4058 3759/2237/3525 3555/2238/3918
f 4399/2375/4091 4059/2376/4064 3761/2316/3910 3583/2315/3909
f 4403/2235/4092 4077/2236/4068 3852/2237/3933 3613/2238/3937
f 4407/2235/4093 4095/2236/4072 3855/2237/3649 3641/2238/3922
f 4411/2235/4094 4113/2236/4076 3858/2237/3924 3669/2238/3928
f 4416/2235/4095 4131/2236/4080 3861/2237/3748 3697/2238/3915
f 4421/2235/4096 4149/2236/4084 3864/2237/3939 3725/2238/3943
f 3853/2235/3476 3884/2236/3476 3649/2237/3476 3622/2238/3476
f 3884/2235/3476 3894/2236/3476 3670/2237/3476 3649/2238/3476
f 3894/2235/3476 3903/2236/3476 3648/2237/3476 3670/2238/3476
f 3903/2235/3476 3856/2236/3476 3651/2237/3476 3648/2238/3476
f 3623/2235/3476 3885/2236/3476 3884/2237/3476 3853/2238/3476
f 3885/2235/3476 3895/2236/3476 3894/2237/3476 3884/2238/3476
f 3895/2235/3476 3904/2236/3476 3903/2237/3476 3894/2238/3476
f 3904/2235/3476 3650/2236/3476 3856/2237/3476 3903/2238/3476
f 3620/2235/3476 3886/2236/3476 3885/2237/3476 3623/2238/3476
f 3886/2235/3476 3896/2236/3476 3895/2237/3476 3885/2238/3476
f 3896/2235/3476 3905/2236/3476 3904/2237/3476 3895/2238/3476
f 3905/2235/3476 3677/2236/3476 3650/2237/3476 3904/2238/3476
f 3642/2235/3588 3887/2236/4097 3886/2237/3476 3620/2238/3476
f 3887/2235/4097 3897/2236/4098 3896/2237/3476 3886/2238/3476
f 3897/2235/4098 3906/2236/4099 3905/2237/3476 3896/2238/3476
f 3906/2235/4099 3698/2236/3684 3677/2237/3476 3905/2238/3476
f 3887/2235/4097 3642/2236/3588 4000/2237/4100 4007/2238/4101
f 4013/2235/4102 4010/2236/4103 4011/2237/4104 4012/2238/4105
f 4014/2235/4106 4009/2236/4107 4010/2237/4103 4013/2238/4102
f 4015/2235/4108 4008/2236/4109 4009/2237/4107 4014/2238/4106
f 3678/2235/3791 3859/2236/3736 4008/2237/4109 4015/2238/4108
f 4021/2235/4110 4018/2236/4111 4019/2237/4112 4020/2238/4113
f 4022/2235/4114 4017/2236/4115 4018/2237/4111 4021/2238/4110
f 4023/2235/4116 4016/2236/4117 4017/2237/4115 4022/2238/4114
f 3614/2235/3537 3591/2236/3536 4016/2237/4117 4023/2238/4116
f 4029/2235/4118 4026/2236/4119 4027/2237/4120 4028/2238/4121
f 4030/2235/4122 4025/2236/4123 4026/2237/4119 4029/2238/4118
f 4031/2235/4124 4024/2236/4125 4025/2237/4123 4030/2238/4122
f 3889/2235/4126 3898/2236/4127 4024/2237/4125 4031/2238/4124
f 3935/2235/4128 3912/2236/4129 3888/2237/3476
f 3912/2235/4129 4028/2236/4121 3888/2237/3476
f 3971/2235/4130 3936/2236/4131 3888/2237/3476
f 3927/2235/4132 3920/2236/4133 3888/2237/3476
f 3919/2235/4134 3948/2236/4135 3888/2237/3476
f 4011/2235/4104 3984/2236/4136 3888/2237/3476
f 3947/2235/4137 4012/2236/4105 3888/2237/3476
f 3959/2235/4138 3928/2236/4139 3888/2237/3476
f 3955/2235/4140 3940/2236/4141 3888/2237/3476
f 3920/2235/4133 3919/2236/4134 3888/2237/3476
f 3995/2235/4142 3976/2236/4143 3888/2237/3476
f 3928/2235/4139 3927/2236/4132 3888/2237/3476
f 3936/2235/4131 3935/2236/4128 3888/2237/3476
f 3940/2235/4141 3964/2236/4144 3888/2237/3476
f 3948/2235/4135 3947/2236/4137 3888/2237/3476
f 4003/2235/4145 3960/2236/4146 3888/2237/3476
f 3983/2235/4147 3955/2236/4140 3888/2237/3476
f 3991/2235/4148 3959/2236/4138 3888/2237/3476
f 3960/2235/4146 3996/2236/4149 3888/2237/3476
f 3975/2235/4150 4020/2236/4113 3888/2237/3476
f 3964/2235/4144 4004/2236/4151 3888/2237/3476
f 4019/2235/4112 3971/2236/4130 3888/2237/3476
f 3976/2235/4143 3975/2236/4150 3888/2237/3476
f 3984/2235/4136 3983/2236/4147 3888/2237/3476
f 4027/2235/4120 3991/2236/4148 3888/2237/3476
f 3996/2235/4149 3995/2236/4142 3888/2237/3476
f 4004/2235/4151 4003/2236/4145 3888/2237/3476
f 4012/2235/4105 4011/2236/4104 3888/2237/3476
f 4020/2235/4113 4019/2236/4112 3888/2237/3476
f 4028/2235/4121 4027/2236/4120 3888/2237/3476
f 3584/2235/3476 3890/2236/3476 3889/2237/4126 3562/2238/3533
f 3890/2235/3476 3899/2236/3476 3898/2237/4127 3889/2238/4126
f 3899/2235/3476 3908/2236/3476 3907/2237/4152 3898/2238/4127
f 3908/2235/3476 3752/2236/3476 3733/2237/3784 3907/2238/4152
f 3563/2235/3476 3891/2236/3476 3890/2237/3476 3584/2238/3476
f 3891/2235/3476 3900/2236/3476 3899/2237/3476 3890/2238/3476
f 3900/2235/3476 3909/2236/3476 3908/2237/3476 3899/2238/3476
f 3909/2235/3476 3732/2236/3476 3752/2237/3476 3908/2238/3476
f 3534/2235/3476 3892/2236/3476 3891/2237/3476 3563/2238/3476
f 3892/2235/3476 3901/2236/3476 3900/2237/3476 3891/2238/3476
f 3901/2235/3476 3910/2236/3476 3909/2237/3476 3900/2238/3476
f 3910/2235/3476 3734/2236/3476 3732/2237/3476 3909/2238/3476
f 3758/2235/3476 3893/2236/3476 3892/2237/3476 3534/2238/3476
f 3893/2235/3476 3902/2236/3476 3901/2237/3476 3892/2238/3476
f 3902/2235/3476 3911/2236/3476 3910/2237/3476 3901/2238/3476
f 3911/2235/3476 3865/2236/3476 3734/2237/3476 3910/2238/3476
f 3535/2235/3476 3532/2236/3476 3893/2237/3476 3758/2238/3476
f 3532/2235/3476 3556/2236/3476 3902/2237/3476 3893/2238/3476
f 3556/2235/3476 3533/2236/3476 3911/2237/3476 3902/2238/3476
f 3533/2235/3476 3536/2236/3476 3865/2237/3476 3911/2238/3476
f 4007/2235/4101 4000/2236/4100 4001/2237/4153 4006/2238/4154
f 4006/2235/4154 4001/2236/4153 4002/2237/4155 4005/2238/4156
f 4005/2235/4156 4002/2236/4155 4003/2237/4145 4004/2238/4151
f 3592/2235/3639 3850/2236/3592 3992/2237/4157 3999/2238/4158
f 3999/2235/4158 3992/2236/4157 3993/2237/4159 3998/2238/4160
f 3998/2235/4160 3993/2236/4159 3994/2237/4161 3997/2238/4162
f 3997/2235/4162 3994/2236/4161 3995/2237/4142 3996/2238/4149
f 3898/2235/4127 3907/2236/4152 3988/2237/4163 4024/2238/4125
f 4024/2235/4125 3988/2236/4163 3989/2237/4164 4025/2238/4123
f 4025/2235/4123 3989/2236/4164 3990/2237/4165 4026/2238/4119
f 4026/2235/4119 3990/2236/4165 3991/2237/4148 4027/2238/4120
f 3679/2235/3735 3676/2236/3729 3980/2237/4166 3987/2238/4167
f 3987/2235/4167 3980/2236/4166 3981/2237/4168 3986/2238/4169
f 3986/2235/4169 3981/2236/4168 3982/2237/4170 3985/2238/4171
f 3985/2235/4171 3982/2236/4170 3983/2237/4147 3984/2238/4136
f 3593/2235/3591 3590/2236/3585 3972/2237/4172 3979/2238/4173
f 3979/2235/4173 3972/2236/4172 3973/2237/4174 3978/2238/4175
f 3978/2235/4175 3973/2236/4174 3974/2237/4176 3977/2238/4177
f 3977/2235/4177 3974/2236/4176 3975/2237/4150 3976/2238/4143
f 3591/2235/3536 3564/2236/3595 3968/2237/4178 4016/2238/4117
f 4016/2235/4117 3968/2236/4178 3969/2237/4179 4017/2238/4115
f 4017/2235/4115 3969/2236/4179 3970/2237/4180 4018/2238/4111
f 4018/2235/4111 3970/2236/4180 3971/2237/4130 4019/2238/4112
f 3897/2235/4098 3887/2236/4097 4007/2237/4101 3967/2238/4181
f 3967/2235/4181 4007/2236/4101 4006/2237/4154 3966/2238/4182
f 3966/2235/4182 4006/2236/4154 4005/2237/4156 3965/2238/4183
f 3965/2235/4183 4005/2236/4156 4004/2237/4151 3964/2238/4144
f 3590/2235/3585 3614/2236/3537 4023/2237/4116 3972/2238/4172
f 3972/2235/4172 4023/2236/4116 4022/2237/4114 3973/2238/4174
f 3973/2235/4174 4022/2236/4114 4021/2237/4110 3974/2238/4176
f 3974/2235/4176 4021/2236/4110 4020/2237/4113 3975/2238/4150
f 3621/2235/3587 3592/2236/3639 3999/2237/4158 3963/2238/4184
f 3963/2235/4184 3999/2236/4158 3998/2237/4160 3962/2238/4185
f 3962/2235/4185 3998/2236/4160 3997/2237/4162 3961/2238/4186
f 3961/2235/4186 3997/2236/4162 3996/2237/4149 3960/2238/4146
f 3907/2235/4152 3733/2236/3784 3956/2237/4187 3988/2238/4163
f 3988/2235/4163 3956/2236/4187 3957/2237/4188 3989/2238/4164
f 3989/2235/4164 3957/2236/4188 3958/2237/4189 3990/2238/4165
f 3990/2235/4165 3958/2236/4189 3959/2237/4138 3991/2238/4148
f 3676/2235/3729 3698/2236/3684 3952/2237/4190 3980/2238/4166
f 3980/2235/4166 3952/2236/4190 3953/2237/4191 3981/2238/4168
f 3981/2235/4168 3953/2236/4191 3954/2237/4192 3982/2238/4170
f 3982/2235/4170 3954/2236/4192 3955/2237/4140 3983/2238/4147
f 3642/2235/3588 3621/2236/3587 3963/2237/4184 4000/2238/4100
f 4000/2235/4100 3963/2236/4184 3962/2237/4185 4001/2238/4153
f 4001/2235/4153 3962/2236/4185 3961/2237/4186 4002/2238/4155
f 4002/2235/4155 3961/2236/4186 3960/2237/4146 4003/2238/4145
f 3726/2235/3732 3705/2236/3731 3944/2237/4193 3951/2238/4194
f 3951/2235/4194 3944/2236/4193 3945/2237/4195 3950/2238/4196
f 3950/2235/4196 3945/2236/4195 3946/2237/4197 3949/2238/4198
f 3949/2235/4198 3946/2236/4197 3947/2237/4137 3948/2238/4135
f 3906/2235/4099 3897/2236/4098 3967/2237/4181 3943/2238/4199
f 3943/2235/4199 3967/2236/4181 3966/2237/4182 3942/2238/4200
f 3942/2235/4200 3966/2236/4182 3965/2237/4183 3941/2238/4201
f 3941/2235/4201 3965/2236/4183 3964/2237/4144 3940/2238/4141
f 3760/2235/3541 3565/2236/3540 3932/2237/4202 3939/2238/4203
f 3939/2235/4203 3932/2236/4202 3933/2237/4204 3938/2238/4205
f 3938/2235/4205 3933/2236/4204 3934/2237/4206 3937/2238/4207
f 3937/2235/4207 3934/2236/4206 3935/2237/4128 3936/2238/4131
f 3706/2235/3832 3862/2236/3788 3924/2237/4208 3931/2238/4209
f 3931/2235/4209 3924/2236/4208 3925/2237/4210 3930/2238/4211
f 3930/2235/4211 3925/2236/4210 3926/2237/4212 3929/2238/4213
f 3929/2235/4213 3926/2236/4212 3927/2237/4132 3928/2238/4139
f 3850/2235/3592 3593/2236/3591 3979/2237/4173 3992/2238/4157
f 3992/2235/4157 3979/2236/4173 3978/2237/4175 3993/2238/4159
f 3993/2235/4159 3978/2236/4175 3977/2237/4177 3994/2238/4161
f 3994/2235/4161 3977/2236/4177 3976/2237/4143 3995/2238/4142
f 3707/2235/3787 3704/2236/3782 3916/2237/4214 3923/2238/4215
f 3923/2235/4215 3916/2236/4214 3917/2237/4216 3922/2238/4217
f 3922/2235/4217 3917/2236/4216 3918/2237/4218 3921/2238/4219
f 3921/2235/4219 3918/2236/4218 3919/2237/4134 3920/2238/4133
f 3698/2235/3684 3906/2236/4099 3943/2237/4199 3952/2238/4190
f 3952/2235/4190 3943/2236/4199 3942/2237/4200 3953/2238/4191
f 3953/2235/4191 3942/2236/4200 3941/2237/4201 3954/2238/4192
f 3954/2235/4192 3941/2236/4201 3940/2237/4141 3955/2238/4140
f 3733/2235/3784 3706/2236/3832 3931/2237/4209 3956/2238/4187
f 3956/2235/4187 3931/2236/4209 3930/2237/4211 3957/2238/4188
f 3957/2235/4188 3930/2236/4211 3929/2237/4213 3958/2238/4189
f 3958/2235/4189 3929/2236/4213 3928/2237/4139 3959/2238/4138
f 3705/2235/3731 3678/2236/3791 4015/2237/4108 3944/2238/4193
f 3944/2235/4193 4015/2236/4108 4014/2237/4106 3945/2238/4195
f 3945/2235/4195 4014/2236/4106 4013/2237/4102 3946/2238/4197
f 3946/2235/4197 4013/2236/4102 4012/2237/4105 3947/2238/4137
f 3859/2235/3736 3679/2236/3735 3987/2237/4167 4008/2238/4109
f 4008/2235/4109 3987/2236/4167 3986/2237/4169 4009/2238/4107
f 4009/2235/4107 3986/2236/4169 3985/2237/4171 4010/2238/4103
f 4010/2235/4103 3985/2236/4171 3984/2237/4136 4011/2238/4104
f 3704/2235/3782 3726/2236/3732 3951/2237/4194 3916/2238/4214
f 3916/2235/4214 3951/2236/4194 3950/2237/4196 3917/2238/4216
f 3917/2235/4216 3950/2236/4196 3949/2237/4198 3918/2238/4218
f 3918/2235/4218 3949/2236/4198 3948/2237/4135 3919/2238/4134
f 3862/2235/3788 3707/2236/3787 3923/2237/4215 3924/2238/4208
f 3924/2235/4208 3923/2236/4215 3922/2237/4217 3925/2238/4210
f 3925/2235/4210 3922/2236/4217 3921/2237/4219 3926/2238/4212
f 3926/2235/4212 3921/2236/4219 3920/2237/4133 3927/2238/4132
f 3564/2235/3595 3760/2236/3541 3939/2237/4203 3968/2238/4178
f 3968/2235/4178 3939/2236/4203 3938/2237/4205 3969/2238/4179
f 3969/2235/4179 3938/2236/4205 3937/2237/4207 3970/2238/4180
f 3970/2235/4180 3937/2236/4207 3936/2237/4131 3971/2238/4130
f 3562/2235/3533 3889/2236/4126 4031/2237/4124 3915/2238/4220
f 3915/2235/4220 4031/2236/4124 4030/2237/4122 3914/2238/4221
f 3914/2235/4221 4030/2236/4122 4029/2237/4118 3913/2238/4222
f 3913/2235/4222 4029/2236/4118 4028/2237/4121 3912/2238/4129
f 3565/2235/3540 3562/2236/3533 3915/2237/4220 3932/2238/4202
f 3932/2235/4202 3915/2236/4220 3914/2237/4221 3933/2238/4204
f 3933/2235/4204 3914/2236/4221 3913/2237/4222 3934/2238/4206
f 3934/2235/4206 3913/2236/4222 3912/2237/4129 3935/2238/4128
f 4392/2235/4223 4393/2236/4224 4037/2237/4225 4034/2238/4226
f 4034/2235/4226 4037/2236/4225 4036/2237/4062 4032/2238/3478
f 4039/2235/3483 4041/2236/3485 4043/2237/4227 4040/2238/4228
f 4040/2235/4228 4043/2236/4227 4429/2237/4059 4038/2238/4058
f 4394/2235/4090 4395/2236/4229 4049/2237/4230 4046/2238/4231
f 4046/2235/4231 4049/2236/4230 4048/2237/3477 4044/2238/3484
f 4393/2235/4224 4396/2236/3480 4052/2237/4232 4037/2238/4225
f 4037/2235/4225 4052/2236/4232 4051/2237/3830 4036/2238/4062
f 4395/2235/4229 4392/2236/4223 4034/2237/4226 4049/2238/4230
f 4049/2235/4230 4034/2236/4226 4032/2237/3478 4048/2238/3477
f 4397/2235/4233 4398/2236/4234 4058/2237/4235 4055/2238/4236
f 4055/2235/4236 4058/2236/4235 4057/2237/3544 4053/2238/3535
f 4060/2235/3542 4062/2236/3596 4064/2237/4237 4061/2238/4238
f 4061/2235/4238 4064/2236/4237 4430/2237/4065 4059/2238/4064
f 4399/2235/4091 4400/2236/4239 4070/2237/4240 4067/2238/4241
f 4067/2235/4241 4070/2236/4240 4069/2237/3534 4065/2238/3543
f 4400/2235/4239 4397/2236/4233 4055/2237/4236 4070/2238/4240
f 4070/2235/4240 4055/2236/4236 4053/2237/3535 4069/2238/3534
f 4401/2235/4242 4402/2236/4243 4076/2237/4244 4073/2238/4245
f 4073/2235/4245 4076/2236/4244 4075/2237/3539 4071/2238/3538
f 4078/2235/3593 4080/2236/3640 4082/2237/4246 4079/2238/4247
f 4079/2235/4247 4082/2236/4246 4431/2237/4069 4077/2238/4068
f 4403/2235/4092 4404/2236/4248 4088/2237/4249 4085/2238/4250
f 4085/2235/4250 4088/2236/4249 4087/2237/3586 4083/2238/3594
f 4404/2235/4248 4401/2236/4242 4073/2237/4245 4088/2238/4249
f 4088/2235/4249 4073/2236/4245 4071/2237/3538 4087/2238/3586
f 4405/2235/4251 4406/2236/4252 4094/2237/4253 4091/2238/4254
f 4091/2235/4254 4094/2236/4253 4093/2237/3590 4089/2238/3589
f 4096/2235/3637 4098/2236/3689 4100/2237/4255 4097/2238/4256
f 4097/2235/4256 4100/2236/4255 4413/2237/4073 4095/2238/4072
f 4407/2235/4093 4408/2236/4257 4106/2237/4258 4103/2238/4259
f 4103/2235/4259 4106/2236/4258 4105/2237/3634 4101/2238/3638
f 4408/2235/4257 4405/2236/4251 4091/2237/4254 4106/2238/4258
f 4106/2235/4258 4091/2236/4254 4089/2237/3589 4105/2238/3634
f 4409/2235/4260 4410/2236/4261 4112/2237/4262 4109/2238/4263
f 4109/2235/4263 4112/2236/4262 4111/2237/3636 4107/2238/3635
f 4114/2235/3687 4116/2236/3739 4118/2237/4264 4115/2238/4265
f 4115/2235/4265 4118/2236/4264 4418/2237/4077 4113/2238/4076
f 4411/2235/4094 4412/2236/4266 4124/2237/4267 4121/2238/4268
f 4121/2235/4268 4124/2236/4267 4123/2237/3683 4119/2238/3688
f 4410/2235/4261 4413/2236/4073 4100/2237/4255 4112/2238/4262
f 4112/2235/4262 4100/2236/4255 4098/2237/3689 4111/2238/3636
f 4412/2235/4266 4409/2236/4260 4109/2237/4263 4124/2238/4267
f 4124/2235/4267 4109/2236/4263 4107/2237/3635 4123/2238/3683
f 4414/2235/4269 4415/2236/4270 4130/2237/4271 4127/2238/4272
f 4127/2235/4272 4130/2236/4271 4129/2237/3686 4125/2238/3685
f 4132/2235/3737 4134/2236/3792 4136/2237/4273 4133/2238/4274
f 4133/2235/4274 4136/2236/4273 4425/2237/4081 4131/2238/4080
f 4416/2235/4095 4417/2236/4275 4142/2237/4276 4139/2238/4277
f 4139/2235/4277 4142/2236/4276 4141/2237/3730 4137/2238/3738
f 4415/2235/4270 4418/2236/4077 4118/2237/4264 4130/2238/4271
f 4130/2235/4271 4118/2236/4264 4116/2237/3739 4129/2238/3686
f 4417/2235/4275 4414/2236/4269 4127/2237/4272 4142/2238/4276
f 4142/2235/4276 4127/2236/4272 4125/2237/3685 4141/2238/3730
f 4419/2235/4278 4420/2236/4279 4148/2237/4280 4145/2238/4281
f 4145/2235/4281 4148/2236/4280 4147/2237/3734 4143/2238/3733
f 4150/2235/3789 4152/2236/3833 4154/2237/4282 4151/2238/4283
f 4151/2235/4283 4154/2236/4282 4424/2237/4085 4149/2238/4084
f 4421/2235/4096 4422/2236/4284 4160/2237/4285 4157/2238/4286
f 4157/2235/4286 4160/2236/4285 4159/2237/3783 4155/2238/3790
f 4423/2235/4287 4424/2236/4085 4154/2237/4282 4163/2238/4288
f 4163/2235/4288 4154/2236/4282 4152/2237/3833 4161/2238/3786
f 4420/2235/4279 4425/2236/4081 4136/2237/4273 4148/2238/4280
f 4148/2235/4280 4136/2236/4273 4134/2237/3792 4147/2238/3734
f 4422/2235/4284 4419/2236/4278 4145/2237/4281 4160/2238/4285
f 4160/2235/4285 4145/2236/4281 4143/2237/3733 4159/2238/3783
f 4426/2235/4289 4423/2236/4287 4163/2237/4288 4166/2238/4290
f 4166/2235/4290 4163/2236/4288 4161/2237/3786 4164/2238/3785
f 4427/2235/3828 4428/2236/4291 4172/2237/4292 4169/2238/4293
f 4169/2235/4293 4172/2236/4292 4171/2237/3827 4167/2238/3834
f 4174/2235/3831 4051/2236/3830 4052/2237/4232 4175/2238/4294
f 4175/2235/4294 4052/2236/4232 4396/2237/3480 4173/2238/3479
f 4428/2235/4291 4426/2236/4289 4166/2237/4290 4172/2238/4292
f 4172/2235/4292 4166/2236/4290 4164/2237/3785 4171/2238/3827
f 4398/2235/4234 4429/2236/4059 4043/2237/4227 4058/2238/4235
f 4058/2235/4235 4043/2236/4227 4041/2237/3485 4057/2238/3544
f 4402/2235/4243 4430/2236/4065 4064/2237/4237 4076/2238/4244
f 4076/2235/4244 4064/2236/4237 4062/2237/3596 4075/2238/3539
f 4406/2235/4252 4431/2236/4069 4082/2237/4246 4094/2238/4253
f 4094/2235/4253 4082/2236/4246 4080/2237/3640 4093/2238/3590
f 4044/2235/3484 4039/2236/3483 4040/2237/4228 4046/2238/4231
f 4046/2235/4231 4040/2236/4228 4038/2237/4058 4394/2238/4090
f 4065/2235/3543 4060/2236/3542 4061/2237/4238 4067/2238/4241
f 4067/2235/4241 4061/2236/4238 4059/2237/4064 4399/2238/4091
f 4083/2235/3594 4078/2236/3593 4079/2237/4247 4085/2238/4250
f 4085/2235/4250 4079/2236/4247 4077/2237/4068 4403/2238/4092
f 4101/2235/3638 4096/2236/3637 4097/2237/4256 4103/2238/4259
f 4103/2235/4259 4097/2236/4256 4095/2237/4072 4407/2238/4093
f 4119/2235/3688 4114/2236/3687 4115/2237/4265 4121/2238/4268
f 4121/2235/4268 4115/2236/4265 4113/2237/4076 4411/2238/4094
f 4137/2235/3738 4132/2236/3737 4133/2237/4274 4139/2238/4277
f 4139/2235/4277 4133/2236/4274 4131/2237/4080 4416/2238/4095
f 4155/2235/3790 4150/2236/3789 4151/2237/4283 4157/2238/4286
f 4157/2235/4286 4151/2236/4283 4149/2237/4084 4421/2238/4096
f 4167/2235/3834 4174/2236/3831 4175/2237/4294 4169/2238/4293
f 4169/2235/4293 4175/2236/4294 4173/2237/3479 4427/2238/3828
f 3533/2235/3476 3556/2236/3476 4032/2237/3478 4036/2238/4062
f 4192/2235/3443 4179/2236/3457 4181/2237/4295 4193/2238/4296
f 4193/2235/4296 4181/2236/4295 4180/2237/3461 4191/2238/3490
f 4297/2235/3528 4448/2236/3527 4449/2237/4297 4298/2238/4298
f 4298/2235/4298 4449/2236/4297 4450/2237/3839 4296/2238/3453
f 4189/2235/3470 4176/2236/3444 4178/2237/4299 4190/2238/4300
f 4190/2235/4300 4178/2236/4299 4177/2237/3489 4188/2238/3488
f 4179/2235/3457 4454/2236/3475 4184/2237/4301 4181/2238/4295
f 4181/2235/4295 4184/2236/4301 4183/2237/3462 4180/2238/3461
f 4176/2235/3444 4192/2236/3443 4193/2237/4296 4178/2238/4299
f 4178/2235/4299 4193/2236/4296 4191/2237/3490 4177/2238/3489
f 4207/2249/3511 4197/2248/3510 4199/2377/4302 4208/2378/4303
f 4208/2378/4303 4199/2377/4302 4198/2262/3516 4206/2261/3547
f 4300/2317/3911 4457/2320/3946 4458/2379/4304 4301/2380/4305
f 4301/2235/4305 4458/2236/4304 4459/2237/3842 4299/2238/3506
f 4197/2235/3510 4460/2236/3532 4202/2237/4306 4199/2238/4302
f 4199/2235/4302 4202/2236/4306 4201/2237/3517 4198/2238/3516
f 4195/2240/3447 4207/2249/3511 4208/2378/4303 4196/2381/4307
f 4196/2235/4307 4208/2236/4303 4206/2237/3547 4194/2238/3803
f 4222/2265/3568 4212/2264/3567 4214/2382/4308 4223/2383/4309
f 4223/2235/4309 4214/2236/4308 4213/2237/3573 4221/2238/3582
f 4212/2264/3567 4463/2278/3584 4217/2384/4310 4214/2382/4308
f 4214/2235/4308 4217/2236/4310 4216/2237/3574 4213/2238/3573
f 4203/2245/3501 4209/2244/3500 4211/2385/4311 4205/2386/4312
f 4205/2235/4312 4211/2236/4311 4210/2237/3553 4204/2238/3552
f 4209/2244/3500 4222/2265/3568 4223/2383/4309 4211/2385/4311
f 4211/2235/4311 4223/2236/4309 4221/2237/3582 4210/2238/3553
f 4237/2235/3617 4227/2236/3616 4229/2237/4313 4238/2238/4314
f 4238/2235/4314 4229/2236/4313 4228/2237/3622 4236/2238/3557
f 4234/2235/3920 4239/2236/3693 4241/2237/4315 4235/2238/4316
f 4235/2235/4316 4241/2236/4315 4240/2237/3605 4233/2238/3973
f 4227/2235/3616 4469/2236/3633 4232/2237/4317 4229/2238/4313
f 4229/2235/4313 4232/2236/4317 4231/2237/3623 4228/2238/3622
f 4219/2235/3971 4224/2236/3644 4226/2237/4318 4220/2238/4319
f 4220/2235/4319 4226/2236/4318 4225/2237/3556 4218/2238/3603
f 4224/2235/3644 4237/2236/3617 4238/2237/4314 4226/2238/4318
f 4226/2235/4318 4238/2236/4314 4236/2237/3557 4225/2238/3556
f 4252/2235/3665 4242/2236/3664 4244/2237/4320 4253/2238/4321
f 4253/2235/4321 4244/2236/4320 4243/2237/3670 4251/2238/3606
f 4242/2235/3664 4475/2236/3682 4247/2237/4322 4244/2238/4320
f 4244/2235/4320 4247/2236/4322 4246/2237/3671 4243/2238/3670
f 4249/2235/3976 4254/2236/3743 4256/2237/4323 4250/2238/4324
f 4250/2235/4324 4256/2236/4323 4255/2237/3653 4248/2238/3698
f 4239/2235/3693 4252/2236/3665 4253/2237/4321 4241/2238/4315
f 4241/2235/4315 4253/2236/4321 4251/2237/3606 4240/2238/3605
f 4267/2235/3712 4257/2236/3711 4259/2237/4325 4268/2238/4326
f 4268/2235/4326 4259/2236/4325 4258/2237/3717 4266/2238/3654
f 4264/2235/3913 4269/2236/3796 4271/2237/4327 4265/2238/4328
f 4265/2235/4328 4271/2236/4327 4270/2237/3700 4263/2238/3978
f 4257/2235/3711 4484/2236/3728 4262/2237/4329 4259/2238/4325
f 4259/2235/4325 4262/2236/4329 4261/2237/3718 4258/2238/3717
f 4254/2235/3743 4267/2236/3712 4268/2237/4326 4256/2238/4323
f 4256/2235/4323 4268/2236/4326 4266/2237/3654 4255/2238/3653
f 4282/2235/3764 4272/2236/3763 4274/2237/4330 4283/2238/4331
f 4283/2235/4331 4274/2236/4330 4273/2237/3769 4281/2238/3701
f 4272/2235/3763 4487/2236/3781 4277/2237/4332 4274/2238/4330
f 4274/2235/4330 4277/2236/4332 4276/2237/3770 4273/2238/3769
f 4269/2235/3796 4282/2236/3764 4283/2237/4331 4271/2238/4327
f 4271/2235/4327 4283/2236/4331 4281/2237/3701 4270/2238/3700
f 4294/2235/3810 4287/2236/3809 4289/2237/4333 4295/2238/4334
f 4295/2235/4334 4289/2236/4333 4288/2237/3815 4293/2238/3753
f 4287/2235/3809 4490/2236/3826 4292/2237/4335 4289/2238/4333
f 4289/2235/4333 4292/2236/4335 4291/2237/3816 4288/2238/3815
f 4279/2235/3982 4284/2236/3835 4286/2237/4336 4280/2238/4337
f 4280/2235/4337 4286/2236/4336 4285/2237/3752 4278/2238/3801
f 4284/2235/3835 4294/2236/3810 4295/2237/4334 4286/2238/4336
f 4286/2235/4336 4295/2236/4334 4293/2237/3753 4285/2238/3752
f 4185/2241/3448 4195/2240/3447 4196/2381/4307 4187/2387/4338
f 4187/2235/4338 4196/2236/4307 4194/2237/3803 4186/2238/3917
f 4182/2235/3919 4297/2236/3528 4298/2237/4298 4455/2238/4339
f 4455/2235/4339 4298/2236/4298 4296/2237/3453 4456/2238/3452
f 4200/2318/3912 4300/2317/3911 4301/2380/4305 4461/2388/4340
f 4461/2235/4340 4301/2236/4305 4299/2237/3506 4462/2238/3505
f 4495/2235/3824 4311/2236/3759 4313/2237/4341 4493/2238/4342
f 4493/2235/4342 4313/2236/4341 4312/2237/3942 4494/2238/3941
f 4483/2235/3778 4314/2236/3707 4316/2237/4343 4481/2238/4344
f 4481/2235/4344 4316/2236/4343 4315/2237/3751 4482/2238/3750
f 4468/2235/3679 4302/2236/3612 4304/2237/4345 4466/2238/4346
f 4466/2235/4346 4304/2236/4345 4303/2237/3652 4467/2238/3651
f 4480/2235/3726 4317/2236/3660 4319/2237/4347 4478/2238/4348
f 4478/2235/4348 4319/2236/4347 4318/2237/3927 4479/2238/3926
f 4453/2235/3498 4308/2236/3497 4310/2237/4349 4451/2238/4350
f 4451/2235/4350 4310/2236/4349 4309/2237/3931 4452/2238/3930
f 4474/2235/3631 4305/2236/3563 4307/2237/4351 4472/2238/4352
f 4472/2235/4352 4307/2236/4351 4306/2237/3936 4473/2238/3935
f 4305/2235/3563 4465/2236/3562 4464/2237/4353 4307/2238/4351
f 4307/2235/4351 4464/2236/4353 4215/2237/3938 4306/2238/3936
f 4302/2235/3612 4471/2236/3611 4470/2237/4354 4304/2238/4345
f 4304/2235/4345 4470/2236/4354 4230/2237/3923 4303/2238/3652
f 4317/2235/3660 4477/2236/3659 4476/2237/4355 4319/2238/4347
f 4319/2235/4347 4476/2236/4355 4245/2237/3929 4318/2238/3927
f 4314/2235/3707 4486/2236/3706 4485/2237/4356 4316/2238/4343
f 4316/2235/4343 4485/2236/4356 4260/2237/3916 4315/2238/3751
f 4311/2235/3759 4489/2236/3758 4488/2237/4357 4313/2238/4341
f 4313/2235/4341 4488/2236/4357 4275/2237/3944 4312/2238/3942
f 4308/2235/3497 4492/2236/3805 4491/2237/4358 4310/2238/4349
f 4310/2235/4349 4491/2236/4358 4290/2237/3932 4309/2238/3931
f 4177/2235/3489 4191/2236/3490 3559/2237/3465 3542/2238/3473
f 3538/2235/3466 3549/2236/3440 4321/2237/3952 4320/2238/4054
f 3547/2235/3468 3550/2236/3467 4323/2237/4045 4322/2238/4044
f 3550/2235/3467 3540/2236/3459 4324/2237/4055 4323/2238/4045
f 3549/2235/3440 3545/2236/3439 4325/2237/3948 4321/2238/3952
f 3545/2235/3439 3546/2236/3463 4326/2237/3451 4325/2238/3948
f 3548/2235/3472 3547/2236/3468 4322/2237/4044 4327/2238/3495
f 3557/2235/3458 3538/2236/3466 4320/2237/4054 4328/2238/4056
f 3540/2235/3459 3557/2236/3458 4328/2237/4056 4324/2238/4055
f 3567/2235/3521 3578/2236/3493 4330/2237/3962 4329/2238/3968
f 3576/2235/3523 3579/2236/3522 4332/2237/3950 4331/2238/3949
f 3579/2235/3522 3569/2236/3514 4333/2237/3956 4332/2238/3950
f 3578/2389/3493 3574/2258/3492 4334/2338/3960 4330/2341/3962
f 3574/2258/3492 3575/2257/3518 4335/2339/3504 4334/2338/3960
f 3577/2390/3529 3576/2391/3523 4331/2325/3949 4336/2326/3838
f 3585/2235/3513 3567/2236/3521 4329/2237/3968 4337/2238/3957
f 3569/2235/3514 3585/2236/3513 4337/2237/3957 4333/2238/3956
f 3595/2392/3578 3608/2393/3550 4339/2358/3988 4338/2362/3993
f 3604/2272/3580 3609/2271/3579 4341/2342/3963 4340/2334/3958
f 3609/2235/3579 3597/2236/3571 4342/2237/3967 4341/2238/3963
f 3608/2393/3550 3602/2280/3549 4343/2351/3984 4339/2358/3988
f 3602/2280/3549 3603/2279/3575 4344/2352/3561 4343/2351/3984
f 3605/2275/3555 3604/2272/3580 4340/2334/3958 4345/2337/3841
f 3615/2235/3570 3595/2236/3578 4338/2237/3993 4346/2238/3992
f 3597/2235/3571 3615/2236/3570 4346/2237/3992 4342/2238/3967
f 3625/2235/3626 3636/2236/3601 4348/2237/4001 4347/2238/4005
f 3634/2235/3628 3637/2236/3627 4350/2237/3986 4349/2238/3985
f 3637/2235/3627 3627/2236/3620 4351/2237/3994 4350/2238/3986
f 3636/2235/3601 3632/2236/3600 4352/2237/3997 4348/2238/4001
f 3632/2235/3600 3633/2236/3624 4353/2237/3610 4352/2238/3997
f 3635/2394/3604 3634/2395/3628 4349/2354/3985 4354/2355/3630
f 3643/2235/3619 3625/2236/3626 4347/2237/4005 4355/2238/3995
f 3627/2235/3620 3643/2236/3619 4355/2237/3995 4351/2238/3994
f 3653/2235/3674 3664/2236/3647 4357/2237/4011 4356/2238/4015
f 3662/2235/3676 3665/2236/3675 4359/2237/3999 4358/2238/3998
f 3665/2235/3675 3655/2236/3668 4360/2237/4016 4359/2238/3999
f 3664/2235/3647 3660/2236/3646 4361/2237/4007 4357/2238/4011
f 3660/2235/3646 3661/2236/3672 4362/2237/3658 4361/2238/4007
f 3663/2235/3680 3662/2236/3676 4358/2237/3998 4363/2238/3678
f 3671/2235/3667 3653/2236/3674 4356/2237/4015 4364/2238/4017
f 3655/2235/3668 3671/2236/3667 4364/2237/4017 4360/2238/4016
f 3681/2235/3721 3692/2236/3696 4366/2237/4023 4365/2238/4027
f 3690/2235/3723 3693/2236/3722 4368/2237/4009 4367/2238/4008
f 3693/2235/3722 3683/2236/3715 4369/2237/4029 4368/2238/4009
f 3692/2235/3696 3688/2236/3695 4370/2237/4019 4366/2238/4023
f 3688/2235/3695 3689/2236/3719 4371/2237/3705 4370/2238/4019
f 3691/2235/3699 3690/2236/3723 4367/2237/4008 4372/2238/3725
f 3699/2235/3714 3681/2236/3721 4365/2237/4027 4373/2238/4028
f 3683/2235/3715 3699/2236/3714 4373/2237/4028 4369/2238/4029
f 3709/2235/3773 3720/2236/3746 4375/2237/4035 4374/2238/4039
f 3718/2235/3775 3721/2236/3774 4377/2237/4021 4376/2238/4020
f 3721/2235/3774 3711/2236/3767 4378/2237/4041 4377/2238/4021
f 3720/2235/3746 3716/2236/3745 4379/2237/4031 4375/2238/4035
f 3716/2235/3745 3717/2236/3771 4380/2237/3757 4379/2238/4031
f 3719/2235/3779 3718/2236/3775 4376/2237/4020 4381/2238/3777
f 3727/2235/3766 3709/2236/3773 4374/2237/4039 4382/2238/4040
f 3711/2235/3767 3727/2236/3766 4382/2237/4040 4378/2238/4041
f 3736/2235/3819 3747/2236/3799 4384/2237/4047 4383/2238/4051
f 3745/2235/3821 3748/2236/3820 4386/2237/4033 4385/2238/4032
f 3748/2235/3820 3738/2236/3813 4387/2237/4053 4386/2238/4033
f 3747/2235/3799 3743/2236/3798 4388/2237/4043 4384/2238/4047
f 3743/2235/3798 3744/2236/3817 4389/2237/3804 4388/2238/4043
f 3746/2235/3802 3745/2236/3821 4385/2237/4032 4390/2238/3823
f 3753/2235/3812 3736/2236/3819 4383/2237/4051 4391/2238/4052
f 3738/2235/3813 3753/2236/3812 4391/2237/4052 4387/2238/4053
f 4033/2235/3486 4035/2236/3487 4393/2237/4224 4392/2238/4223
f 4045/2235/4060 4047/2236/4057 4395/2237/4229 4394/2238/4090
f 4035/2235/3487 4050/2236/4061 4396/2237/3480 4393/2238/4224
f 4047/2235/4057 4033/2236/3486 4392/2237/4223 4395/2238/4229
f 4054/2259/3545 4056/2260/3546 4398/2396/4234 4397/2397/4233
f 4066/2235/4066 4068/2236/4063 4400/2237/4239 4399/2238/4091
f 4068/2368/4063 4054/2259/3545 4397/2397/4233 4400/2398/4239
f 4072/2235/3597 4074/2236/3598 4402/2237/4243 4401/2238/4242
f 4084/2235/4070 4086/2236/4067 4404/2237/4248 4403/2238/4092
f 4086/2235/4067 4072/2236/3597 4401/2237/4242 4404/2238/4248
f 4090/2283/3641 4092/2286/3643 4406/2399/4252 4405/2400/4251
f 4102/2235/4074 4104/2236/4071 4408/2237/4257 4407/2238/4093
f 4104/2371/4071 4090/2283/3641 4405/2400/4251 4408/2401/4257
f 4108/2235/3690 4110/2236/3692 4410/2237/4261 4409/2238/4260
f 4120/2235/4078 4122/2236/4075 4412/2237/4266 4411/2238/4094
f 4110/2235/3692 4099/2236/3972 4413/2237/4073 4410/2238/4261
f 4122/2235/4075 4108/2236/3690 4409/2237/4260 4412/2238/4266
f 4126/2235/3740 4128/2236/3742 4415/2237/4270 4414/2238/4269
f 4138/2235/4082 4140/2236/4079 4417/2237/4275 4416/2238/4095
f 4128/2235/3742 4117/2236/3975 4418/2237/4077 4415/2238/4270
f 4140/2235/4079 4126/2236/3740 4414/2237/4269 4417/2238/4275
f 4144/2235/3793 4146/2236/3795 4420/2237/4279 4419/2238/4278
f 4156/2235/4086 4158/2236/4083 4422/2237/4284 4421/2238/4096
f 4162/2235/3979 4153/2236/3981 4424/2237/4085 4423/2238/4287
f 4146/2235/3795 4135/2236/3977 4425/2237/4081 4420/2238/4279
f 4158/2235/4083 4144/2236/3793 4419/2237/4278 4422/2238/4284
f 4165/2235/4087 4162/2236/3979 4423/2237/4287 4426/2238/4289
f 4168/2235/4088 4170/2236/4089 4428/2237/4291 4427/2238/3828
f 4170/2235/4089 4165/2236/4087 4426/2237/4289 4428/2238/4291
f 4056/2260/3546 4042/2287/3837 4429/2402/4059 4398/2396/4234
f 4074/2235/3598 4063/2236/3840 4430/2237/4065 4402/2238/4243
f 4092/2286/3643 4081/2349/3970 4431/2403/4069 4406/2399/4252
f 4050/2235/4061 4432/2236/3471 3554/2237/3481 4396/2238/3480
f 4042/2287/3837 4433/2242/3449 3551/2404/3526 4429/2402/4059
f 4434/2235/3474 4045/2236/4060 4394/2237/4090 3555/2238/3918
f 4063/2235/3840 4435/2236/3502 3580/2237/3945 4430/2238/4065
f 4436/2235/3531 4066/2236/4066 4399/2237/4091 3583/2238/3909
f 4081/2349/3970 4437/2348/3969 3610/2405/3934 4431/2403/4069
f 4438/2277/3583 4084/2370/4070 4403/2406/4092 3613/2407/3937
f 4099/2235/3972 4439/2236/3921 3638/2237/3650 4413/2238/4073
f 4440/2235/3632 4102/2236/4074 4407/2237/4093 3641/2238/3922
f 4117/2235/3975 4441/2236/3974 3666/2237/3925 4418/2238/4077
f 4442/2235/3681 4120/2236/4078 4411/2237/4094 3669/2238/3928
f 4135/2235/3977 4443/2236/3914 3694/2237/3749 4425/2238/4081
f 4444/2235/3727 4138/2236/4082 4416/2237/4095 3697/2238/3915
f 4153/2235/3981 4445/2236/3980 3722/2237/3940 4424/2238/4085
f 4446/2235/3780 4156/2236/4086 4421/2237/4096 3725/2238/3943
f 4447/2235/3825 4168/2236/4088 4427/2237/3828 3751/2238/3829
f 4185/2235/3448 4187/2236/4338 4449/2237/4297 4448/2238/3527
f 4187/2235/4338 4186/2236/3917 4450/2237/3839 4449/2238/4297
f 4189/2235/3470 4190/2236/4300 4451/2237/4350 4452/2238/3930
f 4190/2235/4300 4188/2236/3488 4453/2237/3498 4451/2238/4350
f 4184/2235/4301 4454/2236/3475 4182/2237/3919 4455/2238/4339
f 4183/2235/3462 4184/2236/4301 4455/2237/4339 4456/2238/3452
f 4203/2245/3501 4205/2386/4312 4458/2379/4304 4457/2320/3946
f 4205/2235/4312 4204/2236/3552 4459/2237/3842 4458/2238/4304
f 4202/2235/4306 4460/2236/3532 4200/2237/3912 4461/2238/4340
f 4201/2235/3517 4202/2236/4306 4461/2237/4340 4462/2238/3505
f 4217/2384/4310 4463/2278/3584 4215/2408/3938 4464/2409/4353
f 4216/2410/3574 4217/2384/4310 4464/2409/4353 4465/2411/3562
f 4234/2235/3920 4235/2236/4316 4466/2237/4346 4467/2238/3651
f 4235/2235/4316 4233/2236/3973 4468/2237/3679 4466/2238/4346
f 4232/2235/4317 4469/2236/3633 4230/2237/3923 4470/2238/4354
f 4231/2235/3623 4232/2236/4317 4470/2237/4354 4471/2238/3611
f 4219/2235/3971 4220/2236/4319 4472/2237/4352 4473/2238/3935
f 4220/2235/4319 4218/2236/3603 4474/2237/3631 4472/2238/4352
f 4247/2235/4322 4475/2236/3682 4245/2237/3929 4476/2238/4355
f 4246/2235/3671 4247/2236/4322 4476/2237/4355 4477/2238/3659
f 4249/2235/3976 4250/2236/4324 4478/2237/4348 4479/2238/3926
f 4250/2235/4324 4248/2236/3698 4480/2237/3726 4478/2238/4348
f 4264/2235/3913 4265/2236/4328 4481/2237/4344 4482/2238/3750
f 4265/2235/4328 4263/2236/3978 4483/2237/3778 4481/2238/4344
f 4262/2235/4329 4484/2236/3728 4260/2237/3916 4485/2238/4356
f 4261/2235/3718 4262/2236/4329 4485/2237/4356 4486/2238/3706
f 4277/2235/4332 4487/2236/3781 4275/2237/3944 4488/2238/4357
f 4276/2235/3770 4277/2236/4332 4488/2237/4357 4489/2238/3758
f 4292/2235/4335 4490/2236/3826 4290/2237/3932 4491/2238/4358
f 4291/2235/3816 4292/2236/4335 4491/2237/4358 4492/2238/3805
f 4279/2235/3982 4280/2236/4337 4493/2237/4342 4494/2238/3941
f 4280/2235/4337 4278/2236/3801 4495/2237/3824 4493/2238/4342
f 4188/2235/3488 3548/2236/3472 4327/2237/3495 4453/2238/3498
f 4432/2235/3471 4189/2236/3470 4452/2237/3930 3554/2238/3481
f 3546/2235/3463 4183/2236/3462 4456/2237/3452 4326/2238/3451
f 4454/2235/3475 4434/2236/3474 3555/2237/3918 4182/2238/3919
f 4186/2235/3917 3577/2236/3529 4336/2237/3838 4450/2238/3839
f 4433/2242/3449 4185/2241/3448 4448/2412/3527 3551/2404/3526
f 3575/2235/3518 4201/2236/3517 4462/2237/3505 4335/2238/3504
f 4460/2256/3532 4436/2255/3531 3583/2315/3909 4200/2318/3912
f 4204/2235/3552 3605/2236/3555 4345/2237/3841 4459/2238/3842
f 4435/2246/3502 4203/2245/3501 4457/2320/3946 3580/2319/3945
f 3603/2279/3575 4216/2410/3574 4465/2411/3562 4344/2352/3561
f 4463/2278/3584 4438/2277/3583 3613/2407/3937 4215/2408/3938
f 4437/2235/3969 4219/2236/3971 4473/2237/3935 3610/2238/3934
f 4218/2235/3603 3635/2236/3604 4354/2237/3630 4474/2238/3631
f 3633/2235/3624 4231/2236/3623 4471/2237/3611 4353/2238/3610
f 4469/2413/3633 4440/2414/3632 3641/2415/3922 4230/2416/3923
f 4233/2235/3973 3663/2236/3680 4363/2237/3678 4468/2238/3679
f 4439/2235/3921 4234/2236/3920 4467/2237/3651 3638/2238/3650
f 3661/2235/3672 4246/2236/3671 4477/2237/3659 4362/2238/3658
f 4475/2235/3682 4442/2236/3681 3669/2237/3928 4245/2238/3929
f 4441/2235/3974 4249/2236/3976 4479/2237/3926 3666/2238/3925
f 4248/2235/3698 3691/2236/3699 4372/2237/3725 4480/2238/3726
f 3689/2235/3719 4261/2236/3718 4486/2237/3706 4371/2238/3705
f 4484/2235/3728 4444/2236/3727 3697/2237/3915 4260/2238/3916
f 4263/2235/3978 3719/2236/3779 4381/2237/3777 4483/2238/3778
f 4443/2235/3914 4264/2236/3913 4482/2237/3750 3694/2238/3749
f 3717/2235/3771 4276/2236/3770 4489/2237/3758 4380/2238/3757
f 4487/2235/3781 4446/2236/3780 3725/2237/3943 4275/2238/3944
f 4445/2235/3980 4279/2236/3982 4494/2237/3941 3722/2238/3940
f 4278/2235/3801 3746/2236/3802 4390/2237/3823 4495/2238/3824
f 3744/2235/3817 4291/2236/3816 4492/2237/3805 4389/2238/3804
f 4490/2235/3826 4447/2236/3825 3751/2237/3829 4290/2238/3932
f 3786/2235/3885 5074/2236/4359 5078/2237/4360 3787/2238/3899
f 3764/2417/3887 4986/2418/4361 4990/2419/4362 3765/2313/3901
f 3773/2307/3889 5022/2420/4363 5026/2421/4364 3774/2311/3903
f 3782/2235/3891 5058/2236/4365 5062/2237/4366 3783/2238/3905
f 3791/2235/3893 5094/2236/4367 5098/2237/4368 3792/2238/3907
f 3769/2309/3895 5006/2422/4369 5010/2423/4370 3770/2289/3847
f 3778/2235/3897 5042/2236/4371 5046/2237/4372 3779/2238/3851
f 3787/2235/3899 5078/2236/4360 5082/2237/4373 3788/2238/3855
f 3765/2313/3901 4990/2419/4362 4994/2424/4374 3766/2293/3859
f 3774/2311/3903 5026/2421/4364 5030/2425/4375 3775/2297/3863
f 3783/2235/3905 5062/2236/4366 5066/2237/4376 3784/2238/3867
f 3792/2235/3907 5098/2236/4368 5102/2237/3844 3793/2238/3843
f 3770/2289/3847 5010/2423/4370 5014/2426/4377 3771/2290/3848
f 3779/2235/3851 5046/2236/4372 5050/2237/4378 3780/2238/3852
f 3788/2235/3855 5082/2236/4373 5086/2237/4379 3789/2238/3856
f 3766/2293/3859 4994/2424/4374 4998/2427/4380 3767/2294/3860
f 3775/2297/3863 5030/2425/4375 5034/2428/4381 3776/2298/3864
f 3784/2235/3867 5066/2236/4376 5070/2237/4382 3785/2238/3868
f 3771/2290/3848 5014/2426/4377 5018/2429/4383 3772/2301/3875
f 3780/2235/3852 5050/2236/4378 5054/2237/4384 3781/2238/3877
f 3789/2235/3856 5086/2236/4379 5090/2237/4385 3790/2238/3879
f 3767/2294/3860 4998/2427/4380 5002/2430/4386 3768/2303/3881
f 3776/2298/3864 5034/2428/4381 5038/2431/4387 3777/2305/3883
f 3785/2235/3868 5070/2236/4382 5074/2237/4359 3786/2238/3885
f 3762/2235/3846 4977/2236/3845 4982/2237/4388 3763/2238/3871
f 3763/2235/3871 4982/2236/4388 4986/2237/4361 3764/2238/3887
f 3772/2301/3875 5018/2429/4383 5022/2420/4363 3773/2307/3889
f 3781/2235/3877 5054/2236/4384 5058/2237/4365 3782/2238/3891
f 3790/2235/3879 5090/2236/4385 5094/2237/4367 3791/2238/3893
f 3768/2303/3881 5002/2430/4386 5006/2422/4369 3769/2309/3895
f 3777/2305/3883 5038/2431/4387 5042/2432/4371 3778/2433/3897
f 4726/2434/4389 4730/2435/4390 5111/2436/4391 5108/2437/4392
f 4762/2438/4393 4766/2439/4394 5138/2440/4395 5135/2441/4396
f 4818/2442/4397 4822/2443/4398 5180/2444/4399 5177/2445/4400
f 4766/2235/4394 4770/2236/4401 5141/2237/4402 5138/2238/4395
f 4822/2446/4398 4826/2447/4403 5183/2448/4404 5180/2449/4399
f 4770/2235/4401 4774/2236/4405 5144/2237/4406 5141/2238/4402
f 4826/2447/4403 4830/2450/4407 5186/2451/4408 5183/2448/4404
f 4774/2452/4405 4778/2453/4409 5147/2454/4410 5144/2455/4406
f 4830/2456/4407 4834/2457/4411 5189/2458/4412 5186/2459/4408
f 4778/2453/4409 4782/2460/4413 5150/2461/4414 5147/2454/4410
f 4834/2457/4411 4838/2462/4415 5192/2463/4416 5189/2458/4412
f 4496/2464/4417 4501/2465/4418 4853/2466/4419 4850/2467/4420
f 4782/2235/4413 4786/2236/4421 5153/2237/4422 5150/2238/4414
f 4838/2468/4415 4842/2469/4423 5195/2470/4424 5192/2471/4416
f 4786/2235/4421 4790/2236/4425 5156/2237/4426 5153/2238/4422
f 4734/2235/4427 4738/2236/4428 5117/2237/4429 5114/2238/4430
f 4842/2472/4423 4846/2473/4431 5198/2474/4432 5195/2475/4424
f 4790/2476/4425 4794/2477/4433 5159/2478/4434 5156/2479/4426
f 4738/2235/4428 4742/2236/4435 5120/2237/4436 5117/2238/4429
f 4846/2480/4431 4721/2481/4437 5105/2482/4438 5198/2483/4432
f 4794/2477/4433 4798/2484/4439 5162/2485/4440 5159/2478/4434
f 4742/2486/4435 4746/2487/4441 5123/2488/4442 5120/2489/4436
f 4798/2490/4439 4802/2491/4443 5165/2492/4444 5162/2493/4440
f 4746/2494/4441 4750/2495/4445 5126/2496/4446 5123/2497/4442
f 4730/2435/4390 4734/2498/4427 5114/2499/4430 5111/2436/4391
f 4802/2491/4443 4806/2500/4447 5168/2501/4448 5165/2492/4444
f 4750/2235/4445 4754/2236/4449 5129/2237/4450 5126/2238/4446
f 4806/2502/4447 4810/2503/4451 5171/2504/4452 5168/2505/4448
f 4754/2235/4449 4758/2236/4453 5132/2237/4454 5129/2238/4450
f 4810/2503/4451 4814/2506/4455 5174/2507/4456 5171/2504/4452
f 4758/2508/4453 4762/2438/4393 5135/2441/4396 5132/2509/4454
f 4773/2510/4457 4769/2511/4458 4898/2512/4459 4902/2513/4460
f 4829/2514/4461 4825/2515/4462 4954/2516/4463 4958/2517/4464
f 4777/2518/4465 4773/2519/4457 4902/2520/4460 4906/2521/4466
f 4833/2522/4467 4829/2514/4461 4958/2517/4464 4962/2523/4468
f 4781/2524/4469 4777/2518/4465 4906/2521/4466 4910/2525/4470
f 4722/2526/4471 4845/2527/4472 4974/2528/4473 4849/2529/4474
f 4837/2530/4475 4833/2522/4467 4962/2523/4468 4966/2531/4476
f 4785/2532/4477 4781/2524/4469 4910/2525/4470 4914/2533/4478
f 4733/2534/4479 4729/2535/4480 4858/2536/4481 4862/2537/4482
f 4841/2538/4483 4837/2530/4475 4966/2531/4476 4970/2539/4484
f 4789/2540/4485 4785/2532/4477 4914/2533/4478 4918/2541/4486
f 4737/2542/4487 4733/2534/4479 4862/2537/4482 4866/2543/4488
f 4845/2527/4472 4841/2544/4483 4970/2545/4484 4974/2528/4473
f 4793/2546/4489 4789/2540/4485 4918/2541/4486 4922/2547/4490
f 4741/2548/4491 4737/2542/4487 4866/2543/4488 4870/2549/4492
f 4501/2465/4418 4505/2550/4493 4857/2551/4494 4853/2466/4419
f 4797/2552/4495 4793/2546/4489 4922/2547/4490 4926/2553/4496
f 4745/2554/4497 4741/2548/4491 4870/2549/4492 4874/2555/4498
f 4729/2535/4480 4725/2556/4499 4854/2557/4500 4858/2536/4481
f 4801/2558/4501 4797/2552/4495 4926/2553/4496 4930/2559/4502
f 4749/2560/4503 4745/2561/4497 4874/2562/4498 4878/2563/4504
f 4805/2564/4505 4801/2558/4501 4930/2559/4502 4934/2565/4506
f 4753/2566/4507 4749/2560/4503 4878/2563/4504 4882/2567/4508
f 4809/2568/4509 4805/2569/4505 4934/2570/4506 4938/2571/4510
f 4757/2572/4511 4753/2566/4507 4882/2567/4508 4886/2573/4512
f 4813/2574/4513 4809/2568/4509 4938/2571/4510 4942/2575/4514
f 4761/2576/4515 4757/2572/4511 4886/2573/4512 4890/2577/4516
f 4817/2578/4517 4813/2574/4513 4942/2575/4514 4946/2579/4518
f 4765/2580/4519 4761/2576/4515 4890/2577/4516 4894/2581/4520
f 4821/2582/4521 4817/2578/4517 4946/2579/4518 4950/2583/4522
f 4769/2511/4458 4765/2580/4519 4894/2581/4520 4898/2512/4459
f 4825/2515/4462 4821/2582/4521 4950/2583/4522 4954/2516/4463
f 4573/2584/4523 4577/2585/4524 4929/2586/4525 4925/2587/4526
f 4521/2588/4527 4525/2589/4528 4877/2590/4529 4873/2591/4530
f 4505/2550/4493 4509/2592/4531 4861/2593/4532 4857/2551/4494
f 4577/2594/4524 4581/2595/4533 4933/2596/4534 4929/2597/4525
f 4525/2589/4528 4529/2598/4535 4881/2599/4536 4877/2590/4529
f 4581/2600/4533 4585/2601/4537 4937/2602/4538 4933/2603/4534
f 4529/2598/4535 4533/2604/4539 4885/2605/4540 4881/2599/4536
f 4585/2601/4537 4589/2606/4541 4941/2607/4542 4937/2602/4538
f 4533/2604/4539 4537/2608/4543 4889/2609/4544 4885/2605/4540
f 4589/2606/4541 4593/2610/4545 4945/2611/4546 4941/2607/4542
f 4537/2608/4543 4541/2612/4547 4893/2613/4548 4889/2609/4544
f 4593/2610/4545 4597/2614/4549 4949/2615/4550 4945/2611/4546
f 4541/2612/4547 4545/2616/4551 4897/2617/4552 4893/2613/4548
f 4597/2614/4549 4601/2618/4553 4953/2619/4554 4949/2615/4550
f 4545/2616/4551 4549/2620/4555 4901/2621/4556 4897/2617/4552
f 4601/2618/4553 4605/2622/4557 4957/2623/4558 4953/2619/4554
f 4549/2624/4555 4553/2625/4559 4905/2626/4560 4901/2627/4556
f 4605/2622/4557 4609/2628/4561 4961/2629/4562 4957/2623/4558
f 4553/2625/4559 4557/2630/4563 4909/2631/4564 4905/2626/4560
f 4609/2632/4561 4613/2633/4565 4965/2634/4566 4961/2635/4562
f 4557/2630/4563 4561/2636/4567 4913/2637/4568 4909/2631/4564
f 4497/2638/4569 4658/2639/4570 4719/2640/4571
f 4613/2633/4565 4617/2641/4572 4969/2642/4573 4965/2634/4566
f 4561/2636/4567 4565/2643/4574 4917/2644/4575 4913/2637/4568
f 4509/2592/4531 4513/2645/4576 4865/2646/4577 4861/2593/4532
f 4617/2647/4572 4621/2648/4578 4973/2649/4579 4969/2650/4573
f 4565/2643/4574 4569/2651/4580 4921/2652/4581 4917/2644/4575
f 4513/2645/4576 4517/2653/4582 4869/2654/4583 4865/2646/4577
f 4621/2648/4578 4496/2464/4417 4850/2467/4420 4973/2649/4579
f 4569/2235/4580 4573/2236/4523 4925/2237/4526 4921/2238/4581
f 4517/2653/4582 4521/2655/4527 4873/2656/4530 4869/2654/4583
f 4501/2465/4418 4496/2464/4417 4498/2657/4584 4504/2658/4585
f 4504/2658/4585 4498/2657/4584 4499/2659/4586 4503/2660/4587
f 4503/2661/4587 4499/2662/4586 4500/2663/4588 4502/2664/4589
f 4502/2664/4589 4500/2663/4588 4625/2665/4590 4626/2666/4591
f 4505/2550/4493 4501/2465/4418 4504/2658/4585 4508/2667/4592
f 4508/2667/4592 4504/2658/4585 4503/2660/4587 4507/2668/4593
f 4507/2669/4593 4503/2661/4587 4502/2664/4589 4506/2670/4594
f 4506/2670/4594 4502/2664/4589 4626/2666/4591 4627/2671/4595
f 4509/2592/4531 4505/2550/4493 4508/2667/4592 4512/2672/4596
f 4512/2672/4596 4508/2667/4592 4507/2668/4593 4511/2673/4597
f 4511/2674/4597 4507/2669/4593 4506/2670/4594 4510/2675/4598
f 4510/2675/4598 4506/2670/4594 4627/2671/4595 4628/2676/4599
f 4513/2645/4576 4509/2592/4531 4512/2672/4596 4516/2677/4600
f 4516/2677/4600 4512/2672/4596 4511/2673/4597 4515/2678/4601
f 4515/2679/4601 4511/2674/4597 4510/2675/4598 4514/2680/4602
f 4514/2680/4602 4510/2675/4598 4628/2676/4599 4629/2681/4603
f 4517/2653/4582 4513/2645/4576 4516/2677/4600 4520/2682/4604
f 4520/2682/4604 4516/2677/4600 4515/2678/4601 4519/2683/4605
f 4519/2684/4605 4515/2679/4601 4514/2680/4602 4518/2685/4606
f 4518/2685/4606 4514/2680/4602 4629/2681/4603 4630/2686/4607
f 4521/2655/4527 4517/2653/4582 4520/2682/4604 4524/2687/4608
f 4524/2687/4608 4520/2682/4604 4519/2683/4605 4523/2688/4609
f 4523/2689/4609 4519/2684/4605 4518/2685/4606 4522/2690/4610
f 4522/2690/4610 4518/2685/4606 4630/2686/4607 4631/2691/4611
f 4525/2589/4528 4521/2588/4527 4524/2692/4608 4528/2693/4612
f 4528/2693/4612 4524/2692/4608 4523/2694/4609 4527/2695/4613
f 4527/2696/4613 4523/2689/4609 4522/2690/4610 4526/2697/4614
f 4526/2697/4614 4522/2690/4610 4631/2691/4611 4632/2698/4615
f 4529/2598/4535 4525/2589/4528 4528/2693/4612 4532/2699/4616
f 4532/2699/4616 4528/2693/4612 4527/2695/4613 4531/2700/4617
f 4531/2701/4617 4527/2696/4613 4526/2697/4614 4530/2702/4618
f 4530/2702/4618 4526/2697/4614 4632/2698/4615 4633/2703/4619
f 4533/2604/4539 4529/2598/4535 4532/2699/4616 4536/2704/4620
f 4536/2704/4620 4532/2699/4616 4531/2700/4617 4535/2705/4621
f 4535/2706/4621 4531/2701/4617 4530/2702/4618 4534/2707/4622
f 4534/2707/4622 4530/2702/4618 4633/2703/4619 4634/2708/4623
f 4537/2608/4543 4533/2604/4539 4536/2704/4620 4540/2709/4624
f 4540/2709/4624 4536/2704/4620 4535/2705/4621 4539/2710/4625
f 4539/2711/4625 4535/2706/4621 4534/2707/4622 4538/2712/4626
f 4538/2712/4626 4534/2707/4622 4634/2708/4623 4635/2713/4627
f 4541/2612/4547 4537/2608/4543 4540/2709/4624 4544/2714/4628
f 4544/2714/4628 4540/2709/4624 4539/2710/4625 4543/2715/4629
f 4543/2716/4629 4539/2711/4625 4538/2712/4626 4542/2717/4630
f 4542/2717/4630 4538/2712/4626 4635/2713/4627 4636/2718/4631
f 4545/2616/4551 4541/2612/4547 4544/2714/4628 4548/2719/4632
f 4548/2719/4632 4544/2714/4628 4543/2715/4629 4547/2720/4633
f 4547/2721/4633 4543/2716/4629 4542/2717/4630 4546/2722/4634
f 4546/2722/4634 4542/2717/4630 4636/2718/4631 4637/2723/4635
f 4549/2620/4555 4545/2616/4551 4548/2719/4632 4552/2724/4636
f 4552/2724/4636 4548/2719/4632 4547/2720/4633 4551/2725/4637
f 4551/2726/4637 4547/2721/4633 4546/2722/4634 4550/2727/4638
f 4550/2727/4638 4546/2722/4634 4637/2723/4635 4638/2728/4639
f 4553/2625/4559 4549/2624/4555 4552/2729/4636 4556/2730/4640
f 4556/2731/4640 4552/2724/4636 4551/2725/4637 4555/2732/4641
f 4555/2733/4641 4551/2726/4637 4550/2727/4638 4554/2734/4642
f 4554/2734/4642 4550/2727/4638 4638/2728/4639 4639/2735/4643
f 4557/2630/4563 4553/2625/4559 4556/2730/4640 4560/2736/4644
f 4560/2736/4644 4556/2730/4640 4555/2737/4641 4559/2738/4645
f 4559/2739/4645 4555/2733/4641 4554/2734/4642 4558/2740/4646
f 4558/2740/4646 4554/2734/4642 4639/2735/4643 4640/2741/4647
f 4561/2636/4567 4557/2630/4563 4560/2736/4644 4564/2742/4648
f 4564/2742/4648 4560/2736/4644 4559/2738/4645 4563/2743/4649
f 4563/2744/4649 4559/2739/4645 4558/2740/4646 4562/2745/4650
f 4562/2745/4650 4558/2740/4646 4640/2741/4647 4641/2746/4651
f 4565/2643/4574 4561/2636/4567 4564/2742/4648 4568/2747/4652
f 4568/2747/4652 4564/2742/4648 4563/2743/4649 4567/2748/4653
f 4567/2749/4653 4563/2744/4649 4562/2745/4650 4566/2750/4654
f 4566/2750/4654 4562/2745/4650 4641/2746/4651 4642/2751/4655
f 4569/2651/4580 4565/2643/4574 4568/2747/4652 4572/2752/4656
f 4572/2752/4656 4568/2747/4652 4567/2748/4653 4571/2753/4657
f 4571/2754/4657 4567/2749/4653 4566/2750/4654 4570/2755/4658
f 4570/2755/4658 4566/2750/4654 4642/2751/4655 4643/2756/4659
f 4573/2757/4523 4569/2651/4580 4572/2752/4656 4576/2758/4660
f 4576/2758/4660 4572/2752/4656 4571/2753/4657 4575/2759/4661
f 4575/2760/4661 4571/2754/4657 4570/2755/4658 4574/2761/4662
f 4574/2761/4662 4570/2755/4658 4643/2756/4659 4644/2762/4663
f 4577/2594/4524 4573/2757/4523 4576/2758/4660 4580/2763/4664
f 4580/2763/4664 4576/2758/4660 4575/2759/4661 4579/2764/4665
f 4579/2765/4665 4575/2760/4661 4574/2761/4662 4578/2766/4666
f 4578/2766/4666 4574/2761/4662 4644/2762/4663 4645/2767/4667
f 4581/2595/4533 4577/2594/4524 4580/2763/4664 4584/2768/4668
f 4584/2768/4668 4580/2763/4664 4579/2764/4665 4583/2769/4669
f 4583/2770/4669 4579/2765/4665 4578/2766/4666 4582/2771/4670
f 4582/2771/4670 4578/2766/4666 4645/2767/4667 4646/2772/4671
f 4585/2601/4537 4581/2600/4533 4584/2773/4668 4588/2774/4672
f 4588/2774/4672 4584/2773/4668 4583/2775/4669 4587/2776/4673
f 4587/2777/4673 4583/2770/4669 4582/2771/4670 4586/2778/4674
f 4586/2778/4674 4582/2771/4670 4646/2772/4671 4647/2779/4675
f 4589/2606/4541 4585/2601/4537 4588/2774/4672 4592/2780/4676
f 4592/2780/4676 4588/2774/4672 4587/2776/4673 4591/2781/4677
f 4591/2782/4677 4587/2777/4673 4586/2778/4674 4590/2783/4678
f 4590/2783/4678 4586/2778/4674 4647/2779/4675 4648/2784/4679
f 4593/2610/4545 4589/2606/4541 4592/2780/4676 4596/2785/4680
f 4596/2785/4680 4592/2780/4676 4591/2781/4677 4595/2786/4681
f 4595/2787/4681 4591/2782/4677 4590/2783/4678 4594/2788/4682
f 4594/2788/4682 4590/2783/4678 4648/2784/4679 4649/2789/4683
f 4597/2614/4549 4593/2610/4545 4596/2785/4680 4600/2790/4684
f 4600/2790/4684 4596/2785/4680 4595/2786/4681 4599/2791/4685
f 4599/2792/4685 4595/2787/4681 4594/2788/4682 4598/2793/4686
f 4598/2793/4686 4594/2788/4682 4649/2789/4683 4650/2794/4687
f 4601/2618/4553 4597/2614/4549 4600/2790/4684 4604/2795/4688
f 4604/2795/4688 4600/2790/4684 4599/2791/4685 4603/2796/4689
f 4603/2797/4689 4599/2792/4685 4598/2793/4686 4602/2798/4690
f 4602/2798/4690 4598/2793/4686 4650/2794/4687 4651/2799/4691
f 4605/2622/4557 4601/2618/4553 4604/2795/4688 4608/2800/4692
f 4608/2800/4692 4604/2795/4688 4603/2796/4689 4607/2801/4693
f 4607/2802/4693 4603/2797/4689 4602/2798/4690 4606/2803/4694
f 4606/2803/4694 4602/2798/4690 4651/2799/4691 4652/2804/4695
f 4609/2628/4561 4605/2622/4557 4608/2800/4692 4612/2805/4696
f 4612/2805/4696 4608/2800/4692 4607/2801/4693 4611/2806/4697
f 4611/2807/4697 4607/2802/4693 4606/2803/4694 4610/2808/4698
f 4610/2808/4698 4606/2803/4694 4652/2804/4695 4653/2809/4699
f 4613/2810/4565 4609/2628/4561 4612/2805/4696 4616/2811/4700
f 4616/2811/4700 4612/2805/4696 4611/2806/4697 4615/2812/4701
f 4615/2813/4701 4611/2807/4697 4610/2808/4698 4614/2814/4702
f 4614/2814/4702 4610/2808/4698 4653/2809/4699 4654/2815/4703
f 4617/2816/4572 4613/2810/4565 4616/2811/4700 4620/2817/4704
f 4620/2817/4704 4616/2811/4700 4615/2812/4701 4619/2818/4705
f 4619/2819/4705 4615/2813/4701 4614/2814/4702 4618/2820/4706
f 4618/2820/4706 4614/2814/4702 4654/2815/4703 4655/2821/4707
f 4621/2648/4578 4617/2647/4572 4620/2822/4704 4624/2823/4708
f 4624/2823/4708 4620/2822/4704 4619/2824/4705 4623/2825/4709
f 4623/2826/4709 4619/2819/4705 4618/2820/4706 4622/2827/4710
f 4622/2827/4710 4618/2820/4706 4655/2821/4707 4656/2828/4711
f 4496/2464/4417 4621/2648/4578 4624/2823/4708 4498/2657/4584
f 4498/2657/4584 4624/2823/4708 4623/2825/4709 4499/2659/4586
f 4499/2662/4586 4623/2826/4709 4622/2827/4710 4500/2663/4588
f 4500/2663/4588 4622/2827/4710 4656/2828/4711 4625/2665/4590
f 4657/2829/4712 4660/2830/4713 4626/2666/4591 4625/2665/4590
f 4660/2830/4713 4662/2831/4714 4627/2671/4595 4626/2666/4591
f 4662/2831/4714 4664/2832/4715 4628/2676/4599 4627/2671/4595
f 4664/2832/4715 4666/2833/4716 4629/2681/4603 4628/2676/4599
f 4666/2833/4716 4668/2834/4717 4630/2686/4607 4629/2681/4603
f 4668/2834/4717 4670/2835/4718 4631/2691/4611 4630/2686/4607
f 4670/2835/4718 4672/2836/4719 4632/2698/4615 4631/2691/4611
f 4672/2836/4719 4674/2837/4720 4633/2703/4619 4632/2698/4615
f 4674/2837/4720 4676/2838/4721 4634/2708/4623 4633/2703/4619
f 4676/2838/4721 4678/2839/4722 4635/2713/4627 4634/2708/4623
f 4678/2839/4722 4680/2840/4723 4636/2718/4631 4635/2713/4627
f 4680/2840/4723 4682/2841/4724 4637/2723/4635 4636/2718/4631
f 4682/2841/4724 4684/2842/4725 4638/2728/4639 4637/2723/4635
f 4684/2842/4725 4686/2843/4726 4639/2735/4643 4638/2728/4639
f 4686/2843/4726 4688/2844/4727 4640/2741/4647 4639/2735/4643
f 4688/2844/4727 4690/2845/4728 4641/2746/4651 4640/2741/4647
f 4690/2845/4728 4692/2846/4729 4642/2751/4655 4641/2746/4651
f 4692/2846/4729 4694/2847/4730 4643/2756/4659 4642/2751/4655
f 4694/2847/4730 4696/2848/4731 4644/2762/4663 4643/2756/4659
f 4696/2848/4731 4698/2849/4732 4645/2767/4667 4644/2762/4663
f 4698/2849/4732 4700/2850/4733 4646/2772/4671 4645/2767/4667
f 4700/2850/4733 4702/2851/4734 4647/2779/4675 4646/2772/4671
f 4702/2851/4734 4704/2852/4735 4648/2784/4679 4647/2779/4675
f 4704/2852/4735 4706/2853/4736 4649/2789/4683 4648/2784/4679
f 4706/2853/4736 4708/2854/4737 4650/2794/4687 4649/2789/4683
f 4708/2854/4737 4710/2855/4738 4651/2799/4691 4650/2794/4687
f 4710/2855/4738 4712/2856/4739 4652/2804/4695 4651/2799/4691
f 4712/2856/4739 4714/2857/4740 4653/2809/4699 4652/2804/4695
f 4714/2857/4740 4716/2858/4741 4654/2815/4703 4653/2809/4699
f 4716/2858/4741 4718/2859/4742 4655/2821/4707 4654/2815/4703
f 4718/2859/4742 4720/2860/4743 4656/2828/4711 4655/2821/4707
f 4720/2860/4743 4657/2829/4712 4625/2665/4590 4656/2828/4711
f 4497/2638/4569 4719/2640/4571 4717/2861/4744
f 4719/2640/4571 4658/2639/4570 4657/2829/4712 4720/2860/4743
f 4497/2638/4569 4717/2861/4744 4715/2862/4745
f 4717/2861/4744 4719/2640/4571 4720/2860/4743 4718/2859/4742
f 4497/2638/4569 4715/2862/4745 4713/2863/4746
f 4715/2862/4745 4717/2861/4744 4718/2859/4742 4716/2858/4741
f 4497/2638/4569 4713/2863/4746 4711/2864/4747
f 4713/2863/4746 4715/2862/4745 4716/2858/4741 4714/2857/4740
f 4497/2638/4569 4711/2864/4747 4709/2865/4748
f 4711/2864/4747 4713/2863/4746 4714/2857/4740 4712/2856/4739
f 4497/2638/4569 4709/2865/4748 4707/2866/4749
f 4709/2865/4748 4711/2864/4747 4712/2856/4739 4710/2855/4738
f 4497/2638/4569 4707/2866/4749 4705/2867/4750
f 4707/2866/4749 4709/2865/4748 4710/2855/4738 4708/2854/4737
f 4497/2638/4569 4705/2867/4750 4703/2868/4751
f 4705/2867/4750 4707/2866/4749 4708/2854/4737 4706/2853/4736
f 4497/2638/4569 4703/2868/4751 4701/2869/4752
f 4703/2868/4751 4705/2867/4750 4706/2853/4736 4704/2852/4735
f 4497/2638/4569 4701/2869/4752 4699/2870/4753
f 4701/2869/4752 4703/2868/4751 4704/2852/4735 4702/2851/4734
f 4497/2638/4569 4699/2870/4753 4697/2871/4754
f 4699/2870/4753 4701/2869/4752 4702/2851/4734 4700/2850/4733
f 4497/2638/4569 4697/2871/4754 4695/2872/4755
f 4697/2871/4754 4699/2870/4753 4700/2850/4733 4698/2849/4732
f 4497/2638/4569 4695/2872/4755 4693/2873/4756
f 4695/2872/4755 4697/2871/4754 4698/2849/4732 4696/2848/4731
f 4497/2638/4569 4693/2873/4756 4691/2874/4757
f 4693/2873/4756 4695/2872/4755 4696/2848/4731 4694/2847/4730
f 4497/2638/4569 4691/2874/4757 4689/2875/4758
f 4691/2874/4757 4693/2873/4756 4694/2847/4730 4692/2846/4729
f 4497/2638/4569 4689/2875/4758 4687/2876/4759
f 4689/2875/4758 4691/2874/4757 4692/2846/4729 4690/2845/4728
f 4497/2638/4569 4687/2876/4759 4685/2877/4760
f 4687/2876/4759 4689/2875/4758 4690/2845/4728 4688/2844/4727
f 4497/2638/4569 4685/2877/4760 4683/2878/4761
f 4685/2877/4760 4687/2876/4759 4688/2844/4727 4686/2843/4726
f 4497/2638/4569 4683/2878/4761 4681/2879/4762
f 4683/2878/4761 4685/2877/4760 4686/2843/4726 4684/2842/4725
f 4497/2638/4569 4681/2879/4762 4679/2880/4763
f 4681/2879/4762 4683/2878/4761 4684/2842/4725 4682/2841/4724
f 4497/2638/4569 4679/2880/4763 4677/2881/4764
f 4679/2880/4763 4681/2879/4762 4682/2841/4724 4680/2840/4723
f 4497/2638/4569 4677/2881/4764 4675/2882/4765
f 4677/2881/4764 4679/2880/4763 4680/2840/4723 4678/2839/4722
f 4497/2638/4569 4675/2882/4765 4673/2883/4766
f 4675/2882/4765 4677/2881/4764 4678/2839/4722 4676/2838/4721
f 4497/2638/4569 4673/2883/4766 4671/2884/4767
f 4673/2883/4766 4675/2882/4765 4676/2838/4721 4674/2837/4720
f 4497/2638/4569 4671/2884/4767 4669/2885/4768
f 4671/2884/4767 4673/2883/4766 4674/2837/4720 4672/2836/4719
f 4497/2638/4569 4669/2885/4768 4667/2886/4769
f 4669/2885/4768 4671/2884/4767 4672/2836/4719 4670/2835/4718
f 4497/2638/4569 4667/2886/4769 4665/2887/4770
f 4667/2886/4769 4669/2885/4768 4670/2835/4718 4668/2834/4717
f 4497/2638/4569 4665/2887/4770 4663/2888/4771
f 4665/2887/4770 4667/2886/4769 4668/2834/4717 4666/2833/4716
f 4497/2638/4569 4663/2888/4771 4661/2889/4772
f 4663/2888/4771 4665/2887/4770 4666/2833/4716 4664/2832/4715
f 4497/2638/4569 4661/2889/4772 4659/2890/4773
f 4661/2889/4772 4663/2888/4771 4664/2832/4715 4662/2831/4714
f 4497/2638/4569 4659/2890/4773 4658/2639/4570
f 4659/2890/4773 4661/2889/4772 4662/2831/4714 4660/2830/4713
f 4658/2639/4570 4659/2890/4773 4660/2830/4713 4657/2829/4712
f 4726/2434/4389 4721/2891/4437 4723/2892/4774 4728/2893/4775
f 4728/2893/4775 4723/2892/4774 4724/2894/4776 4727/2895/4777
f 4727/2895/4777 4724/2894/4776 4722/2526/4471 4725/2556/4499
f 4730/2435/4390 4726/2434/4389 4728/2893/4775 4732/2896/4778
f 4732/2896/4778 4728/2893/4775 4727/2895/4777 4731/2897/4779
f 4731/2897/4779 4727/2895/4777 4725/2556/4499 4729/2535/4480
f 4734/2498/4427 4730/2435/4390 4732/2896/4778 4736/2898/4780
f 4736/2898/4780 4732/2896/4778 4731/2897/4779 4735/2899/4781
f 4735/2899/4781 4731/2897/4779 4729/2535/4480 4733/2534/4479
f 4738/2900/4428 4734/2498/4427 4736/2898/4780 4740/2901/4782
f 4740/2901/4782 4736/2898/4780 4735/2899/4781 4739/2902/4783
f 4739/2902/4783 4735/2899/4781 4733/2534/4479 4737/2542/4487
f 4742/2903/4435 4738/2900/4428 4740/2901/4782 4744/2904/4784
f 4744/2904/4784 4740/2901/4782 4739/2902/4783 4743/2905/4785
f 4743/2905/4785 4739/2902/4783 4737/2542/4487 4741/2548/4491
f 4746/2235/4441 4742/2236/4435 4744/2237/4784 4748/2238/4786
f 4748/2235/4786 4744/2236/4784 4743/2237/4785 4747/2238/4787
f 4747/2906/4787 4743/2905/4785 4741/2548/4491 4745/2554/4497
f 4750/2235/4445 4746/2236/4441 4748/2237/4786 4752/2238/4788
f 4752/2235/4788 4748/2236/4786 4747/2237/4787 4751/2238/4789
f 4751/2907/4789 4747/2908/4787 4745/2561/4497 4749/2560/4503
f 4754/2235/4449 4750/2236/4445 4752/2237/4788 4756/2238/4790
f 4756/2235/4790 4752/2236/4788 4751/2237/4789 4755/2238/4791
f 4755/2909/4791 4751/2907/4789 4749/2560/4503 4753/2566/4507
f 4758/2235/4453 4754/2236/4449 4756/2237/4790 4760/2238/4792
f 4760/2235/4792 4756/2236/4790 4755/2237/4791 4759/2238/4793
f 4759/2910/4793 4755/2909/4791 4753/2566/4507 4757/2572/4511
f 4762/2235/4393 4758/2236/4453 4760/2237/4792 4764/2238/4794
f 4764/2235/4794 4760/2236/4792 4759/2237/4793 4763/2238/4795
f 4763/2911/4795 4759/2910/4793 4757/2572/4511 4761/2576/4515
f 4766/2235/4394 4762/2236/4393 4764/2237/4794 4768/2238/4796
f 4768/2235/4796 4764/2236/4794 4763/2237/4795 4767/2238/4797
f 4767/2912/4797 4763/2911/4795 4761/2576/4515 4765/2580/4519
f 4770/2913/4401 4766/2914/4394 4768/2915/4796 4772/2916/4798
f 4772/2916/4798 4768/2915/4796 4767/2912/4797 4771/2917/4799
f 4771/2917/4799 4767/2912/4797 4765/2580/4519 4769/2511/4458
f 4774/2918/4405 4770/2913/4401 4772/2916/4798 4776/2919/4800
f 4776/2919/4800 4772/2916/4798 4771/2917/4799 4775/2920/4801
f 4775/2920/4801 4771/2917/4799 4769/2511/4458 4773/2510/4457
f 4778/2453/4409 4774/2452/4405 4776/2921/4800 4780/2922/4802
f 4780/2922/4802 4776/2921/4800 4775/2923/4801 4779/2924/4803
f 4779/2924/4803 4775/2923/4801 4773/2519/4457 4777/2518/4465
f 4782/2460/4413 4778/2453/4409 4780/2922/4802 4784/2925/4804
f 4784/2925/4804 4780/2922/4802 4779/2924/4803 4783/2926/4805
f 4783/2926/4805 4779/2924/4803 4777/2518/4465 4781/2524/4469
f 4786/2927/4421 4782/2460/4413 4784/2925/4804 4788/2928/4806
f 4788/2928/4806 4784/2925/4804 4783/2926/4805 4787/2929/4807
f 4787/2929/4807 4783/2926/4805 4781/2524/4469 4785/2532/4477
f 4790/2476/4425 4786/2927/4421 4788/2928/4806 4792/2930/4808
f 4792/2930/4808 4788/2928/4806 4787/2929/4807 4791/2931/4809
f 4791/2931/4809 4787/2929/4807 4785/2532/4477 4789/2540/4485
f 4794/2477/4433 4790/2476/4425 4792/2930/4808 4796/2932/4810
f 4796/2932/4810 4792/2930/4808 4791/2931/4809 4795/2933/4811
f 4795/2933/4811 4791/2931/4809 4789/2540/4485 4793/2546/4489
f 4798/2484/4439 4794/2477/4433 4796/2932/4810 4800/2934/4812
f 4800/2934/4812 4796/2932/4810 4795/2933/4811 4799/2935/4813
f 4799/2935/4813 4795/2933/4811 4793/2546/4489 4797/2552/4495
f 4802/2491/4443 4798/2490/4439 4800/2936/4812 4804/2937/4814
f 4804/2937/4814 4800/2936/4812 4799/2938/4813 4803/2939/4815
f 4803/2940/4815 4799/2935/4813 4797/2552/4495 4801/2558/4501
f 4806/2500/4447 4802/2491/4443 4804/2937/4814 4808/2941/4816
f 4808/2941/4816 4804/2937/4814 4803/2939/4815 4807/2942/4817
f 4807/2943/4817 4803/2940/4815 4801/2558/4501 4805/2564/4505
f 4810/2503/4451 4806/2502/4447 4808/2944/4816 4812/2945/4818
f 4812/2945/4818 4808/2944/4816 4807/2946/4817 4811/2947/4819
f 4811/2947/4819 4807/2946/4817 4805/2569/4505 4809/2568/4509
f 4814/2948/4455 4810/2949/4451 4812/2950/4818 4816/2951/4820
f 4816/2951/4820 4812/2950/4818 4811/2952/4819 4815/2953/4821
f 4815/2954/4821 4811/2947/4819 4809/2568/4509 4813/2574/4513
f 4818/2442/4397 4814/2948/4455 4816/2951/4820 4820/2955/4822
f 4820/2955/4822 4816/2951/4820 4815/2953/4821 4819/2956/4823
f 4819/2957/4823 4815/2954/4821 4813/2574/4513 4817/2578/4517
f 4822/2443/4398 4818/2442/4397 4820/2955/4822 4824/2958/4824
f 4824/2958/4824 4820/2955/4822 4819/2956/4823 4823/2959/4825
f 4823/2960/4825 4819/2957/4823 4817/2578/4517 4821/2582/4521
f 4826/2961/4403 4822/2443/4398 4824/2958/4824 4828/2962/4826
f 4828/2962/4826 4824/2958/4824 4823/2959/4825 4827/2963/4827
f 4827/2964/4827 4823/2960/4825 4821/2582/4521 4825/2515/4462
f 4830/2450/4407 4826/2447/4403 4828/2965/4826 4832/2966/4828
f 4832/2966/4828 4828/2965/4826 4827/2964/4827 4831/2967/4829
f 4831/2967/4829 4827/2964/4827 4825/2515/4462 4829/2514/4461
f 4834/2457/4411 4830/2456/4407 4832/2968/4828 4836/2969/4830
f 4836/2969/4830 4832/2968/4828 4831/2970/4829 4835/2971/4831
f 4835/2972/4831 4831/2967/4829 4829/2514/4461 4833/2522/4467
f 4838/2462/4415 4834/2457/4411 4836/2969/4830 4840/2973/4832
f 4840/2973/4832 4836/2969/4830 4835/2971/4831 4839/2974/4833
f 4839/2975/4833 4835/2972/4831 4833/2522/4467 4837/2530/4475
f 4842/2469/4423 4838/2468/4415 4840/2976/4832 4844/2977/4834
f 4844/2977/4834 4840/2976/4832 4839/2975/4833 4843/2978/4835
f 4843/2978/4835 4839/2975/4833 4837/2530/4475 4841/2538/4483
f 4846/2473/4431 4842/2472/4423 4844/2979/4834 4848/2980/4836
f 4848/2980/4836 4844/2979/4834 4843/2981/4835 4847/2982/4837
f 4847/2982/4837 4843/2981/4835 4841/2544/4483 4845/2527/4472
f 4721/2891/4437 4846/2473/4431 4848/2980/4836 4723/2892/4774
f 4723/2892/4774 4848/2980/4836 4847/2982/4837 4724/2894/4776
f 4724/2894/4776 4847/2982/4837 4845/2527/4472 4722/2526/4471
f 4854/2557/4500 4849/2529/4474 4851/2983/4838 4856/2984/4839
f 4856/2984/4839 4851/2983/4838 4852/2985/4840 4855/2986/4841
f 4855/2986/4841 4852/2985/4840 4850/2467/4420 4853/2466/4419
f 4858/2536/4481 4854/2557/4500 4856/2984/4839 4860/2987/4842
f 4860/2987/4842 4856/2984/4839 4855/2986/4841 4859/2988/4843
f 4859/2988/4843 4855/2986/4841 4853/2466/4419 4857/2551/4494
f 4862/2537/4482 4858/2536/4481 4860/2987/4842 4864/2989/4844
f 4864/2989/4844 4860/2987/4842 4859/2988/4843 4863/2990/4845
f 4863/2990/4845 4859/2988/4843 4857/2551/4494 4861/2593/4532
f 4866/2543/4488 4862/2537/4482 4864/2989/4844 4868/2991/4846
f 4868/2991/4846 4864/2989/4844 4863/2990/4845 4867/2992/4847
f 4867/2992/4847 4863/2990/4845 4861/2593/4532 4865/2646/4577
f 4870/2549/4492 4866/2543/4488 4868/2991/4846 4872/2993/4848
f 4872/2993/4848 4868/2991/4846 4867/2992/4847 4871/2994/4849
f 4871/2994/4849 4867/2992/4847 4865/2646/4577 4869/2654/4583
f 4874/2555/4498 4870/2549/4492 4872/2993/4848 4876/2995/4850
f 4876/2995/4850 4872/2993/4848 4871/2994/4849 4875/2996/4851
f 4875/2996/4851 4871/2994/4849 4869/2654/4583 4873/2656/4530
f 4878/2563/4504 4874/2562/4498 4876/2997/4850 4880/2998/4852
f 4880/2998/4852 4876/2997/4850 4875/2999/4851 4879/3000/4853
f 4879/3000/4853 4875/2999/4851 4873/2591/4530 4877/2590/4529
f 4882/2567/4508 4878/2563/4504 4880/2998/4852 4884/3001/4854
f 4884/3001/4854 4880/2998/4852 4879/3000/4853 4883/3002/4855
f 4883/3002/4855 4879/3000/4853 4877/2590/4529 4881/2599/4536
f 4886/2573/4512 4882/2567/4508 4884/3001/4854 4888/3003/4856
f 4888/3003/4856 4884/3001/4854 4883/3002/4855 4887/3004/4857
f 4887/3004/4857 4883/3002/4855 4881/2599/4536 4885/2605/4540
f 4890/2577/4516 4886/2573/4512 4888/3003/4856 4892/3005/4858
f 4892/3005/4858 4888/3003/4856 4887/3004/4857 4891/3006/4859
f 4891/3006/4859 4887/3004/4857 4885/2605/4540 4889/2609/4544
f 4894/2581/4520 4890/2577/4516 4892/3005/4858 4896/3007/4860
f 4896/3007/4860 4892/3005/4858 4891/3006/4859 4895/3008/4861
f 4895/3008/4861 4891/3006/4859 4889/2609/4544 4893/2613/4548
f 4898/2512/4459 4894/2581/4520 4896/3007/4860 4900/3009/4862
f 4900/3009/4862 4896/3007/4860 4895/3008/4861 4899/3010/4863
f 4899/3010/4863 4895/3008/4861 4893/2613/4548 4897/2617/4552
f 4902/2513/4460 4898/2512/4459 4900/3009/4862 4904/3011/4864
f 4904/3011/4864 4900/3009/4862 4899/3010/4863 4903/3012/4865
f 4903/3012/4865 4899/3010/4863 4897/2617/4552 4901/2621/4556
f 4906/2521/4466 4902/2520/4460 4904/3013/4864 4908/3014/4866
f 4908/3014/4866 4904/3013/4864 4903/3015/4865 4907/3016/4867
f 4907/3016/4867 4903/3015/4865 4901/2627/4556 4905/2626/4560
f 4910/2525/4470 4906/2521/4466 4908/3014/4866 4912/3017/4868
f 4912/3017/4868 4908/3014/4866 4907/3016/4867 4911/3018/4869
f 4911/3018/4869 4907/3016/4867 4905/2626/4560 4909/2631/4564
f 4914/2533/4478 4910/2525/4470 4912/3017/4868 4916/3019/4870
f 4916/3019/4870 4912/3017/4868 4911/3018/4869 4915/3020/4871
f 4915/3020/4871 4911/3018/4869 4909/2631/4564 4913/2637/4568
f 4918/2541/4486 4914/2533/4478 4916/3019/4870 4920/3021/4872
f 4920/3021/4872 4916/3019/4870 4915/3020/4871 4919/3022/4873
f 4919/3022/4873 4915/3020/4871 4913/2637/4568 4917/2644/4575
f 4922/2547/4490 4918/2541/4486 4920/3021/4872 4924/3023/4874
f 4924/3023/4874 4920/3021/4872 4919/3022/4873 4923/3024/4875
f 4923/3024/4875 4919/3022/4873 4917/2644/4575 4921/2652/4581
f 4926/2553/4496 4922/2547/4490 4924/3023/4874 4928/3025/4876
f 4928/3025/4876 4924/3023/4874 4923/3024/4875 4927/3026/4877
f 4927/3027/4877 4923/3028/4875 4921/3029/4581 4925/2587/4526
f 4930/2559/4502 4926/2553/4496 4928/3025/4876 4932/3030/4878
f 4932/3030/4878 4928/3025/4876 4927/3026/4877 4931/3031/4879
f 4931/3032/4879 4927/3027/4877 4925/2587/4526 4929/2586/4525
f 4934/2565/4506 4930/2559/4502 4932/3030/4878 4936/3033/4880
f 4936/3033/4880 4932/3030/4878 4931/3031/4879 4935/3034/4881
f 4935/3034/4881 4931/3031/4879 4929/2597/4525 4933/2596/4534
f 4938/2571/4510 4934/2570/4506 4936/3035/4880 4940/3036/4882
f 4940/3036/4882 4936/3035/4880 4935/3037/4881 4939/3038/4883
f 4939/3038/4883 4935/3037/4881 4933/2603/4534 4937/2602/4538
f 4942/2575/4514 4938/2571/4510 4940/3036/4882 4944/3039/4884
f 4944/3039/4884 4940/3036/4882 4939/3038/4883 4943/3040/4885
f 4943/3040/4885 4939/3038/4883 4937/2602/4538 4941/2607/4542
f 4946/2579/4518 4942/2575/4514 4944/3039/4884 4948/3041/4886
f 4948/3041/4886 4944/3039/4884 4943/3040/4885 4947/3042/4887
f 4947/3042/4887 4943/3040/4885 4941/2607/4542 4945/2611/4546
f 4950/2583/4522 4946/2579/4518 4948/3041/4886 4952/3043/4888
f 4952/3043/4888 4948/3041/4886 4947/3042/4887 4951/3044/4889
f 4951/3044/4889 4947/3042/4887 4945/2611/4546 4949/2615/4550
f 4954/2516/4463 4950/2583/4522 4952/3043/4888 4956/3045/4890
f 4956/3045/4890 4952/3043/4888 4951/3044/4889 4955/3046/4891
f 4955/3046/4891 4951/3044/4889 4949/2615/4550 4953/2619/4554
f 4958/2517/4464 4954/2516/4463 4956/3045/4890 4960/3047/4892
f 4960/3047/4892 4956/3045/4890 4955/3046/4891 4959/3048/4893
f 4959/3048/4893 4955/3046/4891 4953/2619/4554 4957/2623/4558
f 4962/2523/4468 4958/2517/4464 4960/3047/4892 4964/3049/4894
f 4964/3049/4894 4960/3047/4892 4959/3048/4893 4963/3050/4895
f 4963/3050/4895 4959/3048/4893 4957/2623/4558 4961/2629/4562
f 4966/2531/4476 4962/2523/4468 4964/3049/4894 4968/3051/4896
f 4968/3051/4896 4964/3049/4894 4963/3050/4895 4967/3052/4897
f 4967/3053/4897 4963/3054/4895 4961/2635/4562 4965/2634/4566
f 4970/2539/4484 4966/2531/4476 4968/3051/4896 4972/3055/4898
f 4972/3055/4898 4968/3051/4896 4967/3052/4897 4971/3056/4899
f 4971/3057/4899 4967/3053/4897 4965/2634/4566 4969/2642/4573
f 4974/2528/4473 4970/2545/4484 4972/3058/4898 4976/3059/4900
f 4976/3059/4900 4972/3058/4898 4971/3060/4899 4975/3061/4901
f 4975/3061/4901 4971/3060/4899 4969/2650/4573 4973/2649/4579
f 4849/2529/4474 4974/2528/4473 4976/3059/4900 4851/2983/4838
f 4851/2983/4838 4976/3059/4900 4975/3061/4901 4852/2985/4840
f 4852/2985/4840 4975/3061/4901 4973/2649/4579 4850/2467/4420
f 4725/2556/4499 4722/2526/4471 4849/2529/4474 4854/2557/4500
f 4982/3062/4388 4977/3063/3845 4979/3064/4902 4984/3065/4903
f 4984/3066/4903 4979/3067/4902 4980/3068/4904 4983/3069/4905
f 4983/3070/4905 4980/3071/4904 4978/3072/4906 4981/3073/4907
f 4986/2418/4361 4982/3062/4388 4984/3065/4903 4988/3074/4908
f 4988/3075/4908 4984/3066/4903 4983/3069/4905 4987/3076/4909
f 4987/3077/4909 4983/3070/4905 4981/3073/4907 4985/3078/4910
f 4990/2419/4362 4986/2418/4361 4988/3074/4908 4992/3079/4911
f 4992/3079/4911 4988/3074/4908 4987/3080/4909 4991/3081/4912
f 4991/3082/4912 4987/3077/4909 4985/3078/4910 4989/3083/4913
f 4994/2424/4374 4990/2419/4362 4992/3079/4911 4996/3084/4914
f 4996/3084/4914 4992/3079/4911 4991/3081/4912 4995/3085/4915
f 4995/3086/4915 4991/3082/4912 4989/3083/4913 4993/3087/4916
f 4998/2427/4380 4994/2424/4374 4996/3084/4914 5000/3088/4917
f 5000/3089/4917 4996/3090/4914 4995/3091/4915 4999/3092/4918
f 4999/3093/4918 4995/3086/4915 4993/3087/4916 4997/3094/4919
f 5002/2430/4386 4998/2427/4380 5000/3088/4917 5004/3095/4920
f 5004/3096/4920 5000/3097/4917 4999/3098/4918 5003/3099/4921
f 5003/3100/4921 4999/3093/4918 4997/3094/4919 5001/3101/4922
f 5006/2422/4369 5002/2430/4386 5004/3095/4920 5008/3102/4923
f 5008/3103/4923 5004/3096/4920 5003/3099/4921 5007/3104/4924
f 5007/3105/4924 5003/3100/4921 5001/3101/4922 5005/3106/4925
f 5010/2423/4370 5006/2422/4369 5008/3102/4923 5012/3107/4926
f 5012/3108/4926 5008/3103/4923 5007/3104/4924 5011/3109/4927
f 5011/3110/4927 5007/3105/4924 5005/3106/4925 5009/3111/4928
f 5014/2426/4377 5010/2423/4370 5012/3107/4926 5016/3112/4929
f 5016/3113/4929 5012/3108/4926 5011/3109/4927 5015/3114/4930
f 5015/3115/4930 5011/3110/4927 5009/3111/4928 5013/3116/4931
f 5018/2429/4383 5014/2426/4377 5016/3112/4929 5020/3117/4932
f 5020/3118/4932 5016/3113/4929 5015/3114/4930 5019/3119/4933
f 5019/3120/4933 5015/3115/4930 5013/3116/4931 5017/3121/4934
f 5022/2420/4363 5018/2429/4383 5020/3117/4932 5024/3122/4935
f 5024/3123/4935 5020/3118/4932 5019/3119/4933 5023/3124/4936
f 5023/3125/4936 5019/3120/4933 5017/3121/4934 5021/3126/4937
f 5026/2421/4364 5022/2420/4363 5024/3122/4935 5028/3127/4938
f 5028/3128/4938 5024/3123/4935 5023/3124/4936 5027/3129/4939
f 5027/3130/4939 5023/3125/4936 5021/3126/4937 5025/3131/4940
f 5030/2425/4375 5026/2421/4364 5028/3127/4938 5032/3132/4941
f 5032/3132/4941 5028/3127/4938 5027/3133/4939 5031/3134/4942
f 5031/3135/4942 5027/3130/4939 5025/3131/4940 5029/3136/4943
f 5034/2428/4381 5030/2425/4375 5032/3132/4941 5036/3137/4944
f 5036/3137/4944 5032/3132/4941 5031/3134/4942 5035/3138/4945
f 5035/3139/4945 5031/3135/4942 5029/3136/4943 5033/3140/4946
f 5038/2431/4387 5034/2428/4381 5036/3137/4944 5040/3141/4947
f 5040/3142/4947 5036/3143/4944 5035/3144/4945 5039/3145/4948
f 5039/3146/4948 5035/3139/4945 5033/3140/4946 5037/3147/4949
f 5042/2432/4371 5038/2431/4387 5040/3141/4947 5044/3148/4950
f 5044/3149/4950 5040/3142/4947 5039/3145/4948 5043/3150/4951
f 5043/3151/4951 5039/3146/4948 5037/3147/4949 5041/3152/4952
f 5046/3153/4372 5042/2432/4371 5044/3148/4950 5048/3154/4953
f 5048/3155/4953 5044/3149/4950 5043/3150/4951 5047/3156/4954
f 5047/3157/4954 5043/3151/4951 5041/3152/4952 5045/3158/4955
f 5050/2235/4378 5046/2236/4372 5048/2237/4953 5052/2238/4956
f 5052/3159/4956 5048/3155/4953 5047/3156/4954 5051/3160/4957
f 5051/3161/4957 5047/3157/4954 5045/3158/4955 5049/3162/4958
f 5054/2235/4384 5050/2236/4378 5052/2237/4956 5056/2238/4959
f 5056/3163/4959 5052/3164/4956 5051/3165/4957 5055/3166/4960
f 5055/3167/4960 5051/3161/4957 5049/3162/4958 5053/3168/4961
f 5058/2235/4365 5054/2236/4384 5056/2237/4959 5060/2238/4962
f 5060/3169/4962 5056/3163/4959 5055/3166/4960 5059/3170/4963
f 5059/3171/4963 5055/3167/4960 5053/3168/4961 5057/3172/4964
f 5062/2235/4366 5058/2236/4365 5060/2237/4962 5064/2238/4965
f 5064/2235/4965 5060/2236/4962 5059/2237/4963 5063/2238/4966
f 5063/3173/4966 5059/3171/4963 5057/3172/4964 5061/3174/4967
f 5066/2235/4376 5062/2236/4366 5064/2237/4965 5068/2238/4968
f 5068/2235/4968 5064/2236/4965 5063/2237/4966 5067/2238/4969
f 5067/3175/4969 5063/3173/4966 5061/3174/4967 5065/3176/4970
f 5070/2235/4382 5066/2236/4376 5068/2237/4968 5072/2238/4971
f 5072/3177/4971 5068/3178/4968 5067/3179/4969 5071/3180/4972
f 5071/3181/4972 5067/3175/4969 5065/3176/4970 5069/3182/4973
f 5074/2235/4359 5070/2236/4382 5072/2237/4971 5076/2238/4974
f 5076/3183/4974 5072/3177/4971 5071/3180/4972 5075/3184/4975
f 5075/3185/4975 5071/3181/4972 5069/3182/4973 5073/3186/4976
f 5078/2235/4360 5074/2236/4359 5076/2237/4974 5080/2238/4977
f 5080/3187/4977 5076/3183/4974 5075/3184/4975 5079/3188/4978
f 5079/3189/4978 5075/3185/4975 5073/3186/4976 5077/3190/4979
f 5082/2235/4373 5078/2236/4360 5080/2237/4977 5084/2238/4980
f 5084/3191/4980 5080/3187/4977 5079/3188/4978 5083/3192/4981
f 5083/3193/4981 5079/3189/4978 5077/3190/4979 5081/3194/4982
f 5086/2235/4379 5082/2236/4373 5084/2237/4980 5088/2238/4983
f 5088/2235/4983 5084/2236/4980 5083/2237/4981 5087/2238/4984
f 5087/3195/4984 5083/3193/4981 5081/3194/4982 5085/3196/4985
f 5090/2235/4385 5086/2236/4379 5088/2237/4983 5092/2238/4986
f 5092/2235/4986 5088/2236/4983 5087/2237/4984 5091/2238/4987
f 5091/3197/4987 5087/3195/4984 5085/3196/4985 5089/3198/4988
f 5094/2235/4367 5090/2236/4385 5092/2237/4986 5096/2238/4989
f 5096/2235/4989 5092/2236/4986 5091/2237/4987 5095/2238/4990
f 5095/3199/4990 5091/3197/4987 5089/3198/4988 5093/3200/4991
f 5098/2235/4368 5094/2236/4367 5096/2237/4989 5100/2238/4992
f 5100/3201/4992 5096/3202/4989 5095/3203/4990 5099/3204/4993
f 5099/3205/4993 5095/3199/4990 5093/3200/4991 5097/3206/4994
f 5102/2235/3844 5098/2236/4368 5100/2237/4992 5104/2238/4995
f 5104/3207/4995 5100/3208/4992 5099/3209/4993 5103/3210/4996
f 5103/3211/4996 5099/3205/4993 5097/3206/4994 5101/3212/4997
f 4977/2235/3845 5102/2236/3844 5104/2237/4995 4979/2238/4902
f 4979/3067/4902 5104/3207/4995 5103/3210/4996 4980/3068/4904
f 4980/3071/4904 5103/3211/4996 5101/3212/4997 4978/3072/4906
f 4981/3073/4907 4978/3072/4906 5106/3213/4998 5110/3214/4999
f 5110/3215/4999 5106/3216/4998 5107/3217/5000 5109/3218/5001
f 5109/3219/5001 5107/3220/5000 5105/2482/4438 5108/3221/4392
f 4985/3078/4910 4981/3073/4907 5110/3214/4999 5113/3222/5002
f 5113/3223/5002 5110/3215/4999 5109/3218/5001 5112/3224/5003
f 5112/3224/5003 5109/3218/5001 5108/2437/4392 5111/2436/4391
f 4989/3083/4913 4985/3078/4910 5113/3222/5002 5116/3225/5004
f 5116/3226/5004 5113/3223/5002 5112/3224/5003 5115/3227/5005
f 5115/3227/5005 5112/3224/5003 5111/2436/4391 5114/2499/4430
f 4993/3087/4916 4989/3083/4913 5116/3225/5004 5119/3228/5006
f 5119/3229/5006 5116/3226/5004 5115/3227/5005 5118/3230/5007
f 5118/2235/5007 5115/2236/5005 5114/2237/4430 5117/2238/4429
f 4997/3094/4919 4993/3087/4916 5119/3228/5006 5122/3231/5008
f 5122/3231/5008 5119/3228/5006 5118/3232/5007 5121/3233/5009
f 5121/2235/5009 5118/2236/5007 5117/2237/4429 5120/2238/4436
f 5001/3101/4922 4997/3094/4919 5122/3231/5008 5125/3234/5010
f 5125/3234/5010 5122/3231/5008 5121/3233/5009 5124/3235/5011
f 5124/3236/5011 5121/3237/5009 5120/2489/4436 5123/2488/4442
f 5005/3106/4925 5001/3101/4922 5125/3234/5010 5128/3238/5012
f 5128/3238/5012 5125/3234/5010 5124/3235/5011 5127/3239/5013
f 5127/3240/5013 5124/3241/5011 5123/2497/4442 5126/2496/4446
f 5009/3111/4928 5005/3106/4925 5128/3238/5012 5131/3242/5014
f 5131/3243/5014 5128/3244/5012 5127/3245/5013 5130/3246/5015
f 5130/2235/5015 5127/2236/5013 5126/2237/4446 5129/2238/4450
f 5013/3116/4931 5009/3111/4928 5131/3242/5014 5134/3247/5016
f 5134/3248/5016 5131/3243/5014 5130/3246/5015 5133/3249/5017
f 5133/2235/5017 5130/2236/5015 5129/2237/4450 5132/2238/4454
f 5017/3121/4934 5013/3116/4931 5134/3247/5016 5137/3250/5018
f 5137/3251/5018 5134/3248/5016 5133/3249/5017 5136/3252/5019
f 5136/3252/5019 5133/3249/5017 5132/2509/4454 5135/2441/4396
f 5021/3126/4937 5017/3121/4934 5137/3250/5018 5140/3253/5020
f 5140/3254/5020 5137/3251/5018 5136/3252/5019 5139/3255/5021
f 5139/3255/5021 5136/3252/5019 5135/2441/4396 5138/2440/4395
f 5025/3131/4940 5021/3126/4937 5140/3253/5020 5143/3256/5022
f 5143/3257/5022 5140/3254/5020 5139/3255/5021 5142/3258/5023
f 5142/3259/5023 5139/3260/5021 5138/3261/4395 5141/3262/4402
f 5029/3136/4943 5025/3131/4940 5143/3256/5022 5146/3263/5024
f 5146/3264/5024 5143/3257/5022 5142/3258/5023 5145/3265/5025
f 5145/3266/5025 5142/3259/5023 5141/3262/4402 5144/3267/4406
f 5033/3140/4946 5029/3136/4943 5146/3263/5024 5149/3268/5026
f 5149/3268/5026 5146/3263/5024 5145/3269/5025 5148/3270/5027
f 5148/3271/5027 5145/3272/5025 5144/2455/4406 5147/2454/4410
f 5037/3147/4949 5033/3140/4946 5149/3268/5026 5152/3273/5028
f 5152/3274/5028 5149/3275/5026 5148/3271/5027 5151/3276/5029
f 5151/3276/5029 5148/3271/5027 5147/2454/4410 5150/2461/4414
f 5041/3152/4952 5037/3147/4949 5152/3273/5028 5155/3277/5030
f 5155/3278/5030 5152/3274/5028 5151/3276/5029 5154/3279/5031
f 5154/3280/5031 5151/3281/5029 5150/3282/4414 5153/3283/4422
f 5045/3158/4955 5041/3152/4952 5155/3277/5030 5158/3284/5032
f 5158/3285/5032 5155/3278/5030 5154/3279/5031 5157/3286/5033
f 5157/3287/5033 5154/3280/5031 5153/3283/4422 5156/3288/4426
f 5049/3162/4958 5045/3158/4955 5158/3284/5032 5161/3289/5034
f 5161/3290/5034 5158/3285/5032 5157/3286/5033 5160/3291/5035
f 5160/3291/5035 5157/3286/5033 5156/2479/4426 5159/2478/4434
f 5053/3168/4961 5049/3162/4958 5161/3289/5034 5164/3292/5036
f 5164/3293/5036 5161/3290/5034 5160/3291/5035 5163/3294/5037
f 5163/3294/5037 5160/3291/5035 5159/2478/4434 5162/2485/4440
f 5057/3172/4964 5053/3168/4961 5164/3292/5036 5167/3295/5038
f 5167/3296/5038 5164/3293/5036 5163/3294/5037 5166/3297/5039
f 5166/3298/5039 5163/3299/5037 5162/2493/4440 5165/2492/4444
f 5061/3174/4967 5057/3172/4964 5167/3295/5038 5170/3300/5040
f 5170/3300/5040 5167/3295/5038 5166/3301/5039 5169/3302/5041
f 5169/3303/5041 5166/3298/5039 5165/2492/4444 5168/2501/4448
f 5065/3176/4970 5061/3174/4967 5170/3300/5040 5173/3304/5042
f 5173/3304/5042 5170/3300/5040 5169/3302/5041 5172/3305/5043
f 5172/3306/5043 5169/3307/5041 5168/2505/4448 5171/2504/4452
f 5069/3182/4973 5065/3176/4970 5173/3304/5042 5176/3308/5044
f 5176/3308/5044 5173/3304/5042 5172/3305/5043 5175/3309/5045
f 5175/3310/5045 5172/3306/5043 5171/2504/4452 5174/2507/4456
f 5073/3186/4976 5069/3182/4973 5176/3308/5044 5179/3311/5046
f 5179/3312/5046 5176/3313/5044 5175/3310/5045 5178/3314/5047
f 5178/3315/5047 5175/3316/5045 5174/3317/4456 5177/2445/4400
f 5077/3190/4979 5073/3186/4976 5179/3311/5046 5182/3318/5048
f 5182/3319/5048 5179/3312/5046 5178/3314/5047 5181/3320/5049
f 5181/3321/5049 5178/3315/5047 5177/2445/4400 5180/2444/4399
f 5081/3194/4982 5077/3190/4979 5182/3318/5048 5185/3322/5050
f 5185/3323/5050 5182/3319/5048 5181/3320/5049 5184/3324/5051
f 5184/3324/5051 5181/3320/5049 5180/2449/4399 5183/2448/4404
f 5085/3196/4985 5081/3194/4982 5185/3322/5050 5188/3325/5052
f 5188/3326/5052 5185/3323/5050 5184/3324/5051 5187/3327/5053
f 5187/3327/5053 5184/3324/5051 5183/2448/4404 5186/2451/4408
f 5089/3198/4988 5085/3196/4985 5188/3325/5052 5191/3328/5054
f 5191/3329/5054 5188/3326/5052 5187/3327/5053 5190/3330/5055
f 5190/3331/5055 5187/3332/5053 5186/2459/4408 5189/2458/4412
f 5093/3200/4991 5089/3198/4988 5191/3328/5054 5194/3333/5056
f 5194/3333/5056 5191/3328/5054 5190/3334/5055 5193/3335/5057
f 5193/3336/5057 5190/3331/5055 5189/2458/4412 5192/2463/4416
f 5097/3206/4994 5093/3200/4991 5194/3333/5056 5197/3337/5058
f 5197/3337/5058 5194/3333/5056 5193/3335/5057 5196/3338/5059
f 5196/3339/5059 5193/3340/5057 5192/2471/4416 5195/2470/4424
f 5101/3212/4997 5097/3206/4994 5197/3337/5058 5200/3341/5060
f 5200/3341/5060 5197/3337/5058 5196/3338/5059 5199/3342/5061
f 5199/3343/5061 5196/3344/5059 5195/2475/4424 5198/2474/4432
f 4978/3072/4906 5101/3212/4997 5200/3341/5060 5106/3213/4998
f 5106/3216/4998 5200/3345/5060 5199/3343/5061 5107/3217/5000
f 5107/3220/5000 5199/3346/5061 5198/2483/4432 5105/2482/4438
f 4814/2948/4455 4818/2442/4397 5177/2445/4400 5174/3317/4456
f 4721/2481/4437 4726/3347/4389 5108/3221/4392 5105/2482/4438
