# Blender 4.4.3
# www.blender.org
mtllib glass_new.mtl
o ikea_pokla_glass_9oz_Cylinder.004
v 0.056420 0.000000 0.514080
v -0.118520 0.000000 0.514080
v 0.240060 0.000000 0.539160
v 0.231080 0.000000 0.542880
v -0.293180 0.000000 0.542880
v 0.077100 1.135880 0.680660
v 0.077180 1.201420 0.715880
v -0.139200 1.135880 0.680660
v -0.125560 1.201120 0.715600
v -0.129400 1.035700 0.643780
v -0.132360 0.991460 0.631100
v 0.067320 1.035700 0.643780
v 0.070260 0.991460 0.631100
v 0.252420 1.046880 0.679680
v 0.266100 0.991460 0.664840
v -0.312560 1.049120 0.679580
v -0.328100 0.991460 0.664900
v 0.199880 1.130320 0.695560
v -0.259100 1.130140 0.694960
v 0.249160 0.049820 0.553120
v 0.056280 0.049820 0.529800
v -0.118380 0.049820 0.529800
v -0.296600 0.049820 0.559200
v 0.234500 0.049820 0.559200
v -0.031040 0.000000 0.514080
v -0.030380 1.211180 0.718960
v -0.031040 1.135880 0.680660
v -0.031040 0.991460 0.631100
v -0.031040 1.035700 0.643780
v -0.031040 0.049820 0.529800
v 0.142900 0.000000 0.252960
v 0.343200 0.000000 0.395300
v 0.339340 0.000000 0.076100
v 0.220340 0.000000 0.208260
v 0.599300 1.135880 0.374760
v 0.627140 1.197800 0.393260
v 0.446360 1.135880 0.527700
v 0.468660 1.196320 0.550420
v 0.427200 1.035700 0.494700
v 0.416160 0.991460 0.487840
v 0.566300 1.035700 0.355600
v 0.559440 0.991460 0.344560
v 0.722580 1.046880 0.250100
v 0.721760 0.991460 0.229940
v 0.323020 1.049120 0.649540
v 0.301640 0.991460 0.650140
v 0.696700 1.130280 0.298520
v 0.371800 1.130120 0.622680
v 0.630800 0.049820 0.162900
v 0.477900 0.049820 0.282820
v 0.354420 0.049820 0.406300
v 0.624720 0.049820 0.177580
v 0.405040 0.000000 0.333440
v 0.550140 1.211060 0.477540
v 0.522820 1.135880 0.451220
v 0.487800 0.991460 0.416200
v 0.496760 1.035700 0.425160
v 0.416160 0.049820 0.344560
v 0.394280 0.000000 -0.182440
v 0.375700 0.000000 -0.005580
v 0.286780 0.000000 -0.423920
v 0.375700 0.000000 -0.269900
v 0.752260 1.135880 -0.210800
v 0.785820 1.199800 -0.207880
v 0.752260 1.135880 0.005500
v 0.780100 1.194740 0.002580
v 0.715380 1.035700 -0.004280
v 0.702700 0.991460 -0.001340
v 0.715380 1.035700 -0.201000
v 0.702700 0.991460 -0.203960
v 0.751280 1.046880 -0.386120
v 0.736440 0.991460 -0.399780
v 0.751180 1.049120 0.178860
v 0.736500 0.991460 0.194400
v 0.773880 1.178380 -0.336140
v 0.746440 1.179440 -0.425240
v 0.767140 1.130220 -0.333640
v 0.766760 1.129940 0.125440
v 0.624720 0.049820 -0.382860
v 0.601400 0.049820 -0.189960
v 0.601400 0.049820 -0.015320
v 0.630800 0.049820 -0.368200
v 0.394280 0.000000 -0.093040
v 0.791020 1.211260 -0.103540
v 0.752260 1.135880 -0.102640
v 0.702700 0.991460 -0.102640
v 0.715380 1.035700 -0.102640
v 0.601400 0.049820 -0.102640
v 0.343200 0.000000 -0.600600
v 0.220340 0.000000 -0.483740
v 0.231080 0.000000 -0.748180
v 0.240060 0.000000 -0.744460
v 0.446360 1.135880 -0.733000
v 0.472240 1.202200 -0.758340
v 0.599300 1.135880 -0.580040
v 0.618100 1.203220 -0.613500
v 0.566300 1.035700 -0.560900
v 0.559440 0.991460 -0.549860
v 0.427200 1.035700 -0.700000
v 0.416160 0.991460 -0.693120
v 0.321700 1.046880 -0.856280
v 0.301540 0.991460 -0.855460
v 0.721140 1.049120 -0.456720
v 0.721740 0.991460 -0.435340
v 0.370060 1.130360 -0.830320
v 0.694160 1.130260 -0.505440
v 0.234500 0.049820 -0.764500
v 0.354420 0.049820 -0.611600
v 0.477900 0.049820 -0.488100
v 0.249160 0.049820 -0.758420
v 0.142900 0.000000 -0.528440
v 0.549700 1.211880 -0.687700
v 0.522820 1.135880 -0.656520
v 0.487800 0.991460 -0.621480
v 0.496760 1.035700 -0.630460
v 0.416160 0.049820 -0.549860
v -0.118520 0.000000 -0.719380
v 0.056420 0.000000 -0.719380
v -0.302160 0.000000 -0.744460
v -0.293180 0.000000 -0.748180
v -0.139200 1.135880 -0.885940
v -0.141420 1.198840 -0.921820
v 0.077100 1.135880 -0.885940
v 0.062080 1.199900 -0.921660
v 0.067320 1.035700 -0.849080
v 0.070260 0.991460 -0.836400
v -0.129400 1.035700 -0.849080
v -0.132360 0.991460 -0.836400
v -0.314520 1.046880 -0.884980
v -0.328180 0.991460 -0.870140
v 0.250460 1.049120 -0.884880
v 0.266000 0.991460 -0.870200
v -0.261980 1.130280 -0.900880
v 0.197020 1.130080 -0.900280
v -0.311260 0.049820 -0.758420
v -0.118380 0.049820 -0.735100
v 0.056280 0.049820 -0.735100
v -0.296600 0.049820 -0.764500
v -0.031040 0.000000 -0.719380
v -0.031980 1.209160 -0.915860
v -0.031040 1.135880 -0.885940
v -0.031040 0.991460 -0.836400
v -0.031040 1.035700 -0.849080
v -0.031040 0.049820 -0.735100
v -0.282420 0.000000 -0.483740
v -0.405300 0.000000 -0.600600
v -0.437800 0.000000 -0.269900
v -0.348880 0.000000 -0.423920
v -0.661400 1.135880 -0.580040
v -0.682320 1.197760 -0.606660
v -0.508440 1.135880 -0.733000
v -0.535320 1.196020 -0.751400
v -0.489300 1.035700 -0.700000
v -0.478260 0.991460 -0.693120
v -0.628400 1.035700 -0.560900
v -0.621520 0.991460 -0.549860
v -0.784680 1.046880 -0.455400
v -0.783860 0.991460 -0.435240
v -0.385120 1.049120 -0.854820
v -0.363740 0.991460 -0.855420
v -0.758760 1.130200 -0.503620
v -0.433780 1.130080 -0.827940
v -0.692900 0.049820 -0.368200
v -0.540000 0.049820 -0.488100
v -0.416500 0.049820 -0.611600
v -0.686820 0.049820 -0.382860
v -0.205000 0.000000 -0.528440
v -0.612760 1.211240 -0.683400
v -0.584920 1.135880 -0.656520
v -0.549880 0.991460 -0.621480
v -0.558860 1.035700 -0.630460
v -0.478260 0.049820 -0.549860
v -0.437800 0.000000 -0.005580
v -0.456380 0.000000 -0.182440
v -0.282420 0.000000 0.208260
v -0.401420 0.000000 0.076100
v -0.814340 1.135880 0.005500
v -0.848800 1.200720 0.009120
v -0.814340 1.135880 -0.210800
v -0.850780 1.201980 -0.198080
v -0.777480 1.035700 -0.201000
v -0.764800 0.991460 -0.203960
v -0.777480 1.035700 -0.004280
v -0.764800 0.991460 -0.001340
v -0.813120 1.046700 0.180920
v -0.798540 0.991460 0.194500
v -0.813280 1.049120 -0.384160
v -0.798600 0.991460 -0.399700
v -0.835420 1.129120 0.119740
v -0.828600 1.130220 -0.330680
v -0.686820 0.049820 0.177560
v -0.663500 0.049820 -0.015320
v -0.663500 0.049820 -0.189960
v -0.692900 0.049820 0.162900
v -0.456380 0.000000 -0.093040
v -0.859220 1.212680 -0.102280
v -0.814340 1.135880 -0.102640
v -0.764800 0.991460 -0.102640
v -0.777480 1.035700 -0.102640
v -0.663500 0.049820 -0.102640
v -0.405300 0.000000 0.395300
v -0.205000 0.000000 0.252960
v -0.302160 0.000000 0.539160
v -0.508440 1.135880 0.527700
v -0.534060 1.199720 0.551540
v -0.661400 1.135880 0.374760
v -0.677440 1.199340 0.406640
v -0.628400 1.035700 0.355600
v -0.621520 0.991460 0.344560
v -0.489300 1.035700 0.494700
v -0.478260 0.991460 0.487840
v -0.383800 1.046880 0.650980
v -0.363640 0.991460 0.650160
v -0.783220 1.049120 0.251420
v -0.783840 0.991460 0.230040
v -0.432100 1.130280 0.625040
v -0.756320 1.130120 0.300080
v -0.416500 0.049820 0.406300
v -0.540000 0.049820 0.282820
v -0.311260 0.049820 0.553120
v -0.467140 0.000000 0.333440
v -0.611900 1.211300 0.479120
v -0.584920 1.135880 0.451220
v -0.549880 0.991460 0.416200
v -0.558860 1.035700 0.425160
v -0.478260 0.049820 0.344560
v 0.235580 0.000000 0.541020
v 0.241840 0.049820 0.556160
v 0.286780 0.000000 0.148420
v 0.627760 0.049820 0.170240
v -0.031040 1.334940 -0.973620
v 0.138880 1.334940 -0.956880
v 0.302260 1.334940 -0.907320
v 0.452840 1.334940 -0.826840
v 0.584820 1.334940 -0.718520
v 0.693140 1.334940 -0.586540
v 0.773620 1.334940 -0.435960
v 0.823200 1.334940 -0.272560
v 0.839920 1.334940 -0.102640
v 0.823200 1.334940 0.067280
v 0.773620 1.334940 0.230660
v 0.693140 1.334940 0.381240
v 0.584820 1.334940 0.513220
v 0.452840 1.334940 0.621540
v 0.302260 1.334940 0.702020
v 0.138880 1.334940 0.751600
v -0.031040 1.334940 0.768320
v -0.200960 1.334940 0.751600
v -0.364360 1.334940 0.702020
v -0.514940 1.334940 0.621540
v -0.646920 1.334940 0.513220
v -0.755240 1.334940 0.381240
v -0.835720 1.334940 0.230660
v -0.885280 1.334940 0.067280
v -0.902020 1.334940 -0.102640
v -0.885280 1.334940 -0.272560
v -0.835720 1.334940 -0.435960
v -0.755240 1.334940 -0.586540
v -0.646920 1.334940 -0.718520
v -0.514940 1.334940 -0.826840
v -0.364360 1.334940 -0.907320
v -0.200960 1.334940 -0.956880
v -0.029520 1.241020 -0.953340
v 0.113460 1.220160 -0.927500
v 0.294740 1.220160 -0.884040
v 0.441020 1.220160 -0.805640
v 0.573700 1.253260 -0.705480
v 0.674320 1.220160 -0.571800
v 0.752380 1.220160 -0.425340
v 0.800380 1.220160 -0.266460
v 0.821320 1.243920 -0.101560
v 0.800020 1.220160 0.063860
v 0.751660 1.220160 0.222620
v 0.673260 1.220160 0.368900
v 0.571980 1.248180 0.501000
v 0.439420 1.220160 0.602200
v 0.292960 1.220160 0.680280
v 0.134100 1.220160 0.728260
v -0.031080 1.252980 0.751200
v -0.196240 1.220160 0.727900
v -0.355000 1.220160 0.679540
v -0.501280 1.220160 0.601140
v -0.633960 1.249800 0.500240
v -0.734580 1.220160 0.367300
v -0.812640 1.220160 0.220840
v -0.867580 1.236240 0.027020
v -0.882640 1.246960 -0.103080
v -0.868260 1.236540 -0.224640
v -0.811920 1.220160 -0.427120
v -0.699140 1.220160 -0.615160
v -0.631500 1.240960 -0.704640
v -0.542360 1.220160 -0.771760
v -0.353220 1.220160 -0.884760
v -0.184940 1.220160 -0.926800
v 0.284300 0.991460 -0.866920
v 0.288000 1.047900 -0.873700
v 0.732200 0.991460 -0.420380
v 0.740280 1.050780 -0.420620
v 0.733480 0.991460 0.213240
v 0.745800 1.137320 0.218480
v 0.740140 1.056480 0.216340
v 0.288060 1.053780 0.671260
v 0.285960 0.991460 0.664980
v 0.290840 1.136980 0.672600
v -0.347820 0.991460 0.662560
v -0.350580 1.043440 0.667400
v -0.797060 0.991460 0.215900
v -0.803100 1.054720 0.215720
v -0.792720 0.991460 -0.416000
v -0.798440 1.050220 -0.418920
v -0.348080 0.991460 -0.862880
v -0.350220 1.055620 -0.869480
v 0.291340 1.178500 0.674580
v 0.206440 1.178280 0.700760
v 0.370080 1.178280 0.632380
v 0.747900 1.178640 0.219700
v 0.705340 1.178300 0.297200
v 0.772360 1.178300 0.133980
v 0.339340 0.000000 -0.351580
v 0.746160 1.137260 -0.424940
v 0.627760 0.049820 -0.375540
v 0.235580 0.000000 -0.746320
v 0.289480 1.135980 -0.878340
v 0.241840 0.049820 -0.761460
v -0.297660 0.000000 -0.746320
v -0.352980 1.137880 -0.877980
v -0.303940 0.049820 -0.761460
v -0.401420 0.000000 -0.351580
v -0.806660 1.135200 -0.423120
v -0.689860 0.049820 -0.375540
v -0.348880 0.000000 0.148420
v -0.806480 1.138760 0.219300
v -0.689860 0.049820 0.170240
v -0.297660 0.000000 0.541020
v -0.351440 1.133400 0.672800
v -0.303940 0.049820 0.556160
v 0.702200 1.178380 -0.507680
v 0.290440 1.178120 -0.879940
v 0.365560 1.178240 -0.840260
v 0.208700 1.178240 -0.904660
v -0.353360 1.178840 -0.879640
v -0.428160 1.178340 -0.839500
v -0.272640 1.178340 -0.904500
v -0.808660 1.177780 -0.424280
v -0.766160 1.178200 -0.504840
v -0.835200 1.178200 -0.336680
v -0.808960 1.179200 0.219520
v -0.839020 1.177840 0.126280
v -0.764160 1.178300 0.302920
v -0.352700 1.177040 0.675020
v -0.435240 1.178120 0.631560
v -0.263000 1.178120 0.702260
v 0.058560 0.000000 -0.717600
v 0.060720 0.000000 -0.715820
v 0.109980 0.000000 -0.578380
v 0.057880 0.000000 -0.556080
v -0.031040 0.023320 -0.137740
v 0.057880 0.000000 0.280580
v 0.139520 0.000000 0.313980
v 0.109980 0.000000 0.373080
v 0.060720 0.000000 0.510520
v 0.058560 0.000000 0.512300
v -0.031040 0.000000 -0.717600
v -0.031040 0.000000 -0.715820
v -0.031040 0.000000 -0.578380
v -0.031040 0.000000 -0.565420
v -0.031040 0.000000 0.289940
v -0.031040 0.000000 0.313980
v -0.031040 0.000000 0.373080
v -0.031040 0.000000 0.510520
v -0.031040 0.000000 0.512300
v -0.120660 0.000000 -0.717600
v -0.122800 0.000000 -0.715820
v -0.172080 0.000000 -0.578380
v -0.119960 0.000000 -0.556080
v -0.119960 0.000000 0.280580
v -0.201620 0.000000 0.313980
v -0.172080 0.000000 0.373080
v -0.122800 0.000000 0.510520
v -0.120660 0.000000 0.512300
v 0.017000 0.022800 -0.029820
v 0.048480 0.021140 0.040880
v 0.079960 0.018020 0.111560
v 0.111420 0.012380 0.182260
v -0.364200 0.012380 -0.029500
v -0.290600 0.018020 -0.053420
v -0.217000 0.021140 -0.077320
v -0.143400 0.022800 -0.101240
v -0.133360 0.022800 -0.078680
v -0.200380 0.021140 -0.039980
v -0.267400 0.018020 -0.001300
v -0.334400 0.012380 0.037400
v -0.291360 0.012380 0.096640
v -0.233860 0.018020 0.044860
v -0.176360 0.021140 -0.006920
v -0.118840 0.022800 -0.058700
v -0.100480 0.022800 -0.042160
v -0.145980 0.021140 0.020440
v -0.191460 0.018020 0.083040
v -0.236940 0.012380 0.145640
v 0.174840 0.012380 0.145640
v 0.129360 0.018020 0.083040
v 0.083880 0.021140 0.020440
v 0.038400 0.022800 -0.042160
v 0.056740 0.022800 -0.058700
v 0.114260 0.021140 -0.006920
v 0.171760 0.018020 0.044860
v 0.229260 0.012380 0.096640
v -0.055620 0.022800 -0.253300
v -0.071700 0.021140 -0.329000
v -0.087780 0.018020 -0.404680
v -0.103880 0.012380 -0.480380
v -0.379420 0.012380 -0.174360
v -0.302460 0.018020 -0.166280
v -0.225500 0.021140 -0.158180
v -0.148540 0.022800 -0.150100
v -0.148540 0.022800 -0.125400
v -0.225500 0.021140 -0.117300
v -0.302460 0.018020 -0.109220
v -0.379420 0.012380 -0.101120
v -0.173520 0.012380 -0.457760
v -0.142040 0.018020 -0.387060
v -0.110580 0.021140 -0.316360
v -0.079100 0.022800 -0.245680
v -0.173520 0.012380 0.182260
v -0.142040 0.018020 0.111560
v -0.110580 0.021140 0.040880
v -0.079100 0.022800 -0.029820
v 0.038400 0.022800 -0.233320
v 0.083880 0.021140 -0.295920
v 0.129360 0.018020 -0.358540
v 0.174840 0.012380 -0.421140
v -0.031040 0.022800 -0.255880
v -0.031040 0.021140 -0.333260
v -0.031040 0.018020 -0.410660
v -0.031040 0.012380 -0.488040
v 0.272320 0.012380 0.037400
v 0.205300 0.018020 -0.001300
v 0.138280 0.021140 -0.039980
v 0.071260 0.022800 -0.078680
v 0.317320 0.012380 -0.174360
v 0.240360 0.018020 -0.166280
v 0.163400 0.021140 -0.158180
v 0.086440 0.022800 -0.150100
v 0.081300 0.022800 -0.174260
v 0.154900 0.021140 -0.198160
v 0.228500 0.018020 -0.222080
v 0.302100 0.012380 -0.246000
v -0.236940 0.012380 -0.421140
v -0.191460 0.018020 -0.358540
v -0.145980 0.021140 -0.295920
v -0.100480 0.022800 -0.233320
v -0.118840 0.022800 -0.216800
v -0.176360 0.021140 -0.268580
v -0.233860 0.018020 -0.320360
v -0.291360 0.012380 -0.372140
v -0.103880 0.012380 0.204900
v -0.087780 0.018020 0.129200
v -0.071700 0.021140 0.053500
v -0.055620 0.022800 -0.022180
v 0.272320 0.012380 -0.312900
v 0.205300 0.018020 -0.274200
v 0.138280 0.021140 -0.235500
v 0.071260 0.022800 -0.196820
v 0.056740 0.022800 -0.216800
v 0.114260 0.021140 -0.268580
v 0.171760 0.018020 -0.320360
v 0.229260 0.012380 -0.372140
v 0.111420 0.012380 -0.457760
v 0.079960 0.018020 -0.387060
v 0.048480 0.021140 -0.316360
v 0.017000 0.022800 -0.245680
v -0.006480 0.022800 -0.253300
v 0.009600 0.021140 -0.329000
v 0.025700 0.018020 -0.404680
v 0.041780 0.012380 -0.480380
v -0.334400 0.012380 -0.312900
v -0.267400 0.018020 -0.274200
v -0.200380 0.021140 -0.235500
v -0.133360 0.022800 -0.196820
v -0.143400 0.022800 -0.174260
v -0.217000 0.021140 -0.198160
v -0.290600 0.018020 -0.222080
v -0.364200 0.012380 -0.246000
v 0.302100 0.012380 -0.029500
v 0.228500 0.018020 -0.053420
v 0.154900 0.021140 -0.077320
v 0.081300 0.022800 -0.101240
v 0.086440 0.022800 -0.125400
v 0.163400 0.021140 -0.117300
v 0.240360 0.018020 -0.109220
v 0.317320 0.012380 -0.101120
v -0.031040 0.012380 0.212540
v -0.031040 0.018020 0.135160
v -0.031040 0.021140 0.057780
v -0.031040 0.022800 -0.019600
v -0.006480 0.022800 -0.022180
v 0.009600 0.021140 0.053500
v 0.025700 0.018020 0.129200
v 0.041780 0.012380 0.204900
v -0.031040 0.000000 0.518300
v -0.031040 0.016000 0.526280
v -0.031040 0.001900 0.522960
v -0.117680 0.016000 0.526260
v -0.118180 0.000000 0.518320
v -0.117860 0.001900 0.522960
v 0.239900 0.006500 0.551460
v 0.237220 0.000000 0.545000
v 0.239000 0.001900 0.549280
v 0.242900 0.000000 0.542740
v 0.253200 0.016000 0.541700
v 0.245700 0.001900 0.546440
v 0.231580 0.000000 0.547280
v 0.223580 0.016000 0.553960
v 0.232220 0.001900 0.551980
v 0.055580 0.016000 0.526260
v 0.056080 0.000000 0.518320
v 0.055760 0.001900 0.522960
v -0.285680 0.016000 0.553960
v -0.293680 0.000000 0.547280
v -0.294320 0.001900 0.551980
v 0.408320 0.000000 0.336720
v 0.413680 0.016000 0.342080
v 0.411420 0.001900 0.339820
v 0.352400 0.016000 0.403300
v 0.346620 0.000000 0.398200
v 0.350000 0.001900 0.401160
v 0.623060 0.006500 0.168300
v 0.614260 0.000000 0.167540
v 0.620020 0.001900 0.168380
v 0.618080 0.000000 0.158580
v 0.625560 0.016000 0.151980
v 0.623380 0.001900 0.159960
v 0.610560 0.000000 0.176000
v 0.613300 0.016000 0.181600
v 0.616020 0.001900 0.176480
v 0.474900 0.016000 0.280800
v 0.466240 0.000000 0.279060
v 0.470720 0.001900 0.280420
v 0.589400 0.000000 -0.102320
v 0.597880 0.016000 -0.102640
v 0.594420 0.001900 -0.102480
v 0.597860 0.016000 -0.016020
v 0.589380 0.000000 -0.015720
v 0.594400 0.001900 -0.015940
v 0.623060 0.006500 -0.373600
v 0.614140 0.000000 -0.372660
v 0.619980 0.001900 -0.373620
v 0.610180 0.000000 -0.381760
v 0.613300 0.016000 -0.386880
v 0.615820 0.001900 -0.382020
v 0.618120 0.000000 -0.363240
v 0.625560 0.016000 -0.357280
v 0.623400 0.001900 -0.364960
v 0.597860 0.016000 -0.189280
v 0.589400 0.000000 -0.189020
v 0.594400 0.001900 -0.189080
v 0.404660 0.000000 -0.545680
v 0.413680 0.016000 -0.547360
v 0.409520 0.001900 -0.547000
v 0.474900 0.016000 -0.486100
v 0.465700 0.000000 -0.484920
v 0.470380 0.001900 -0.486020
v 0.239900 0.006500 -0.756760
v 0.237220 0.000000 -0.750300
v 0.239000 0.001900 -0.754580
v 0.231580 0.000000 -0.752580
v 0.223580 0.016000 -0.759260
v 0.232220 0.001900 -0.757280
v 0.242900 0.000000 -0.748040
v 0.253200 0.016000 -0.746980
v 0.245700 0.001900 -0.751740
v 0.352400 0.016000 -0.608600
v 0.346620 0.000000 -0.603500
v 0.350000 0.001900 -0.606460
v -0.031040 0.000000 -0.723600
v -0.031040 0.016000 -0.731580
v -0.031040 0.001900 -0.728260
v 0.055580 0.016000 -0.731560
v 0.056080 0.000000 -0.723620
v 0.055760 0.001900 -0.728260
v -0.302000 0.006500 -0.756760
v -0.299320 0.000000 -0.750300
v -0.301080 0.001900 -0.754580
v -0.305000 0.000000 -0.748040
v -0.315280 0.016000 -0.746980
v -0.307800 0.001900 -0.751740
v -0.293680 0.000000 -0.752580
v -0.285680 0.016000 -0.759260
v -0.294320 0.001900 -0.757280
v -0.117680 0.016000 -0.731560
v -0.118180 0.000000 -0.723620
v -0.117860 0.001900 -0.728260
v -0.466760 0.000000 -0.545680
v -0.475760 0.016000 -0.547360
v -0.471600 0.001900 -0.547000
v -0.414500 0.016000 -0.608600
v -0.408720 0.000000 -0.603500
v -0.412100 0.001900 -0.606460
v -0.685160 0.006500 -0.373600
v -0.676220 0.000000 -0.372660
v -0.682080 0.001900 -0.373620
v -0.680220 0.000000 -0.363240
v -0.687660 0.016000 -0.357280
v -0.685480 0.001900 -0.364960
v -0.672280 0.000000 -0.381760
v -0.675380 0.016000 -0.386880
v -0.677900 0.001900 -0.382020
v -0.537000 0.016000 -0.486100
v -0.527780 0.000000 -0.484920
v -0.532480 0.001900 -0.486020
v -0.651500 0.000000 -0.102320
v -0.659980 0.016000 -0.102640
v -0.656520 0.001900 -0.102480
v -0.659960 0.016000 -0.189280
v -0.651500 0.000000 -0.189020
v -0.656500 0.001900 -0.189080
v -0.685160 0.006500 0.168300
v -0.676360 0.000000 0.167540
v -0.682120 0.001900 0.168380
v -0.672660 0.000000 0.176000
v -0.675380 0.016000 0.181600
v -0.678120 0.001900 0.176480
v -0.680180 0.000000 0.158580
v -0.687660 0.016000 0.151980
v -0.685460 0.001900 0.159960
v -0.659960 0.016000 -0.016020
v -0.651480 0.000000 -0.015720
v -0.656500 0.001900 -0.015940
v -0.528340 0.000000 0.279060
v -0.537000 0.016000 0.280800
v -0.532800 0.001900 0.280420
v -0.470400 0.000000 0.336720
v -0.475760 0.016000 0.342080
v -0.473500 0.001900 0.339820
v -0.304980 0.000000 0.542740
v -0.315280 0.016000 0.541700
v -0.307800 0.001900 0.546440
v -0.414500 0.016000 0.403300
v -0.408720 0.000000 0.398200
v -0.412100 0.001900 0.401160
v -0.302000 0.006500 0.551460
v -0.299320 0.000000 0.545000
v -0.301080 0.001900 0.549280
v -0.130900 0.925140 0.620500
v -0.131820 0.973780 0.627260
v -0.131400 0.949720 0.623540
v 0.068800 0.925140 0.620500
v 0.069760 0.973780 0.627480
v 0.069300 0.949720 0.623620
v 0.277600 0.925140 0.654420
v 0.266940 0.973780 0.662460
v 0.267500 0.949720 0.657100
v 0.294960 0.925140 0.639420
v 0.299020 0.973780 0.646300
v 0.296700 0.949720 0.642520
v -0.327240 0.973780 0.660340
v -0.325260 0.925140 0.652600
v -0.326220 0.949720 0.656020
v -0.031040 0.973780 0.627360
v -0.031040 0.925140 0.620500
v -0.031040 0.949720 0.623560
v 0.413800 0.973780 0.484740
v 0.409680 0.925140 0.479300
v 0.411500 0.949720 0.481800
v 0.550900 0.925140 0.338100
v 0.556520 0.973780 0.342360
v 0.553460 0.949720 0.339940
v 0.722520 0.925140 0.214440
v 0.720660 0.973780 0.227640
v 0.717280 0.949720 0.223460
v 0.724200 0.925140 0.191560
v 0.731940 0.973780 0.193540
v 0.727620 0.949720 0.192520
v 0.485140 0.973780 0.413540
v 0.480300 0.925140 0.408700
v 0.482460 0.949720 0.410860
v 0.692100 0.925140 -0.002800
v 0.698860 0.973780 -0.001860
v 0.695140 0.949720 -0.002300
v 0.692100 0.925140 -0.202500
v 0.699080 0.973780 -0.203460
v 0.695220 0.949720 -0.203000
v 0.726020 0.925140 -0.411300
v 0.734060 0.973780 -0.400640
v 0.728700 0.949720 -0.401200
v 0.717900 0.973780 -0.432720
v 0.711020 0.925140 -0.428640
v 0.714120 0.949720 -0.430380
v 0.698960 0.973780 -0.102640
v 0.692100 0.925140 -0.102640
v 0.695160 0.949720 -0.102640
v 0.550900 0.925140 -0.543380
v 0.556340 0.973780 -0.547500
v 0.553400 0.949720 -0.545180
v 0.409700 0.925140 -0.684580
v 0.413960 0.973780 -0.690220
v 0.411540 0.949720 -0.687160
v 0.286040 0.925140 -0.856220
v 0.299240 0.973780 -0.854360
v 0.295060 0.949720 -0.850980
v 0.265140 0.973780 -0.865620
v 0.263160 0.925140 -0.857880
v 0.264120 0.949720 -0.861300
v 0.485140 0.973780 -0.618840
v 0.480300 0.925140 -0.614000
v 0.482460 0.949720 -0.616160
v 0.068800 0.925140 -0.825780
v 0.069740 0.973780 -0.832540
v 0.069300 0.949720 -0.828840
v -0.130900 0.925140 -0.825800
v -0.131860 0.973780 -0.832780
v -0.131400 0.949720 -0.828900
v -0.339700 0.925140 -0.859720
v -0.329040 0.973780 -0.867740
v -0.329600 0.949720 -0.862400
v -0.361120 0.973780 -0.851600
v -0.357060 0.925140 -0.844720
v -0.358780 0.949720 -0.847820
v -0.031040 0.973780 -0.832660
v -0.031040 0.925140 -0.825800
v -0.031040 0.949720 -0.828860
v -0.471780 0.925140 -0.684580
v -0.475900 0.973780 -0.690020
v -0.473580 0.949720 -0.687100
v -0.612980 0.925140 -0.543380
v -0.618620 0.973780 -0.547640
v -0.615560 0.949720 -0.545220
v -0.784620 0.925140 -0.419720
v -0.782760 0.973780 -0.432940
v -0.779380 0.949720 -0.428760
v -0.794020 0.973780 -0.398840
v -0.786300 0.925140 -0.396860
v -0.789720 0.949720 -0.397820
v -0.547240 0.973780 -0.618840
v -0.542400 0.925140 -0.614000
v -0.544560 0.949720 -0.616160
v -0.754200 0.925140 -0.202500
v -0.760960 0.973780 -0.203420
v -0.757240 0.949720 -0.203000
v -0.754200 0.925140 -0.002800
v -0.761180 0.973780 -0.001840
v -0.757300 0.949720 -0.002300
v -0.788120 0.925140 0.206000
v -0.796140 0.973780 0.195340
v -0.790800 0.949720 0.195900
v -0.780000 0.973780 0.227420
v -0.773120 0.925140 0.223360
v -0.776220 0.949720 0.225100
v -0.761060 0.973780 -0.102640
v -0.754200 0.925140 -0.102640
v -0.757260 0.949720 -0.102640
v -0.612980 0.925140 0.338100
v -0.618420 0.973780 0.342220
v -0.615500 0.949720 0.339900
v -0.471780 0.925140 0.479300
v -0.476040 0.973780 0.484920
v -0.473620 0.949720 0.481860
v -0.348120 0.925140 0.650920
v -0.361340 0.973780 0.649060
v -0.357160 0.949720 0.645680
v -0.547240 0.973780 0.413540
v -0.542400 0.925140 0.408700
v -0.544560 0.949720 0.410860
v 0.285440 0.973780 0.660440
v 0.283460 0.925140 0.650760
v 0.284160 0.949720 0.654940
v 0.730520 0.973780 0.211260
v 0.724080 0.925140 0.207700
v 0.727060 0.949720 0.209400
v 0.282900 0.973780 -0.864640
v 0.279300 0.925140 -0.857780
v 0.280980 0.949720 -0.860880
v 0.729400 0.973780 -0.419580
v 0.722360 0.925140 -0.417160
v 0.725620 0.949720 -0.418240
v -0.345760 0.973780 0.659740
v -0.341400 0.925140 0.652480
v -0.343420 0.949720 0.655680
v -0.792520 0.973780 0.214600
v -0.784460 0.925140 0.211860
v -0.788020 0.949720 0.213020
v -0.791160 0.973780 -0.415200
v -0.786180 0.925140 -0.413000
v -0.788680 0.949720 -0.414100
v -0.347520 0.973780 -0.861140
v -0.345560 0.925140 -0.856060
v -0.346540 0.949720 -0.858600
v 0.080140 1.209240 0.720960
v 0.206600 1.136360 0.699380
v -0.321280 1.052480 0.682140
v -0.265640 1.136340 0.698920
v -0.128420 1.208900 0.720720
v 0.261220 1.050040 0.682180
v 0.275420 0.991460 0.666760
v -0.337560 0.991460 0.666760
v -0.030460 1.219220 0.724220
v 0.632800 1.205640 0.394560
v 0.704120 1.136360 0.296420
v 0.318660 1.052480 0.657500
v 0.369860 1.136340 0.630020
v 0.469960 1.204120 0.556080
v 0.730580 1.050040 0.245640
v 0.729700 0.991460 0.224700
v 0.296280 0.991460 0.658140
v 0.553720 1.219200 0.481280
v 0.790920 1.207540 -0.210860
v 0.770980 1.136360 -0.340300
v 0.753740 1.052480 0.187580
v 0.770520 1.136340 0.131940
v 0.784960 1.202480 0.005700
v 0.753780 1.050040 -0.394920
v 0.738360 0.991460 -0.409120
v 0.738360 0.991460 0.203860
v 0.796460 1.219240 -0.103220
v 0.473980 1.209720 -0.764360
v 0.368020 1.136360 -0.837820
v 0.729100 1.052480 -0.452340
v 0.701620 1.136340 -0.503560
v 0.624080 1.210740 -0.615380
v 0.317240 1.050040 -0.864280
v 0.296300 0.991460 -0.863400
v 0.729740 0.991460 -0.429960
v 0.558980 1.219640 -0.694700
v -0.144460 1.207860 -0.924900
v -0.268700 1.136360 -0.904660
v 0.259180 1.052480 -0.887420
v 0.203540 1.136340 -0.904200
v 0.064940 1.208900 -0.924840
v -0.323320 1.050040 -0.887480
v -0.337520 0.991460 -0.872060
v 0.275460 0.991460 -0.872040
v -0.031020 1.215980 -0.927460
v -0.688040 1.205460 -0.608180
v -0.766220 1.136360 -0.501720
v -0.380740 1.052480 -0.862780
v -0.431960 1.136340 -0.835320
v -0.536760 1.203700 -0.757120
v -0.792680 1.050040 -0.450940
v -0.791800 0.991460 -0.430000
v -0.358360 0.991460 -0.863420
v -0.616520 1.219240 -0.687320
v -0.854740 1.207780 0.012400
v -0.839520 1.135100 0.126240
v -0.815820 1.052480 -0.392880
v -0.832620 1.136340 -0.337240
v -0.856700 1.209080 -0.201140
v -0.815880 1.050040 0.189620
v -0.800460 0.991460 0.203820
v -0.800440 0.991460 -0.409160
v -0.866000 1.219560 -0.102280
v -0.535620 1.207440 0.557300
v -0.430120 1.136360 0.632520
v -0.791200 1.052480 0.247060
v -0.763720 1.136340 0.298260
v -0.683160 1.207040 0.408220
v -0.379340 1.050040 0.658980
v -0.358400 0.991460 0.658120
v -0.791820 0.991460 0.224680
v -0.615800 1.219240 0.482900
v -0.031040 0.006500 0.525300
v -0.117740 0.006500 0.525300
v 0.232620 0.006500 0.554480
v 0.055660 0.006500 0.525300
v -0.294720 0.006500 0.554480
v 0.412980 0.006500 0.341380
v 0.351660 0.006500 0.402680
v 0.620060 0.006500 0.175580
v 0.474280 0.006500 0.280060
v 0.596900 0.006500 -0.102640
v 0.596900 0.006500 -0.015940
v 0.626080 0.006500 -0.366320
v 0.596900 0.006500 -0.189340
v 0.412980 0.006500 -0.546660
v 0.474280 0.006500 -0.485360
v 0.247180 0.006500 -0.753740
v 0.351660 0.006500 -0.607980
v -0.031040 0.006500 -0.730580
v 0.055660 0.006500 -0.730580
v -0.294720 0.006500 -0.759780
v -0.117740 0.006500 -0.730580
v 0.232620 0.006500 -0.759780
v -0.475060 0.006500 -0.546660
v -0.413760 0.006500 -0.607980
v -0.682140 0.006500 -0.380860
v -0.536380 0.006500 -0.485360
v -0.309260 0.006500 -0.753740
v -0.658980 0.006500 -0.102640
v -0.658980 0.006500 -0.189340
v -0.688180 0.006500 0.161020
v -0.658980 0.006500 -0.015940
v -0.536380 0.006500 0.280060
v -0.682140 0.006500 0.175580
v -0.688180 0.006500 -0.366320
v -0.475060 0.006500 0.341380
v -0.309260 0.006500 0.548460
v -0.413760 0.006500 0.402680
v 0.247180 0.006500 0.548460
v 0.626080 0.006500 0.161020
v 0.620060 0.006500 -0.380860
v -0.287180 0.050380 0.557700
v 0.254780 0.050380 0.545400
v 0.225080 0.050420 0.557720
v 0.629300 0.050380 0.153480
v 0.617020 0.050420 0.183200
v 0.617000 0.050380 -0.388480
v 0.629320 0.050420 -0.358780
v 0.225080 0.050380 -0.763000
v 0.254800 0.050420 -0.750700
v -0.316880 0.050380 -0.750700
v -0.287180 0.050420 -0.763020
v -0.691400 0.050380 -0.358780
v -0.679120 0.050420 -0.388480
v -0.679100 0.050380 0.183180
v -0.691420 0.050420 0.153480
v -0.316880 0.050420 0.545420
v 0.289340 0.925140 0.647140
v 0.291080 0.949720 0.650240
v 0.293400 0.973780 0.654000
v -0.335640 0.949720 0.657500
v -0.334680 0.925140 0.654080
v -0.336660 0.973780 0.661800
v 0.268160 0.925140 0.652940
v 0.276940 0.949720 0.658600
v 0.276360 0.973780 0.664060
v 0.725680 0.925140 0.200980
v 0.729100 0.949720 0.201940
v 0.733400 0.973780 0.202960
v 0.714800 0.925140 0.220080
v 0.725020 0.949720 0.217860
v 0.728460 0.973780 0.222120
v 0.724540 0.925140 -0.401840
v 0.730200 0.949720 -0.410640
v 0.735660 0.973780 -0.410060
v 0.273540 0.949720 -0.862780
v 0.272580 0.925140 -0.859380
v 0.274560 0.973780 -0.867100
v 0.291680 0.925140 -0.848500
v 0.289440 0.949720 -0.858720
v 0.293720 0.973780 -0.862160
v 0.721820 0.949720 -0.424780
v 0.718740 0.925140 -0.423040
v 0.725600 0.973780 -0.427100
v -0.330240 0.925140 -0.858240
v -0.339040 0.949720 -0.863900
v -0.338460 0.973780 -0.869340
v -0.353180 0.949720 -0.855520
v -0.351440 0.925140 -0.852440
v -0.355500 0.973780 -0.859300
v -0.791180 0.949720 -0.407240
v -0.787780 0.925140 -0.406280
v -0.795500 0.973780 -0.408260
v -0.776900 0.925140 -0.425360
v -0.787120 0.949720 -0.423140
v -0.790560 0.973780 -0.427420
v -0.786640 0.925140 0.196560
v -0.792300 0.949720 0.205340
v -0.797740 0.973780 0.204760
v -0.353760 0.925140 0.643200
v -0.351540 0.949720 0.653420
v -0.355820 0.973780 0.656860
v -0.783920 0.949720 0.219480
v -0.780840 0.925140 0.217740
v -0.787700 0.973780 0.221800
v -0.031040 0.475720 -0.744580
v -0.031040 0.241920 -0.102640
v -0.031040 0.393920 -0.728380
v -0.031040 0.322000 -0.685980
v -0.031040 0.276640 -0.614760
v 0.094180 0.475720 -0.732240
v 0.068860 0.276640 -0.604920
v 0.082760 0.322000 -0.674780
v 0.091020 0.393920 -0.716360
v 0.214600 0.475720 -0.695720
v 0.164940 0.276640 -0.575780
v 0.192180 0.322000 -0.641580
v 0.208420 0.393920 -0.680760
v 0.325600 0.475720 -0.636400
v 0.253460 0.276640 -0.528460
v 0.293040 0.322000 -0.587680
v 0.316600 0.393920 -0.622920
v 0.422860 0.475720 -0.556560
v 0.331080 0.276640 -0.464760
v 0.381440 0.322000 -0.515140
v 0.411420 0.393920 -0.545120
v 0.502700 0.475720 -0.459280
v 0.394760 0.276640 -0.387160
v 0.453980 0.322000 -0.426740
v 0.489240 0.393920 -0.450280
v 0.562020 0.475720 -0.348300
v 0.442080 0.276640 -0.298620
v 0.507880 0.322000 -0.325880
v 0.547060 0.393920 -0.342100
v 0.598540 0.475720 -0.227880
v 0.471220 0.276640 -0.202560
v 0.541080 0.322000 -0.216460
v 0.582660 0.393920 -0.224720
v 0.610880 0.475720 -0.102640
v 0.481060 0.276640 -0.102640
v 0.552300 0.322000 -0.102640
v 0.594700 0.393920 -0.102640
v 0.598540 0.475720 0.022580
v 0.471220 0.276640 -0.002740
v 0.541080 0.322000 0.011160
v 0.582660 0.393920 0.019420
v 0.562020 0.475720 0.143000
v 0.442080 0.276640 0.093340
v 0.507880 0.322000 0.120580
v 0.547060 0.393920 0.136820
v 0.502700 0.475720 0.254000
v 0.394760 0.276640 0.181860
v 0.453980 0.322000 0.221440
v 0.489240 0.393920 0.245000
v 0.422860 0.475720 0.351260
v 0.331080 0.276640 0.259480
v 0.381440 0.322000 0.309840
v 0.411420 0.393920 0.339820
v 0.325600 0.475720 0.431100
v 0.253460 0.276640 0.323160
v 0.293040 0.322000 0.382380
v 0.316600 0.393920 0.417640
v 0.214600 0.475720 0.490420
v 0.164940 0.276640 0.370480
v 0.192180 0.322000 0.436300
v 0.208420 0.393920 0.475460
v 0.094180 0.475720 0.526960
v 0.068860 0.276640 0.399620
v 0.082760 0.322000 0.469480
v 0.091020 0.393920 0.511060
v -0.031040 0.475720 0.539280
v -0.031040 0.276640 0.409460
v -0.031040 0.322000 0.480700
v -0.031040 0.393920 0.523100
v -0.156280 0.475720 0.526960
v -0.130960 0.276640 0.399620
v -0.144860 0.322000 0.469480
v -0.153120 0.393920 0.511060
v -0.276700 0.475720 0.490420
v -0.227020 0.276640 0.370480
v -0.254280 0.322000 0.436300
v -0.270500 0.393920 0.475460
v -0.387680 0.475720 0.431100
v -0.315560 0.276640 0.323160
v -0.355140 0.322000 0.382380
v -0.378680 0.393920 0.417640
v -0.484960 0.475720 0.351260
v -0.393160 0.276640 0.259480
v -0.443540 0.322000 0.309840
v -0.473520 0.393920 0.339820
v -0.564800 0.475720 0.254000
v -0.456860 0.276640 0.181860
v -0.516080 0.322000 0.221440
v -0.551340 0.393920 0.245000
v -0.624120 0.475720 0.143000
v -0.504180 0.276640 0.093340
v -0.569980 0.322000 0.120580
v -0.609160 0.393920 0.136820
v -0.660640 0.475720 0.022580
v -0.533320 0.276640 -0.002740
v -0.603180 0.322000 0.011160
v -0.644760 0.393920 0.019420
v -0.672980 0.475720 -0.102640
v -0.543160 0.276640 -0.102640
v -0.614380 0.322000 -0.102640
v -0.656780 0.393920 -0.102640
v -0.660640 0.475720 -0.227880
v -0.533320 0.276640 -0.202560
v -0.603180 0.322000 -0.216460
v -0.644760 0.393920 -0.224720
v -0.624120 0.475720 -0.348300
v -0.504180 0.276640 -0.298620
v -0.569980 0.322000 -0.325880
v -0.609160 0.393920 -0.342100
v -0.564800 0.475720 -0.459280
v -0.456860 0.276640 -0.387160
v -0.516080 0.322000 -0.426740
v -0.551340 0.393920 -0.450280
v -0.484960 0.475720 -0.556560
v -0.393160 0.276640 -0.464760
v -0.443540 0.322000 -0.515140
v -0.473520 0.393920 -0.545120
v -0.387680 0.475720 -0.636400
v -0.315560 0.276640 -0.528460
v -0.355140 0.322000 -0.587680
v -0.378680 0.393920 -0.622920
v -0.276700 0.475720 -0.695720
v -0.227020 0.276640 -0.575780
v -0.254280 0.322000 -0.641580
v -0.270500 0.393920 -0.680760
v -0.156280 0.475720 -0.732240
v -0.130960 0.276640 -0.604920
v -0.144860 0.322000 -0.674780
v -0.153120 0.393920 -0.716360
v -0.031040 0.261400 -0.532560
v 0.052820 0.261400 -0.524300
v 0.133480 0.261400 -0.499840
v 0.207800 0.261400 -0.460120
v 0.272960 0.261400 -0.406640
v 0.326420 0.261400 -0.341500
v 0.366140 0.261400 -0.267160
v 0.390600 0.261400 -0.186520
v 0.398880 0.261400 -0.102640
v 0.390600 0.261400 -0.018780
v 0.366140 0.261400 0.061880
v 0.326420 0.261400 0.136200
v 0.272960 0.261400 0.201360
v 0.207800 0.261400 0.254820
v 0.133480 0.261400 0.294540
v 0.052820 0.261400 0.319020
v -0.031040 0.261400 0.327280
v -0.114920 0.261400 0.319020
v -0.195580 0.261400 0.294540
v -0.269900 0.261400 0.254820
v -0.335040 0.261400 0.201360
v -0.388520 0.261400 0.136200
v -0.428240 0.261400 0.061880
v -0.452700 0.261400 -0.018780
v -0.460960 0.261400 -0.102640
v -0.452700 0.261400 -0.186520
v -0.428240 0.261400 -0.267160
v -0.388520 0.261400 -0.341500
v -0.335040 0.261400 -0.406640
v -0.269900 0.261400 -0.460120
v -0.195580 0.261400 -0.499840
v -0.114920 0.261400 -0.524300
v -0.031040 0.254860 -0.430900
v -0.031040 0.248540 -0.329220
v 0.013160 0.248540 -0.324860
v 0.032980 0.254860 -0.424580
v 0.055660 0.248540 -0.311980
v 0.094560 0.254860 -0.405900
v 0.094820 0.248540 -0.291040
v 0.151320 0.254860 -0.375580
v 0.129160 0.248540 -0.262860
v 0.201060 0.254860 -0.334760
v 0.157340 0.248540 -0.228520
v 0.241880 0.254860 -0.285020
v 0.178280 0.248540 -0.189360
v 0.272220 0.254860 -0.228260
v 0.191160 0.248540 -0.146840
v 0.290880 0.254860 -0.166680
v 0.195520 0.248540 -0.102640
v 0.297200 0.254860 -0.102640
v 0.191160 0.248540 -0.058440
v 0.290880 0.254860 -0.038600
v 0.178280 0.248540 -0.015940
v 0.272220 0.254860 0.022960
v 0.157340 0.248540 0.023220
v 0.241880 0.254860 0.079720
v 0.129160 0.248540 0.057560
v 0.201060 0.254860 0.129460
v 0.094820 0.248540 0.085740
v 0.151320 0.254860 0.170280
v 0.055660 0.248540 0.106680
v 0.094560 0.254860 0.200620
v 0.013160 0.248540 0.119580
v 0.032980 0.254860 0.219300
v -0.031040 0.248540 0.123920
v -0.031040 0.254860 0.225600
v -0.075240 0.248540 0.119580
v -0.095080 0.254860 0.219300
v -0.117760 0.248540 0.106680
v -0.156660 0.254860 0.200620
v -0.156920 0.248540 0.085740
v -0.213420 0.254860 0.170280
v -0.191260 0.248540 0.057560
v -0.263160 0.254860 0.129460
v -0.219440 0.248540 0.023220
v -0.303980 0.254860 0.079720
v -0.240380 0.248540 -0.015940
v -0.334300 0.254860 0.022960
v -0.253260 0.248540 -0.058440
v -0.352980 0.254860 -0.038600
v -0.257620 0.248540 -0.102640
v -0.359300 0.254860 -0.102640
v -0.253260 0.248540 -0.146840
v -0.352980 0.254860 -0.166680
v -0.240380 0.248540 -0.189360
v -0.334300 0.254860 -0.228260
v -0.219440 0.248540 -0.228520
v -0.303980 0.254860 -0.285020
v -0.191260 0.248540 -0.262860
v -0.263160 0.254860 -0.334760
v -0.156920 0.248540 -0.291040
v -0.213420 0.254860 -0.375580
v -0.117760 0.248540 -0.311980
v -0.156660 0.254860 -0.405900
v -0.075240 0.248540 -0.324860
v -0.095080 0.254860 -0.424580
v -0.031040 1.370680 -0.918700
v -0.031040 1.181560 -0.873180
v -0.031040 1.310820 -0.908220
v -0.031040 1.239640 -0.891080
v 0.122040 1.181560 -0.858380
v 0.129680 1.370680 -0.903020
v 0.126100 1.239640 -0.875940
v 0.128800 1.310820 -0.892740
v 0.269260 1.181560 -0.814520
v 0.284240 1.370680 -0.856580
v 0.277200 1.239640 -0.831060
v 0.282520 1.310820 -0.846900
v 0.404920 1.181560 -0.743320
v 0.426700 1.370680 -0.781180
v 0.416460 1.239640 -0.758200
v 0.424180 1.310820 -0.772460
v 0.523840 1.181560 -0.647500
v 0.551540 1.370680 -0.679680
v 0.538520 1.239640 -0.660160
v 0.548340 1.310820 -0.672260
v 0.621420 1.181560 -0.530740
v 0.654000 1.370680 -0.556020
v 0.638700 1.239640 -0.540680
v 0.650240 1.310820 -0.550200
v 0.693940 1.181560 -0.397520
v 0.730140 1.370680 -0.414940
v 0.713140 1.239640 -0.404360
v 0.725960 1.310820 -0.410920
v 0.738600 1.181560 -0.252980
v 0.777020 1.370680 -0.261860
v 0.758960 1.239640 -0.256460
v 0.772580 1.310820 -0.259800
v 0.753680 1.181560 -0.102640
v 0.792860 1.370680 -0.102640
v 0.774440 1.239640 -0.102640
v 0.788320 1.310820 -0.102640
v 0.738600 1.181560 0.047680
v 0.777020 1.370680 0.056560
v 0.758960 1.239640 0.051160
v 0.772580 1.310820 0.054520
v 0.693940 1.181560 0.192220
v 0.730140 1.370680 0.209640
v 0.713140 1.239640 0.199080
v 0.725960 1.310820 0.205640
v 0.621420 1.181560 0.325440
v 0.654000 1.370680 0.350740
v 0.638700 1.239640 0.335380
v 0.650240 1.310820 0.344900
v 0.523840 1.181560 0.442200
v 0.551540 1.370680 0.474400
v 0.538520 1.239640 0.454860
v 0.548340 1.310820 0.466980
v 0.404920 1.181560 0.538020
v 0.426700 1.370680 0.575880
v 0.416460 1.239640 0.552920
v 0.424180 1.310820 0.567160
v 0.269260 1.181560 0.609240
v 0.284240 1.370680 0.651300
v 0.277200 1.239640 0.625760
v 0.282520 1.310820 0.641600
v 0.122040 1.181560 0.653080
v 0.129680 1.370680 0.697740
v 0.126100 1.239640 0.670640
v 0.128800 1.310820 0.687440
v -0.031040 1.181560 0.667880
v -0.031040 1.370680 0.713420
v -0.031040 1.239640 0.685780
v -0.031040 1.310820 0.702920
v -0.184140 1.181560 0.653080
v -0.191780 1.370680 0.697740
v -0.188200 1.239640 0.670640
v -0.190900 1.310820 0.687440
v -0.331340 1.181560 0.609240
v -0.346340 1.370680 0.651300
v -0.339300 1.239640 0.625760
v -0.344600 1.310820 0.641600
v -0.467020 1.181560 0.538020
v -0.488780 1.370680 0.575880
v -0.478560 1.239640 0.552920
v -0.486260 1.310820 0.567160
v -0.585920 1.181560 0.442200
v -0.613640 1.370680 0.474400
v -0.600620 1.239640 0.454860
v -0.610440 1.310820 0.466980
v -0.683520 1.181560 0.325440
v -0.716100 1.370680 0.350740
v -0.700800 1.239640 0.335380
v -0.712340 1.310820 0.344900
v -0.756040 1.181560 0.192220
v -0.792240 1.370680 0.209640
v -0.775220 1.239640 0.199080
v -0.788060 1.310820 0.205640
v -0.800680 1.181560 0.047680
v -0.839120 1.370680 0.056560
v -0.821060 1.239640 0.051160
v -0.834680 1.310820 0.054520
v -0.815760 1.181560 -0.102640
v -0.854960 1.370680 -0.102640
v -0.836540 1.239640 -0.102640
v -0.850420 1.310820 -0.102640
v -0.800680 1.181560 -0.252980
v -0.839120 1.370680 -0.261860
v -0.821060 1.239640 -0.256460
v -0.834680 1.310820 -0.259800
v -0.756040 1.181560 -0.397520
v -0.792240 1.370680 -0.414940
v -0.775220 1.239640 -0.404360
v -0.788060 1.310820 -0.410920
v -0.683520 1.181560 -0.530740
v -0.716100 1.370680 -0.556020
v -0.700800 1.239640 -0.540680
v -0.712340 1.310820 -0.550200
v -0.585920 1.181560 -0.647500
v -0.613640 1.370680 -0.679680
v -0.600620 1.239640 -0.660160
v -0.610440 1.310820 -0.672260
v -0.467020 1.181560 -0.743320
v -0.488780 1.370680 -0.781180
v -0.478560 1.239640 -0.758200
v -0.486260 1.310820 -0.772460
v -0.331340 1.181560 -0.814520
v -0.346340 1.370680 -0.856580
v -0.339300 1.239640 -0.831060
v -0.344600 1.310820 -0.846900
v -0.184140 1.181560 -0.858380
v -0.191780 1.370680 -0.903020
v -0.188200 1.239640 -0.875940
v -0.190900 1.310820 -0.892740
v -0.031040 1.101500 -0.845860
v -0.031040 0.912240 -0.801360
v -0.031040 1.043400 -0.828060
v -0.031040 0.972180 -0.811320
v 0.105260 0.912240 -0.787940
v 0.115120 1.101500 -0.831580
v 0.107200 0.972180 -0.797700
v 0.110800 1.043400 -0.814120
v 0.236340 0.912240 -0.748180
v 0.255680 1.101500 -0.789300
v 0.240140 0.972180 -0.757380
v 0.247180 1.043400 -0.772840
v 0.357140 0.912240 -0.683600
v 0.385220 1.101500 -0.720600
v 0.362660 0.972180 -0.691880
v 0.372880 1.043400 -0.705820
v 0.463020 0.912240 -0.596720
v 0.498780 1.101500 -0.628180
v 0.470060 0.972180 -0.603760
v 0.483060 1.043400 -0.615600
v 0.549920 0.912240 -0.490840
v 0.591960 1.101500 -0.515560
v 0.558200 0.972180 -0.496360
v 0.573480 1.043400 -0.505660
v 0.614480 0.912240 -0.370040
v 0.661200 1.101500 -0.387060
v 0.623680 0.972180 -0.373840
v 0.640660 1.043400 -0.380260
v 0.654240 0.912240 -0.238960
v 0.703840 1.101500 -0.247640
v 0.664000 0.972180 -0.240900
v 0.682040 1.043400 -0.244160
v 0.667660 0.912240 -0.102640
v 0.718240 1.101500 -0.102640
v 0.677620 0.972180 -0.102640
v 0.696000 1.043400 -0.102640
v 0.654240 0.912240 0.033660
v 0.703840 1.101500 0.042340
v 0.664000 0.972180 0.035600
v 0.682040 1.043400 0.038880
v 0.614480 0.912240 0.164740
v 0.661200 1.101500 0.181760
v 0.623680 0.972180 0.168540
v 0.640660 1.043400 0.174960
v 0.549920 0.912240 0.285540
v 0.591960 1.101500 0.310260
v 0.558200 0.972180 0.291060
v 0.573480 1.043400 0.300380
v 0.463020 0.912240 0.391420
v 0.498780 1.101500 0.422880
v 0.470060 0.972180 0.398460
v 0.483060 1.043400 0.410300
v 0.357140 0.912240 0.478320
v 0.385220 1.101500 0.515320
v 0.362660 0.972180 0.486600
v 0.372880 1.043400 0.500520
v 0.236340 0.912240 0.542880
v 0.255680 1.101500 0.584000
v 0.240140 0.972180 0.552080
v 0.247180 1.043400 0.567560
v 0.105260 0.912240 0.582640
v 0.115120 1.101500 0.626280
v 0.107200 0.972180 0.592400
v 0.110800 1.043400 0.608840
v -0.031040 0.912240 0.596060
v -0.031040 1.101500 0.640560
v -0.031040 0.972180 0.606020
v -0.031040 1.043400 0.622780
v -0.167360 0.912240 0.582640
v -0.177220 1.101500 0.626280
v -0.169300 0.972180 0.592400
v -0.172880 1.043400 0.608840
v -0.298440 0.912240 0.542880
v -0.317780 1.101500 0.584000
v -0.302240 0.972180 0.552080
v -0.309280 1.043400 0.567560
v -0.419240 0.912240 0.478320
v -0.447320 1.101500 0.515320
v -0.424760 0.972180 0.486600
v -0.434980 1.043400 0.500520
v -0.525120 0.912240 0.391420
v -0.560860 1.101500 0.422880
v -0.532160 0.972180 0.398460
v -0.545140 1.043400 0.410300
v -0.612000 0.912240 0.285540
v -0.654060 1.101500 0.310260
v -0.620280 0.972180 0.291060
v -0.635560 1.043400 0.300380
v -0.676580 0.912240 0.164740
v -0.723300 1.101500 0.181760
v -0.685780 0.972180 0.168540
v -0.702760 1.043400 0.174960
v -0.716340 0.912240 0.033660
v -0.765940 1.101500 0.042340
v -0.726100 0.972180 0.035600
v -0.744120 1.043400 0.038880
v -0.729760 0.912240 -0.102640
v -0.780320 1.101500 -0.102640
v -0.739720 0.972180 -0.102640
v -0.758100 1.043400 -0.102640
v -0.716340 0.912240 -0.238960
v -0.765940 1.101500 -0.247640
v -0.726100 0.972180 -0.240900
v -0.744120 1.043400 -0.244160
v -0.676580 0.912240 -0.370040
v -0.723300 1.101500 -0.387060
v -0.685780 0.972180 -0.373840
v -0.702760 1.043400 -0.380260
v -0.612000 0.912240 -0.490840
v -0.654060 1.101500 -0.515560
v -0.620280 0.972180 -0.496360
v -0.635560 1.043400 -0.505660
v -0.525120 0.912240 -0.596720
v -0.560860 1.101500 -0.628180
v -0.532160 0.972180 -0.603760
v -0.545140 1.043400 -0.615600
v -0.419240 0.912240 -0.683600
v -0.447320 1.101500 -0.720600
v -0.424760 0.972180 -0.691880
v -0.434980 1.043400 -0.705820
v -0.298440 0.912240 -0.748180
v -0.317780 1.101500 -0.789300
v -0.302240 0.972180 -0.757380
v -0.309280 1.043400 -0.772840
v -0.167360 0.912240 -0.787940
v -0.177220 1.101500 -0.831580
v -0.169300 0.972180 -0.797700
v -0.172880 1.043400 -0.814120
v -0.031040 1.975420 -1.049720
v -0.031040 2.000000 -1.027760
v -0.031040 1.988260 -1.048740
v -0.031040 1.997520 -1.040480
v 0.149440 2.000000 -1.010000
v 0.153720 1.975420 -1.031520
v 0.151920 1.997520 -1.022460
v 0.153520 1.988260 -1.030560
v 0.322980 2.000000 -0.957340
v 0.331380 1.975420 -0.977640
v 0.327840 1.997520 -0.969080
v 0.331000 1.988260 -0.976720
v 0.482920 2.000000 -0.871860
v 0.495120 1.975420 -0.890120
v 0.489980 1.997520 -0.882420
v 0.494580 1.988260 -0.889300
v 0.623120 2.000000 -0.756800
v 0.638640 1.975420 -0.772340
v 0.632100 1.997520 -0.765800
v 0.637940 1.988260 -0.771640
v 0.738160 2.000000 -0.616620
v 0.756420 1.975420 -0.628820
v 0.748720 1.997520 -0.623680
v 0.755600 1.988260 -0.628260
v 0.823660 2.000000 -0.456680
v 0.843940 1.975420 -0.465080
v 0.835400 1.997520 -0.461540
v 0.843020 1.988260 -0.464700
v 0.876300 2.000000 -0.283120
v 0.897840 1.975420 -0.287420
v 0.888760 1.997520 -0.285600
v 0.896860 1.988260 -0.287220
v 0.894080 2.000000 -0.102640
v 0.916040 1.975420 -0.102640
v 0.906780 1.997520 -0.102640
v 0.915040 1.988260 -0.102640
v 0.876300 2.000000 0.077840
v 0.897840 1.975420 0.082120
v 0.888760 1.997520 0.080320
v 0.896860 1.988260 0.081920
v 0.823660 2.000000 0.251380
v 0.843940 1.975420 0.259780
v 0.835400 1.997520 0.256240
v 0.843020 1.988260 0.259400
v 0.738160 2.000000 0.411320
v 0.756420 1.975420 0.423520
v 0.748720 1.997520 0.418380
v 0.755600 1.988260 0.422980
v 0.623120 2.000000 0.551520
v 0.638640 1.975420 0.567040
v 0.632100 1.997520 0.560500
v 0.637940 1.988260 0.566340
v 0.482920 2.000000 0.666560
v 0.495120 1.975420 0.684820
v 0.489980 1.997520 0.677120
v 0.494580 1.988260 0.684000
v 0.322980 2.000000 0.752060
v 0.331380 1.975420 0.772340
v 0.327840 1.997520 0.763800
v 0.331000 1.988260 0.771420
v 0.149440 2.000000 0.804700
v 0.153720 1.975420 0.826240
v 0.151920 1.997520 0.817160
v 0.153520 1.988260 0.825260
v -0.031040 2.000000 0.822480
v -0.031040 1.975420 0.844440
v -0.031040 1.997520 0.835180
v -0.031040 1.988260 0.843440
v -0.211540 2.000000 0.804700
v -0.215820 1.975420 0.826240
v -0.214000 1.997520 0.817160
v -0.215620 1.988260 0.825260
v -0.385080 2.000000 0.752060
v -0.393480 1.975420 0.772340
v -0.389940 1.997520 0.763800
v -0.393100 1.988260 0.771420
v -0.545020 2.000000 0.666560
v -0.557220 1.975420 0.684820
v -0.552080 1.997520 0.677120
v -0.556660 1.988260 0.684000
v -0.685200 2.000000 0.551520
v -0.700740 1.975420 0.567040
v -0.694200 1.997520 0.560500
v -0.700040 1.988260 0.566340
v -0.800260 2.000000 0.411320
v -0.818520 1.975420 0.423520
v -0.810820 1.997520 0.418380
v -0.817700 1.988260 0.422980
v -0.885740 2.000000 0.251380
v -0.906040 1.975420 0.259780
v -0.897480 1.997520 0.256240
v -0.905120 1.988260 0.259400
v -0.938400 2.000000 0.077840
v -0.959920 1.975420 0.082120
v -0.950860 1.997520 0.080320
v -0.958960 1.988260 0.081920
v -0.956160 2.000000 -0.102640
v -0.978120 1.975420 -0.102640
v -0.968880 1.997520 -0.102640
v -0.977140 1.988260 -0.102640
v -0.938400 2.000000 -0.283120
v -0.959920 1.975420 -0.287420
v -0.950860 1.997520 -0.285600
v -0.958960 1.988260 -0.287220
v -0.885740 2.000000 -0.456680
v -0.906040 1.975420 -0.465080
v -0.897480 1.997520 -0.461540
v -0.905120 1.988260 -0.464700
v -0.800260 2.000000 -0.616620
v -0.818520 1.975420 -0.628820
v -0.810820 1.997520 -0.623680
v -0.817700 1.988260 -0.628260
v -0.685200 2.000000 -0.756800
v -0.700740 1.975420 -0.772340
v -0.694200 1.997520 -0.765800
v -0.700040 1.988260 -0.771640
v -0.545020 2.000000 -0.871860
v -0.557220 1.975420 -0.890120
v -0.552080 1.997520 -0.882420
v -0.556660 1.988260 -0.889300
v -0.385080 2.000000 -0.957340
v -0.393480 1.975420 -0.977640
v -0.389940 1.997520 -0.969080
v -0.393100 1.988260 -0.976720
v -0.211540 2.000000 -1.010000
v -0.215820 1.975420 -1.031520
v -0.214000 1.997520 -1.022460
v -0.215620 1.988260 -1.030560
v -0.031040 1.975440 -0.999740
v -0.031040 1.997520 -1.014460
v -0.031040 1.988280 -1.003900
v 0.143960 1.975440 -0.982500
v 0.144780 1.988280 -0.986580
v 0.146840 1.997520 -0.996940
v 0.312260 1.975440 -0.931460
v 0.313840 1.988280 -0.935300
v 0.317880 1.997520 -0.945040
v 0.467340 1.975440 -0.848560
v 0.469660 1.988280 -0.852020
v 0.475520 1.997520 -0.860780
v 0.603300 1.975440 -0.736980
v 0.606240 1.988280 -0.739920
v 0.613700 1.997520 -0.747380
v 0.714860 1.975440 -0.601040
v 0.718320 1.988280 -0.603360
v 0.727080 1.997520 -0.609220
v 0.797760 1.975440 -0.445940
v 0.801600 1.988280 -0.447540
v 0.811340 1.997520 -0.451580
v 0.848800 1.975440 -0.277660
v 0.852880 1.988280 -0.278480
v 0.863240 1.997520 -0.280540
v 0.866040 1.975440 -0.102640
v 0.870200 1.988280 -0.102640
v 0.880760 1.997520 -0.102640
v 0.848800 1.975440 0.072360
v 0.852880 1.988280 0.073180
v 0.863240 1.997520 0.075240
v 0.797760 1.975440 0.240660
v 0.801600 1.988280 0.242240
v 0.811340 1.997520 0.246280
v 0.714860 1.975440 0.395760
v 0.718320 1.988280 0.398060
v 0.727080 1.997520 0.403920
v 0.603300 1.975440 0.531700
v 0.606240 1.988280 0.534640
v 0.613700 1.997520 0.542100
v 0.467340 1.975440 0.643260
v 0.469660 1.988280 0.646720
v 0.475520 1.997520 0.655480
v 0.312260 1.975440 0.726160
v 0.313840 1.988280 0.730000
v 0.317880 1.997520 0.739740
v 0.143960 1.975440 0.777200
v 0.144780 1.988280 0.781280
v 0.146840 1.997520 0.791640
v -0.031040 1.975440 0.794440
v -0.031040 1.988280 0.798600
v -0.031040 1.997520 0.809160
v -0.206060 1.975440 0.777200
v -0.206880 1.988280 0.781280
v -0.208940 1.997520 0.791640
v -0.374360 1.975440 0.726160
v -0.375940 1.988280 0.730000
v -0.379980 1.997520 0.739740
v -0.529440 1.975440 0.643260
v -0.531760 1.988280 0.646720
v -0.537620 1.997520 0.655480
v -0.665380 1.975440 0.531700
v -0.668340 1.988280 0.534640
v -0.675780 1.997520 0.542100
v -0.776960 1.975440 0.395760
v -0.780420 1.988280 0.398060
v -0.789180 1.997520 0.403920
v -0.859860 1.975440 0.240660
v -0.863700 1.988280 0.242240
v -0.873440 1.997520 0.246280
v -0.910900 1.975440 0.072360
v -0.914980 1.988280 0.073180
v -0.925340 1.997520 0.075240
v -0.928140 1.975440 -0.102640
v -0.932300 1.988280 -0.102640
v -0.942860 1.997520 -0.102640
v -0.910900 1.975440 -0.277660
v -0.914980 1.988280 -0.278480
v -0.925340 1.997520 -0.280540
v -0.859860 1.975440 -0.445940
v -0.863700 1.988280 -0.447540
v -0.873440 1.997520 -0.451580
v -0.776960 1.975440 -0.601040
v -0.780420 1.988280 -0.603360
v -0.789180 1.997520 -0.609220
v -0.665380 1.975440 -0.736980
v -0.668340 1.988280 -0.739920
v -0.675800 1.997520 -0.747380
v -0.529440 1.975440 -0.848560
v -0.531760 1.988280 -0.852020
v -0.537620 1.997520 -0.860780
v -0.374360 1.975440 -0.931460
v -0.375940 1.988280 -0.935300
v -0.379980 1.997520 -0.945040
v -0.206060 1.975440 -0.982500
v -0.206880 1.988280 -0.986580
v -0.208940 1.997520 -0.996940
vn -0.0750 -0.3047 0.9495
vn -0.1744 -0.2973 0.9387
vn -0.1553 -0.3691 0.9163
vn -0.0737 -0.3970 0.9148
vn -0.0000 -0.1034 0.9946
vn -0.0001 -0.1135 0.9935
vn 0.0810 -0.1129 0.9903
vn 0.0814 -0.1018 0.9915
vn 0.7586 -0.1018 0.6435
vn 0.7576 -0.1128 0.6429
vn 0.8060 -0.1134 0.5810
vn 0.8080 -0.0996 0.5808
vn 0.4014 -0.1753 0.8989
vn 0.0749 -0.1924 0.9784
vn 0.0817 -0.1986 0.9767
vn 0.4619 -0.2142 0.8607
vn -0.0000 -0.3107 0.9505
vn -0.0000 -0.4049 0.9143
vn -0.0811 -0.1018 0.9915
vn -0.0808 -0.1182 0.9897
vn 0.0007 -0.5065 0.8622
vn 0.0620 -0.4961 0.8660
vn 0.0764 -0.4033 0.9119
vn -0.0847 -0.1793 0.9801
vn -0.1697 -0.1804 0.9688
vn -0.1742 -0.2248 0.9587
vn -0.0863 -0.2337 0.9685
vn -0.0003 -0.2413 0.9705
vn -0.0664 -0.4904 0.8690
vn 0.1537 -0.3759 0.9138
vn 0.1738 -0.2963 0.9391
vn 0.0744 -0.3039 0.9498
vn 0.1592 -0.1132 0.9807
vn 0.1610 -0.0996 0.9819
vn 0.1685 -0.2604 0.9507
vn 0.0845 -0.2483 0.9650
vn -0.1603 -0.0996 0.9820
vn -0.1581 -0.1282 0.9791
vn -0.0000 -1.0000 -0.0000
vn -0.0150 -0.9830 0.1831
vn -0.0000 -0.9813 0.1927
vn -0.3652 -0.2949 0.8830
vn -0.1069 -0.2901 0.9510
vn -0.0960 -0.1118 0.9891
vn -0.3455 -0.1169 0.9311
vn 0.0733 -0.9809 0.1803
vn 0.0229 -0.9756 0.2182
vn 0.1402 -0.9745 0.1752
vn -0.0000 -0.1030 0.9947
vn 0.0805 -0.1017 0.9916
vn 0.1619 -0.1990 0.9665
vn 0.0816 -0.1866 0.9790
vn -0.0006 -0.1813 0.9834
vn 0.6184 -0.3046 0.7244
vn 0.5411 -0.2971 0.7868
vn 0.5403 -0.3627 0.7593
vn 0.5978 -0.3918 0.6993
vn -0.1231 -0.2191 0.9679
vn -0.3421 -0.1522 0.9273
vn -0.2799 -0.1876 0.9415
vn -0.0505 -0.2129 0.9758
vn 0.9915 -0.1018 -0.0814
vn 0.9903 -0.1131 -0.0810
vn 0.9807 -0.1132 -0.1592
vn 0.9819 -0.0996 -0.1610
vn 0.9266 -0.1508 0.3445
vn 0.8104 -0.1807 0.5572
vn 0.8145 -0.1810 0.5512
vn 0.9412 -0.1791 0.2866
vn 0.6722 -0.3105 0.6722
vn 0.6473 -0.4023 0.6475
vn 0.6437 -0.1018 0.7584
vn 0.6427 -0.1180 0.7570
vn 0.7025 -0.1135 0.7026
vn 0.7033 -0.1034 0.7033
vn 0.6132 -0.4981 0.6130
vn 0.6643 -0.4810 0.5722
vn 0.6993 -0.3943 0.5963
vn 0.6333 -0.1792 0.7529
vn 0.5648 -0.1806 0.8052
vn 0.5547 -0.2249 0.8011
vn 0.6238 -0.2339 0.7458
vn 0.6860 -0.2415 0.6864
vn 0.5710 -0.4788 0.6669
vn 0.7571 -0.3663 0.5410
vn 0.7863 -0.2958 0.5424
vn 0.7243 -0.3039 0.6189
vn 0.4142 -0.1169 0.9026
vn 0.6315 -0.1118 0.7673
vn 0.6634 -0.1269 0.7374
vn 0.4808 -0.1329 0.8667
vn 0.7912 -0.2605 0.5533
vn 0.7420 -0.2487 0.6226
vn 0.5813 -0.0996 0.8076
vn 0.5804 -0.1280 0.8042
vn -0.0301 -0.9973 -0.0676
vn 0.1375 -0.9783 0.1548
vn 0.1448 -0.9788 0.1451
vn -0.0704 -0.9973 -0.0229
vn -0.0736 -0.9973 -0.0077
vn 0.1801 -0.9836 -0.0000
vn 0.1701 -0.9853 -0.0136
vn -0.0435 -0.9973 -0.0598
vn -0.0550 -0.9973 -0.0495
vn 0.1537 -0.9858 0.0680
vn 0.1679 -0.9699 0.1762
vn 0.1449 -0.9817 0.1234
vn 0.7033 -0.1030 0.7033
vn 0.7579 -0.1019 0.6443
vn 0.6949 -0.1816 0.6958
vn 0.9495 -0.3047 0.0750
vn 0.9386 -0.2974 0.1746
vn 0.9164 -0.3685 0.1561
vn 0.9155 -0.3957 0.0733
vn 0.9665 -0.1990 -0.1619
vn 0.9791 -0.1863 -0.0816
vn 0.9649 -0.2486 -0.0845
vn 0.9507 -0.2604 -0.1685
vn 0.6346 -0.1863 -0.7500
vn 0.6958 -0.1814 -0.6949
vn 0.6864 -0.2414 -0.6860
vn 0.6226 -0.2486 -0.7420
vn 0.9009 -0.1462 -0.4086
vn 0.9669 -0.1783 -0.1827
vn 0.9662 -0.1774 -0.1868
vn 0.8704 -0.1724 -0.4612
vn 0.9505 -0.3107 -0.0000
vn 0.9167 -0.3996 0.0037
vn 0.9915 -0.1018 0.0811
vn 0.9897 -0.1182 0.0808
vn 0.9935 -0.1135 0.0001
vn 0.9946 -0.1034 -0.0000
vn 0.8615 -0.5077 0.0089
vn 0.8795 -0.4727 -0.0550
vn 0.9212 -0.3828 -0.0699
vn 0.9801 -0.1794 0.0847
vn 0.9689 -0.1804 0.1696
vn 0.9587 -0.2249 0.1741
vn 0.9685 -0.2338 0.0863
vn 0.9705 -0.2413 0.0003
vn 0.8678 -0.4928 0.0632
vn 0.9206 -0.3584 -0.1552
vn 0.9400 -0.2951 -0.1709
vn 0.9497 -0.3042 -0.0746
vn 0.9834 -0.1813 0.0006
vn 0.9820 -0.0996 0.1603
vn 0.9790 -0.1282 0.1584
vn -0.0736 -0.9973 0.0077
vn 0.1713 -0.9851 0.0133
vn -0.0435 -0.9973 0.0599
vn -0.0301 -0.9973 0.0676
vn 0.1443 -0.9789 -0.1446
vn 0.1389 -0.9780 -0.1553
vn -0.0704 -0.9973 0.0229
vn -0.0641 -0.9973 0.0370
vn 0.1509 -0.9863 -0.0665
vn 0.1959 -0.9805 -0.0132
vn -0.0641 -0.9973 -0.0370
vn 0.1958 -0.9805 0.0159
vn 0.9947 -0.1030 -0.0000
vn 0.9916 -0.1017 -0.0804
vn 0.7244 -0.3046 -0.6184
vn 0.7874 -0.2976 -0.5398
vn 0.7574 -0.3770 -0.5331
vn 0.6963 -0.4024 -0.5944
vn 0.5687 -0.1992 -0.7980
vn 0.5535 -0.2605 -0.7911
vn -0.0816 -0.1865 -0.9791
vn 0.0007 -0.1814 -0.9834
vn 0.0003 -0.2414 -0.9704
vn -0.0844 -0.2487 -0.9649
vn 0.3464 -0.1461 -0.9267
vn 0.5604 -0.1792 -0.8086
vn 0.5561 -0.1764 -0.8122
vn 0.2865 -0.1712 -0.9427
vn 0.6721 -0.3106 -0.6721
vn 0.6440 -0.4126 -0.6442
vn 0.7584 -0.1019 -0.6438
vn 0.7569 -0.1181 -0.6427
vn 0.7026 -0.1135 -0.7025
vn 0.7033 -0.1035 -0.7033
vn 0.5513 -0.6273 -0.5501
vn 0.5357 -0.5698 -0.6232
vn 0.5911 -0.4077 -0.6960
vn 0.7529 -0.1794 -0.6332
vn 0.8051 -0.1806 -0.5650
vn 0.8011 -0.2248 -0.5547
vn 0.7458 -0.2337 -0.6238
vn 0.6282 -0.5649 -0.5349
vn 0.5331 -0.3831 -0.7544
vn 0.5408 -0.2966 -0.7871
vn 0.6190 -0.3037 -0.7243
vn 0.7954 -0.2191 -0.5652
vn 0.7564 -0.2093 -0.6196
vn 0.8075 -0.0996 -0.5814
vn 0.8041 -0.1280 -0.5806
vn 0.1450 -0.9817 -0.1235
vn -0.0000 -0.9813 -0.1927
vn -0.0150 -0.9829 -0.1834
vn 0.0736 -0.9808 -0.1808
vn 0.1401 -0.9745 -0.1752
vn -0.0550 -0.9973 0.0495
vn 0.1692 -0.9689 -0.1805
vn 0.7034 -0.1030 -0.7033
vn 0.6436 -0.1018 -0.7586
vn 0.6443 -0.1018 -0.7580
vn 0.6429 -0.1127 -0.7576
vn 0.0750 -0.3047 -0.9495
vn 0.1740 -0.2971 -0.9388
vn 0.1360 -0.3433 -0.9293
vn 0.0826 -0.3937 -0.9155
vn 0.3452 -0.1169 -0.9312
vn 0.0957 -0.1118 -0.9891
vn 0.0614 -0.1248 -0.9903
vn 0.2735 -0.1271 -0.9534
vn -0.7500 -0.1863 -0.6346
vn -0.6949 -0.1813 -0.6959
vn -0.6860 -0.2414 -0.6864
vn -0.7420 -0.2485 -0.6226
vn -0.3825 -0.1092 -0.9175
vn -0.2683 -0.1627 -0.9495
vn -0.2633 -0.1613 -0.9511
vn -0.4334 -0.1387 -0.8905
vn -0.0000 -0.3106 -0.9505
vn -0.0003 -0.3905 -0.9206
vn 0.0811 -0.1018 -0.9915
vn 0.0808 -0.1180 -0.9897
vn 0.0001 -0.1135 -0.9935
vn -0.0000 -0.1034 -0.9946
vn 0.0009 -0.5630 -0.8265
vn -0.0692 -0.5044 -0.8607
vn -0.0851 -0.4021 -0.9116
vn 0.0847 -0.1796 -0.9801
vn 0.1696 -0.1807 -0.9688
vn 0.1743 -0.2250 -0.9586
vn 0.0863 -0.2339 -0.9684
vn 0.0712 -0.5020 -0.8619
vn -0.1358 -0.3492 -0.9271
vn -0.1730 -0.2961 -0.9394
vn -0.0745 -0.3039 -0.9498
vn 0.1556 -0.2188 -0.9633
vn 0.0876 -0.2080 -0.9742
vn -0.1679 -0.2606 -0.9507
vn 0.1603 -0.0996 -0.9820
vn 0.1581 -0.1283 -0.9791
vn 0.0150 -0.9829 -0.1834
vn 0.0301 -0.9973 0.0676
vn -0.1444 -0.9789 -0.1447
vn -0.1449 -0.9817 -0.1234
vn -0.0736 -0.9808 -0.1808
vn -0.0231 -0.9755 -0.2187
vn 0.0229 -0.9756 -0.2182
vn -0.0000 -0.1030 -0.9947
vn -0.0814 -0.1018 -0.9915
vn -0.0804 -0.1022 -0.9915
vn -0.0811 -0.1129 -0.9903
vn -0.6184 -0.3046 -0.7244
vn -0.5397 -0.2976 -0.7875
vn -0.5368 -0.3721 -0.7572
vn -0.5929 -0.4006 -0.6985
vn -0.7981 -0.1990 -0.5688
vn -0.7911 -0.2602 -0.5535
vn -0.9791 -0.1863 0.0815
vn -0.9834 -0.1814 -0.0006
vn -0.9704 -0.2416 -0.0003
vn -0.9649 -0.2487 0.0845
vn -0.9191 -0.1076 -0.3791
vn -0.8623 -0.1618 -0.4799
vn -0.8593 -0.1606 -0.4856
vn -0.9362 -0.1375 -0.3235
vn -0.6721 -0.3107 -0.6721
vn -0.6457 -0.4058 -0.6468
vn -0.6438 -0.1019 -0.7584
vn -0.6428 -0.1182 -0.7569
vn -0.7025 -0.1136 -0.7026
vn -0.7033 -0.1035 -0.7033
vn -0.6054 -0.5137 -0.6079
vn -0.6579 -0.4943 -0.5682
vn -0.6985 -0.3995 -0.5937
vn -0.6331 -0.1795 -0.7529
vn -0.5650 -0.1807 -0.8051
vn -0.5546 -0.2249 -0.8011
vn -0.6238 -0.2339 -0.7458
vn -0.5648 -0.4977 -0.6583
vn -0.7562 -0.3723 -0.5381
vn -0.7866 -0.2961 -0.5418
vn -0.7243 -0.3039 -0.6189
vn -0.4667 -0.2028 -0.8609
vn -0.5283 -0.1984 -0.8256
vn -0.5813 -0.0997 -0.8076
vn -0.5805 -0.1283 -0.8041
vn 0.0435 -0.9973 0.0599
vn -0.1389 -0.9781 -0.1553
vn 0.0736 -0.9973 0.0077
vn 0.0736 -0.9973 -0.0077
vn -0.1801 -0.9836 -0.0000
vn -0.1715 -0.9851 0.0133
vn 0.0550 -0.9973 0.0495
vn 0.0641 -0.9973 0.0370
vn -0.1507 -0.9863 -0.0664
vn -0.1691 -0.9689 -0.1806
vn -0.1406 -0.9744 -0.1755
vn -0.7033 -0.1031 -0.7033
vn -0.7586 -0.1019 -0.6435
vn -0.7580 -0.1019 -0.6443
vn -0.7576 -0.1127 -0.6429
vn -0.9463 -0.3134 -0.0793
vn -0.9292 -0.3251 -0.1756
vn -0.8941 -0.4079 -0.1849
vn -0.9074 -0.4113 -0.0867
vn -0.9311 -0.1169 -0.3454
vn -0.9891 -0.1118 -0.0960
vn -0.9898 -0.1218 -0.0737
vn -0.9538 -0.1194 -0.2757
vn -0.6347 -0.1862 0.7500
vn -0.6958 -0.1815 0.6949
vn -0.6864 -0.2414 0.6860
vn -0.6226 -0.2485 0.7420
vn -0.8941 -0.1680 0.4152
vn -0.9748 -0.1886 0.1190
vn -0.9723 -0.1961 0.1268
vn -0.8565 -0.2080 0.4724
vn -0.9505 -0.3106 -0.0000
vn -0.9076 -0.4197 0.0012
vn -0.9915 -0.1018 -0.0811
vn -0.9897 -0.1180 -0.0808
vn -0.9935 -0.1134 -0.0001
vn -0.9946 -0.1034 -0.0000
vn -0.8045 -0.5940 0.0026
vn -0.8285 -0.5572 0.0556
vn -0.9079 -0.4130 0.0718
vn -0.9801 -0.1796 -0.0847
vn -0.9688 -0.1806 -0.1696
vn -0.9583 -0.2244 -0.1771
vn -0.9686 -0.2334 -0.0862
vn -0.8356 -0.5424 -0.0876
vn -0.9064 -0.3908 0.1603
vn -0.9389 -0.2966 0.1749
vn -0.9499 -0.3037 0.0744
vn -0.9380 -0.2017 -0.2819
vn -0.9571 -0.1978 -0.2117
vn -0.9508 -0.2604 0.1679
vn -0.9820 -0.0996 -0.1603
vn -0.9790 -0.1282 -0.1585
vn 0.0704 -0.9973 -0.0229
vn -0.1703 -0.9853 -0.0136
vn 0.0301 -0.9973 -0.0676
vn -0.1447 -0.9788 0.1450
vn -0.1376 -0.9783 0.1547
vn 0.0641 -0.9973 -0.0370
vn 0.0550 -0.9973 -0.0495
vn -0.1535 -0.9858 0.0680
vn -0.1959 -0.9805 0.0160
vn 0.0704 -0.9973 0.0229
vn -0.1962 -0.9805 -0.0131
vn -0.9947 -0.1029 -0.0000
vn -0.9915 -0.1018 0.0814
vn -0.9915 -0.1021 0.0804
vn -0.9903 -0.1127 0.0812
vn -0.7244 -0.3045 0.6185
vn -0.7876 -0.2976 0.5395
vn -0.7570 -0.3726 0.5368
vn -0.6982 -0.4007 0.5933
vn -0.5689 -0.1990 0.7980
vn -0.5530 -0.2605 0.7914
vn 0.7500 -0.1865 0.6346
vn -0.5818 -0.1812 0.7929
vn -0.5813 -0.1848 0.7924
vn -0.6721 -0.3106 0.6721
vn -0.6466 -0.4066 0.6454
vn -0.7584 -0.1018 0.6438
vn -0.7569 -0.1181 0.6427
vn -0.7026 -0.1135 0.7025
vn -0.7033 -0.1035 0.7033
vn -0.6071 -0.5159 0.6043
vn -0.5674 -0.4993 0.6548
vn -0.5918 -0.4023 0.6985
vn -0.7529 -0.1793 0.6332
vn -0.8051 -0.1809 0.5648
vn -0.8011 -0.2250 0.5546
vn -0.7458 -0.2341 0.6237
vn -0.6584 -0.4994 0.5631
vn -0.5374 -0.3752 0.7553
vn -0.5413 -0.2963 0.7869
vn -0.6190 -0.3038 0.7243
vn -0.7498 -0.2253 0.6221
vn -0.7064 -0.2206 0.6726
vn -0.8076 -0.0995 0.5813
vn -0.8041 -0.1282 0.5805
vn -0.1450 -0.9817 0.1235
vn -0.5972 -0.2871 0.7489
vn -0.6021 -0.1132 0.7903
vn -0.0230 -0.9756 0.2183
vn -0.0734 -0.9808 0.1805
vn 0.0435 -0.9973 -0.0598
vn -0.1681 -0.9699 0.1764
vn -0.1402 -0.9745 0.1752
vn -0.6429 -0.1128 0.7576
vn -0.6435 -0.1015 0.7587
vn 0.8085 -0.0999 0.5800
vn 0.6489 -0.2260 0.7265
vn 0.6959 -0.2182 0.6841
vn 0.9817 -0.1000 -0.1619
vn 0.9625 -0.2205 0.1581
vn 0.9725 -0.2128 0.0948
vn -0.1922 -0.1807 -0.9646
vn -0.1951 -0.0208 -0.9806
vn -0.0000 -0.0209 -0.9998
vn -0.0000 -0.1806 -0.9836
vn 0.9873 -0.1589 -0.0001
vn 0.9684 -0.1586 0.1926
vn 0.9514 -0.2785 0.1318
vn 0.9054 -0.4246 0.0009
vn -0.1928 -0.1617 0.9678
vn -0.3779 -0.1625 0.9115
vn -0.3780 -0.1613 0.9116
vn -0.1444 -0.2530 0.9566
vn -0.9078 -0.1843 -0.3767
vn -0.8206 -0.1781 -0.5430
vn -0.7245 -0.3598 -0.5879
vn -0.9120 -0.1429 -0.3844
vn 0.6977 -0.1611 -0.6981
vn 0.8206 -0.1604 -0.5485
vn 0.7878 -0.2388 -0.5677
vn 0.6671 -0.3362 -0.6648
vn 0.5484 -0.1592 0.8209
vn 0.3776 -0.1597 0.9121
vn 0.3764 -0.1698 0.9107
vn 0.5732 -0.2651 0.7753
vn -0.9119 -0.1723 0.3724
vn -0.9650 -0.1740 0.1962
vn -0.9573 -0.2562 0.1341
vn -0.9169 -0.1451 0.3717
vn 0.1928 -0.1824 -0.9641
vn 0.1451 -0.2297 -0.9624
vn 0.0013 -0.4190 -0.9080
vn -0.1573 -0.2190 -0.9629
vn 0.9122 -0.1585 0.3779
vn 0.9108 -0.1644 0.3788
vn -0.5483 -0.1632 0.8202
vn -0.5715 -0.2463 0.7828
vn -0.6974 -0.1664 -0.6971
vn -0.6353 -0.4387 -0.6356
vn 0.9119 -0.1598 -0.3779
vn 0.9118 -0.1668 -0.3753
vn 0.1924 -0.1603 0.9681
vn 0.1508 -0.2478 0.9570
vn -0.9861 -0.1662 -0.0000
vn -0.9410 -0.3385 -0.0005
vn 0.3698 -0.1737 -0.9127
vn 0.3639 -0.1585 -0.9179
vn 0.8209 -0.1585 0.5486
vn 0.7767 -0.2617 0.5730
vn -0.6977 -0.1640 0.6974
vn -0.6540 -0.3819 0.6530
vn -0.5429 -0.1777 -0.8208
vn -0.5875 -0.3491 -0.7300
vn 0.9682 -0.1593 -0.1927
vn 0.9548 -0.2610 -0.1421
vn -0.0002 -0.1610 0.9870
vn -0.0006 -0.3794 0.9252
vn -0.9643 -0.1768 -0.1970
vn -0.9561 -0.2604 -0.1345
vn 0.5480 -0.1618 -0.8207
vn 0.5645 -0.2326 -0.7919
vn 0.6981 -0.1588 0.6982
vn 0.6471 -0.4015 0.6481
vn -0.8202 -0.1648 0.5478
vn -0.7785 -0.2523 0.5747
vn -0.3770 -0.1834 -0.9079
vn -0.3771 -0.1477 -0.9143
vn 0.7903 -0.1133 0.6021
vn 0.9313 -0.1169 0.3450
vn 0.9535 -0.1261 0.2739
vn 0.8183 -0.1373 0.5581
vn -0.9807 -0.1132 0.1593
vn -0.9819 -0.0996 0.1610
vn -0.7904 -0.1133 -0.6021
vn -0.8242 -0.1338 -0.5502
vn 0.7981 -0.1990 0.5687
vn 0.1331 -0.1133 0.9846
vn 0.1725 -0.1413 0.9748
vn -0.1597 -0.1132 -0.9806
vn -0.1610 -0.0996 -0.9819
vn 0.6020 -0.1133 -0.7904
vn 0.5597 -0.1379 -0.8172
vn -0.4143 -0.1169 -0.9026
vn -0.6316 -0.1119 -0.7672
vn -0.6476 -0.1214 -0.7523
vn -0.4794 -0.1194 -0.8694
vn -0.1331 -0.1133 -0.9846
vn -0.1939 -0.1337 -0.9719
vn -0.0582 -0.1254 0.9904
vn -0.2737 -0.1292 0.9531
vn -0.5620 -0.1391 0.8154
vn 0.9027 -0.1169 -0.4142
vn 0.7672 -0.1118 -0.6316
vn 0.7443 -0.1245 -0.6562
vn 0.8678 -0.1265 -0.4806
vn 0.9846 -0.1133 -0.1331
vn 0.9734 -0.1376 -0.1834
vn -0.9027 -0.1169 0.4142
vn -0.7673 -0.1118 0.6315
vn -0.7409 -0.1258 0.6598
vn -0.8670 -0.1297 0.4812
vn -0.9846 -0.1133 0.1331
vn -0.9741 -0.1394 0.1779
vn 0.9891 -0.1118 0.0960
vn 0.9902 -0.1244 0.0634
vn 0.3889 -0.0660 0.9189
vn 0.0976 -0.1743 0.9798
vn 0.6304 -0.1706 0.7573
vn 0.6403 -0.2356 0.7311
vn 0.3897 -0.0260 0.9206
vn 0.0743 -0.2277 0.9709
vn 0.3840 -0.0914 0.9188
vn 0.2278 -0.1503 0.9620
vn 0.5256 -0.1644 0.8347
vn 0.6219 -0.5293 0.5772
vn 0.5715 -0.5886 0.5719
vn 0.9767 -0.1751 0.1244
vn 0.9257 -0.0642 0.3729
vn 0.7853 -0.1788 0.5927
vn 0.9261 -0.0385 0.3753
vn 0.7358 -0.2316 0.6363
vn 0.9691 -0.2405 0.0555
vn 0.9643 -0.1703 0.2027
vn 0.9214 -0.0904 0.3780
vn 0.8359 -0.1539 0.5268
vn 0.8328 -0.5526 -0.0311
vn 0.5777 -0.5298 0.6210
vn 0.5805 -0.0996 -0.8081
vn 0.5799 -0.1000 -0.8085
vn 0.5806 -0.1132 -0.8063
vn -0.1619 -0.1004 -0.9817
vn -0.1621 -0.1992 -0.9664
vn -0.8083 -0.0996 -0.5803
vn -0.8085 -0.1001 -0.5799
vn -0.8061 -0.1131 -0.5809
vn -0.9817 -0.1003 0.1619
vn -0.9665 -0.1990 0.1618
vn -0.6443 -0.1019 0.7580
vn -0.5807 -0.0997 0.8080
vn -0.5797 -0.1000 0.8087
vn -0.5807 -0.1132 0.8062
vn 0.9171 -0.0761 -0.3914
vn 0.9751 -0.1796 -0.1297
vn 0.7733 -0.1782 -0.6085
vn 0.7316 -0.2401 -0.6380
vn 0.9207 -0.0305 -0.3891
vn 0.9711 -0.2275 -0.0721
vn 0.9192 -0.0804 -0.3856
vn 0.9642 -0.1582 -0.2129
vn 0.8357 -0.1542 -0.5272
vn 0.7854 -0.6189 0.0054
vn 0.8294 -0.5578 0.0308
vn 0.5889 -0.5387 -0.6024
vn 0.5541 -0.6202 -0.5553
vn 0.3727 -0.0735 -0.9250
vn 0.5982 -0.1735 -0.7824
vn 0.1185 -0.1704 -0.9782
vn 0.0839 -0.1986 -0.9765
vn 0.3751 -0.0267 -0.9266
vn 0.6314 -0.2330 -0.7396
vn 0.3677 -0.0604 -0.9280
vn 0.5112 -0.1353 -0.8488
vn 0.2181 -0.0771 -0.9729
vn 0.6048 -0.5299 -0.5945
vn -0.3846 -0.0527 -0.9216
vn -0.1812 -0.1756 -0.9676
vn -0.5640 -0.1729 -0.8075
vn -0.6341 -0.2403 -0.7349
vn -0.3899 -0.0328 -0.9203
vn -0.1000 -0.1887 -0.9769
vn -0.3874 -0.0393 -0.9211
vn -0.2297 -0.0688 -0.9708
vn -0.5316 -0.1006 -0.8410
vn 0.0020 -0.5227 -0.8525
vn -0.0085 -0.5448 -0.8385
vn -0.0030 -0.6472 -0.7623
vn -0.9229 -0.0546 -0.3812
vn -0.8094 -0.1742 -0.5608
vn -0.9710 -0.1715 -0.1663
vn -0.9661 -0.2471 -0.0752
vn -0.9263 -0.0380 -0.3748
vn -0.7449 -0.2330 -0.6252
vn -0.9232 -0.0421 -0.3821
vn -0.8389 -0.0985 -0.5352
vn -0.9688 -0.1120 -0.2213
vn -0.5986 -0.4952 -0.6296
vn -0.5458 -0.6335 -0.5484
vn -0.6273 -0.5018 -0.5955
vn -0.9157 -0.0618 0.3971
vn -0.9721 -0.1910 0.1362
vn -0.7681 -0.1712 0.6170
vn -0.7342 -0.2388 0.6356
vn -0.9155 -0.0305 0.4011
vn -0.9673 -0.2455 0.0641
vn -0.9202 -0.0536 0.3877
vn -0.9700 -0.0823 0.2289
vn -0.8333 -0.1495 0.5322
vn -0.8896 -0.4566 -0.0083
vn -0.8219 -0.5696 0.0020
vn -0.8751 -0.4839 -0.0068
vn -0.3712 -0.0731 0.9257
vn -0.6022 -0.1689 0.7802
vn -0.1139 -0.1672 0.9793
vn -0.0726 -0.2399 0.9681
vn -0.3750 -0.0330 0.9264
vn -0.6278 -0.2296 0.7437
vn -0.3785 -0.0833 0.9218
vn -0.5250 -0.1458 0.8385
vn -0.2142 -0.1599 0.9636
vn -0.6238 -0.5190 0.5844
vn -0.5804 -0.5733 0.5783
vn -0.5805 -0.5262 0.6214
vn -0.0287 -0.5207 0.8533
vn 0.0317 -0.5257 0.8501
vn 0.0002 -0.5709 0.8210
vn -0.0804 -0.1018 0.9916
vn 0.3653 -0.2951 0.8829
vn 0.5972 -0.2870 0.7489
vn -0.1616 -0.1001 0.9818
vn 0.1619 -0.0999 0.9817
vn 0.0150 -0.9830 0.1831
vn 0.6443 -0.1019 0.7580
vn 0.8689 -0.3345 0.3648
vn 0.9434 -0.3118 0.1129
vn 0.5800 -0.1001 0.8085
vn 0.9916 -0.1017 0.0805
vn 0.8671 -0.3401 -0.3639
vn 0.7625 -0.3056 -0.5703
vn 0.9818 -0.1001 0.1616
vn 0.7580 -0.1020 -0.6443
vn 0.3652 -0.2948 -0.8830
vn 0.1067 -0.2897 -0.9512
vn 0.8084 -0.1001 -0.5801
vn 0.0804 -0.1022 -0.9915
vn -0.3654 -0.2947 -0.8829
vn -0.5974 -0.2871 -0.7488
vn 0.1616 -0.1005 -0.9817
vn -0.6443 -0.1020 -0.7580
vn -0.8671 -0.3401 -0.3640
vn -0.9425 -0.3134 -0.1160
vn -0.5800 -0.1002 -0.8084
vn -0.9915 -0.1019 -0.0804
vn -0.8688 -0.3346 0.3651
vn -0.7620 -0.3023 0.5726
vn -0.9817 -0.1005 -0.1616
vn -0.7033 -0.1030 0.7034
vn -0.8084 -0.1001 0.5800
vn -0.7580 -0.1019 0.6443
vn 0.1069 -0.2899 0.9511
vn 0.7623 -0.3026 0.5721
vn 0.9425 -0.3134 -0.1160
vn 0.5973 -0.2871 -0.7489
vn -0.1069 -0.2899 -0.9511
vn -0.7625 -0.3055 -0.5703
vn -0.9434 -0.3118 0.1131
vn -0.0154 -0.9973 0.0724
vn -0.0000 -0.9973 0.0740
vn 0.0154 -0.9973 0.0724
vn -0.0481 -0.9930 0.1080
vn -0.0246 -0.9930 0.1157
vn 0.0300 -0.9995 0.0097
vn 0.0273 -0.9995 0.0157
vn 0.0120 -0.9999 0.0069
vn 0.0128 -0.9999 0.0042
vn 0.0548 -0.9983 0.0178
vn 0.0499 -0.9983 0.0288
vn 0.1125 -0.9930 0.0365
vn 0.1024 -0.9930 0.0591
vn -0.0313 -0.9995 -0.0033
vn -0.0300 -0.9995 -0.0097
vn -0.0128 -0.9999 -0.0042
vn -0.0134 -0.9999 -0.0014
vn -0.0569 -0.9984 -0.0060
vn -0.0544 -0.9984 -0.0178
vn -0.1176 -0.9930 -0.0124
vn -0.1125 -0.9930 -0.0365
vn -0.0065 -0.9995 -0.0308
vn -0.0000 -0.9995 -0.0315
vn -0.0000 -0.9999 -0.0135
vn -0.0028 -0.9999 -0.0135
vn -0.0118 -0.9984 -0.0560
vn -0.0000 -0.9983 -0.0576
vn -0.0246 -0.9930 -0.1157
vn -0.0000 -0.9930 -0.1183
vn -0.0154 -0.9973 -0.0724
vn -0.0000 -0.9973 -0.0740
vn -0.0079 -0.9999 -0.0109
vn -0.0055 -0.9999 -0.0123
vn -0.0120 -0.9999 -0.0069
vn -0.0100 -0.9999 -0.0090
vn 0.0100 -0.9999 -0.0090
vn 0.0120 -0.9999 -0.0069
vn 0.0128 -0.9999 -0.0042
vn 0.0134 -0.9999 -0.0014
vn 0.0100 -0.9999 0.0090
vn 0.0134 -0.9999 0.0014
vn 0.0055 -0.9999 -0.0123
vn 0.0079 -0.9999 -0.0109
vn 0.0055 -0.9999 0.0123
vn 0.0028 -0.9999 0.0132
vn -0.0117 -0.9999 0.0067
vn -0.0128 -0.9999 0.0042
vn -0.0000 -0.9999 0.0138
vn -0.0055 -0.9999 0.0123
vn -0.0079 -0.9999 0.0109
vn 0.0079 -0.9999 0.0109
vn 0.0028 -0.9999 -0.0135
vn -0.0100 -0.9999 0.0090
vn -0.0134 -0.9999 0.0014
vn -0.0028 -0.9999 0.0132
vn 0.0154 -0.9973 -0.0724
vn -0.0234 -0.9983 0.0526
vn -0.0118 -0.9984 0.0560
vn -0.0128 -0.9995 0.0288
vn -0.0065 -0.9995 0.0308
vn -0.1024 -0.9930 0.0591
vn -0.0879 -0.9930 0.0791
vn -0.0499 -0.9983 0.0288
vn -0.0428 -0.9983 0.0385
vn -0.0273 -0.9995 0.0157
vn -0.0234 -0.9995 0.0211
vn 0.0246 -0.9930 -0.1157
vn 0.0120 -0.9983 -0.0563
vn 0.0065 -0.9995 -0.0308
vn 0.0695 -0.9930 0.0957
vn 0.0879 -0.9930 0.0791
vn 0.0338 -0.9983 0.0466
vn 0.0428 -0.9983 0.0385
vn 0.0185 -0.9995 0.0255
vn 0.0234 -0.9995 0.0211
vn -0.1176 -0.9930 0.0124
vn -0.1125 -0.9930 0.0365
vn -0.0569 -0.9984 0.0060
vn -0.0544 -0.9984 0.0178
vn -0.0313 -0.9995 0.0033
vn -0.0300 -0.9995 0.0097
vn -0.1024 -0.9930 -0.0591
vn -0.0499 -0.9983 -0.0288
vn -0.0273 -0.9995 -0.0157
vn -0.0000 -0.9930 0.1183
vn -0.0000 -0.9983 0.0576
vn -0.0000 -0.9995 0.0315
vn -0.0695 -0.9930 0.0957
vn -0.0338 -0.9983 0.0466
vn -0.0185 -0.9995 0.0255
vn 0.0481 -0.9930 -0.1080
vn 0.0234 -0.9983 -0.0526
vn 0.0128 -0.9995 -0.0288
vn 0.0481 -0.9930 0.1080
vn 0.0234 -0.9983 0.0526
vn 0.0128 -0.9995 0.0288
vn 0.1176 -0.9930 0.0124
vn 0.1176 -0.9930 -0.0124
vn 0.0569 -0.9984 0.0060
vn 0.0569 -0.9984 -0.0060
vn 0.0313 -0.9995 0.0033
vn 0.0313 -0.9995 -0.0033
vn 0.0246 -0.9930 0.1157
vn 0.0120 -0.9983 0.0563
vn 0.0065 -0.9995 0.0308
vn -0.0695 -0.9930 -0.0957
vn -0.0879 -0.9930 -0.0791
vn -0.0338 -0.9983 -0.0466
vn -0.0428 -0.9983 -0.0385
vn -0.0185 -0.9995 -0.0255
vn -0.0234 -0.9995 -0.0211
vn 0.0879 -0.9930 -0.0791
vn 0.0695 -0.9930 -0.0957
vn 0.0428 -0.9983 -0.0385
vn 0.0338 -0.9983 -0.0466
vn 0.0234 -0.9995 -0.0211
vn 0.0185 -0.9995 -0.0255
vn 0.1125 -0.9930 -0.0365
vn 0.1024 -0.9930 -0.0591
vn 0.0543 -0.9984 -0.0178
vn 0.0499 -0.9983 -0.0288
vn 0.0300 -0.9995 -0.0097
vn 0.0273 -0.9995 -0.0157
vn -0.0481 -0.9930 -0.1080
vn -0.0234 -0.9983 -0.0526
vn -0.0128 -0.9995 -0.0288
vn -0.0000 -0.2823 0.9593
vn 0.0784 -0.2864 0.9549
vn 0.0542 -0.7451 0.6647
vn -0.0000 -0.7354 0.6776
vn 0.4373 -0.7142 0.5465
vn 0.2573 -0.7367 0.6254
vn -0.0785 -0.2864 0.9549
vn -0.0541 -0.7454 0.6644
vn 0.0754 -0.7187 0.6912
vn -0.0756 -0.7188 0.6911
vn 0.6800 -0.2743 0.6800
vn 0.7321 -0.2794 0.6212
vn 0.5158 -0.7358 0.4387
vn 0.4898 -0.7211 0.4900
vn 0.6605 -0.7482 0.0629
vn 0.5731 -0.7809 0.2485
vn 0.6169 -0.2446 0.7480
vn 0.4637 -0.7032 0.5391
vn 0.5209 -0.7047 0.4818
vn 0.9556 -0.2945 -0.0000
vn 0.9515 -0.2975 -0.0788
vn 0.6454 -0.7620 -0.0524
vn 0.6586 -0.7525 -0.0000
vn 0.5198 -0.7027 -0.4859
vn 0.5671 -0.7861 -0.2459
vn 0.9521 -0.2951 0.0800
vn 0.6481 -0.7597 0.0520
vn 0.6606 -0.7485 -0.0578
vn 0.6799 -0.2749 -0.6798
vn 0.6165 -0.2395 -0.7500
vn 0.4664 -0.6995 -0.5415
vn 0.4907 -0.7198 -0.4909
vn 0.0753 -0.7184 -0.6915
vn 0.2572 -0.7365 -0.6257
vn 0.7321 -0.2796 -0.6212
vn 0.5159 -0.7357 -0.4387
vn 0.4375 -0.7139 -0.5467
vn -0.0000 -0.2816 -0.9595
vn -0.0785 -0.2859 -0.9550
vn -0.0543 -0.7450 -0.6649
vn -0.0000 -0.7351 -0.6779
vn -0.4375 -0.7139 -0.5467
vn -0.2572 -0.7366 -0.6255
vn 0.0784 -0.2859 -0.9550
vn 0.0543 -0.7449 -0.6650
vn -0.0755 -0.7185 -0.6914
vn -0.6799 -0.2750 -0.6798
vn -0.7321 -0.2797 -0.6212
vn -0.5160 -0.7356 -0.4388
vn -0.4907 -0.7199 -0.4909
vn -0.6607 -0.7485 -0.0577
vn -0.5671 -0.7860 -0.2463
vn -0.6165 -0.2397 -0.7500
vn -0.4662 -0.6997 -0.5414
vn -0.5195 -0.7030 -0.4858
vn -0.9557 -0.2945 -0.0000
vn -0.9521 -0.2950 0.0800
vn -0.6481 -0.7598 0.0520
vn -0.6588 -0.7524 -0.0000
vn -0.5208 -0.7048 0.4817
vn -0.5729 -0.7810 0.2486
vn -0.9515 -0.2975 -0.0787
vn -0.6454 -0.7621 -0.0523
vn -0.6607 -0.7480 0.0629
vn -0.6169 -0.2444 0.7481
vn -0.4637 -0.7031 0.5391
vn -0.6800 -0.2743 0.6800
vn -0.4900 -0.7209 0.4902
vn -0.7321 -0.2797 0.6212
vn -0.5160 -0.7357 0.4388
vn -0.4374 -0.7140 0.5468
vn -0.2569 -0.7369 0.6253
vn -0.0829 -0.1536 0.9847
vn -0.0005 -0.1399 0.9902
vn 0.6911 -0.1632 0.7041
vn 0.5054 -0.1759 0.8448
vn 0.0816 -0.1402 0.9868
vn 0.1581 -0.1450 0.9767
vn -0.1604 -0.1801 0.9705
vn 0.6376 -0.1534 0.7549
vn 0.6998 -0.1401 0.7005
vn 0.9861 -0.1554 0.0594
vn 0.9581 -0.1509 0.2436
vn 0.5725 -0.1798 0.7999
vn 0.7554 -0.1400 0.6401
vn 0.9847 -0.1536 0.0829
vn 0.9902 -0.1399 0.0005
vn 0.9705 -0.1801 0.1604
vn 0.9868 -0.1401 -0.0816
vn 0.9767 -0.1449 -0.1581
vn 0.7549 -0.1535 -0.6376
vn 0.7005 -0.1398 -0.6998
vn -0.0815 -0.1401 -0.9868
vn -0.1585 -0.1449 -0.9767
vn 0.7997 -0.1798 -0.5729
vn 0.6401 -0.1401 -0.7554
vn 0.5788 -0.1448 -0.8025
vn 0.0829 -0.1535 -0.9847
vn 0.0005 -0.1399 -0.9902
vn 0.1604 -0.1798 -0.9705
vn -0.7554 -0.1400 -0.6401
vn -0.8026 -0.1449 -0.5786
vn -0.6377 -0.1536 -0.7548
vn -0.6998 -0.1398 -0.7005
vn -0.9868 -0.1401 0.0816
vn -0.9767 -0.1449 0.1584
vn -0.5728 -0.1801 -0.7997
vn -0.9847 -0.1535 -0.0829
vn -0.9902 -0.1399 -0.0004
vn -0.9705 -0.1798 -0.1604
vn -0.7549 -0.1535 0.6377
vn -0.7005 -0.1398 0.6999
vn -0.7997 -0.1800 0.5728
vn -0.6400 -0.1400 0.7555
vn -0.5787 -0.1449 0.8026
vn 0.8026 -0.1449 0.5787
vn 0.1485 -0.1968 0.9691
vn 0.8222 -0.1835 0.5387
vn -0.8453 -0.1644 0.5084
vn -0.7189 -0.1600 0.6765
vn -0.9573 -0.1311 -0.2576
vn -0.9829 -0.1479 -0.1098
vn 0.2417 -0.1556 -0.9578
vn 0.0496 -0.1570 -0.9864
vn -0.4946 -0.1310 -0.8592
vn -0.6176 -0.1481 -0.7724
vn -0.2403 -0.1621 0.9571
vn -0.0360 -0.1592 0.9866
vn 0.8493 -0.1528 -0.5053
vn 0.7367 -0.1560 -0.6580
vn 0.9630 -0.1847 -0.1964
vn 0.5460 -0.1859 -0.8169
vn -0.2381 -0.1732 -0.9557
vn -0.8441 -0.1735 -0.5074
vn -0.9661 -0.1906 0.1740
vn -0.5568 -0.1894 0.8087
vn -0.9998 -0.0206 -0.0000
vn -0.9806 -0.0208 -0.1951
vn 0.3826 -0.0206 -0.9237
vn 0.5554 -0.0206 -0.8313
vn 0.8313 -0.0206 0.5554
vn 0.7070 -0.0207 0.7070
vn -0.7070 -0.0206 0.7070
vn -0.8313 -0.0206 0.5554
vn -0.5555 -0.0204 -0.8313
vn -0.3826 -0.0205 -0.9237
vn 0.9806 -0.0205 -0.1950
vn 0.9998 -0.0208 -0.0000
vn -0.0000 -0.0207 0.9998
vn -0.1950 -0.0205 0.9806
vn -0.9237 -0.0209 -0.3826
vn 0.7070 -0.0206 -0.7070
vn 0.5554 -0.0206 0.8313
vn -0.9237 -0.0206 0.3826
vn 0.9806 -0.0205 0.1950
vn -0.3826 -0.0203 0.9237
vn -0.8313 -0.0204 -0.5555
vn 0.8313 -0.0204 -0.5555
vn 0.3826 -0.0204 0.9237
vn -0.9806 -0.0208 0.1951
vn 0.9237 -0.0204 0.3826
vn -0.5555 -0.0204 0.8313
vn -0.7070 -0.0205 -0.7070
vn 0.9237 -0.0207 -0.3826
vn 0.1950 -0.0208 0.9806
vn 0.1951 -0.0208 -0.9806
vn -0.1908 0.1500 0.9701
vn -0.3752 0.1447 0.9156
vn -0.3723 0.2216 0.9013
vn -0.1897 0.2226 0.9563
vn -0.9171 0.1066 -0.3842
vn -0.8230 0.1155 -0.5562
vn -0.8108 0.2182 -0.5432
vn -0.9013 0.2177 -0.3744
vn 0.9951 0.0985 -0.0000
vn 0.9754 0.1006 0.1962
vn 0.9574 0.2168 0.1909
vn 0.9763 0.2165 -0.0000
vn -0.6975 0.1258 -0.7054
vn -0.6889 0.2195 -0.6908
vn 0.9171 0.1066 0.3842
vn 0.9014 0.2175 0.3743
vn -0.5461 0.1360 -0.8266
vn -0.5408 0.2207 -0.8116
vn 0.8230 0.1154 0.5562
vn 0.8108 0.2183 0.5431
vn -0.3751 0.1445 -0.9157
vn -0.3723 0.2216 -0.9013
vn 0.6975 0.1258 0.7054
vn 0.6889 0.2199 0.6907
vn -0.1908 0.1501 -0.9701
vn -0.1897 0.2223 -0.9563
vn 0.5462 0.1359 0.8266
vn 0.5409 0.2208 0.8116
vn -0.0000 0.1614 0.9869
vn -0.1925 0.1614 0.9679
vn -0.1930 0.1466 0.9702
vn -0.0000 0.1466 0.9892
vn -0.0000 0.1521 -0.9884
vn -0.0000 0.2226 -0.9749
vn 0.3751 0.1444 0.9157
vn 0.3723 0.2216 0.9013
vn 0.1908 0.1501 -0.9701
vn 0.1897 0.2223 -0.9563
vn -0.5462 0.1359 0.8266
vn -0.6976 0.1258 0.7054
vn -0.6889 0.2196 0.6907
vn -0.5409 0.2207 0.8116
vn 0.1908 0.1500 0.9701
vn 0.1897 0.2226 0.9563
vn 0.3751 0.1445 -0.9157
vn 0.3723 0.2216 -0.9012
vn -0.8230 0.1154 0.5562
vn -0.8107 0.2185 0.5431
vn -0.0000 0.1520 0.9884
vn -0.0000 0.2226 0.9749
vn 0.5461 0.1360 -0.8266
vn 0.5408 0.2208 -0.8116
vn -0.9171 0.1066 0.3842
vn -0.9014 0.2175 0.3743
vn 0.6975 0.1258 -0.7055
vn 0.6889 0.2198 -0.6908
vn -0.9754 0.1006 0.1962
vn -0.9574 0.2168 0.1909
vn 0.8230 0.1155 -0.5562
vn 0.8107 0.2187 -0.5431
vn -0.9951 0.0985 -0.0000
vn -0.9763 0.2165 -0.0000
vn 0.9171 0.1066 -0.3842
vn 0.9014 0.2176 -0.3744
vn -0.9754 0.1006 -0.1962
vn -0.9574 0.2167 -0.1909
vn 0.9754 0.1006 -0.1962
vn 0.9574 0.2167 -0.1909
vn -0.5193 0.3282 -0.7891
vn -0.6599 0.3398 -0.6701
vn -0.6601 0.3455 -0.6670
vn -0.5204 0.3316 -0.7869
vn 0.7747 0.3514 0.5257
vn 0.8596 0.3610 0.3616
vn 0.8567 0.3708 0.3585
vn 0.7734 0.3593 0.5222
vn -0.3581 0.3182 -0.8778
vn -0.3594 0.3197 -0.8767
vn 0.6599 0.3399 0.6701
vn 0.6601 0.3456 0.6670
vn -0.1827 0.3114 -0.9325
vn -0.1835 0.3117 -0.9323
vn -0.0000 0.3091 0.9510
vn 0.1827 0.3115 0.9325
vn 0.1835 0.3118 0.9323
vn -0.0000 0.3090 0.9511
vn 0.5192 0.3282 0.7891
vn 0.5204 0.3316 0.7869
vn -0.0000 0.3091 -0.9510
vn -0.0000 0.3088 -0.9511
vn -0.5192 0.3282 0.7891
vn -0.3581 0.3182 0.8778
vn -0.3594 0.3198 0.8767
vn -0.5204 0.3316 0.7869
vn 0.3581 0.3182 0.8778
vn 0.3594 0.3198 0.8767
vn 0.1827 0.3115 -0.9325
vn 0.1835 0.3117 -0.9323
vn -0.6599 0.3398 0.6701
vn -0.6601 0.3455 0.6670
vn 0.3581 0.3182 -0.8778
vn 0.3594 0.3197 -0.8767
vn -0.7747 0.3514 0.5257
vn -0.7735 0.3593 0.5222
vn -0.3776 0.1614 0.9118
vn -0.3786 0.1466 0.9139
vn 0.5193 0.3282 -0.7891
vn 0.5204 0.3316 -0.7869
vn -0.8596 0.3610 0.3616
vn -0.8567 0.3708 0.3586
vn -0.1827 0.3115 0.9325
vn -0.1835 0.3118 0.9323
vn 0.6599 0.3399 -0.6701
vn 0.6601 0.3455 -0.6670
vn -0.9116 0.3674 0.1842
vn -0.9075 0.3785 0.1824
vn 0.7747 0.3514 -0.5257
vn 0.7734 0.3593 -0.5222
vn -0.9292 0.3696 -0.0000
vn -0.9245 0.3811 -0.0000
vn 0.8596 0.3610 -0.3616
vn 0.8567 0.3708 -0.3585
vn -0.9116 0.3674 -0.1842
vn -0.9075 0.3784 -0.1824
vn 0.9116 0.3674 -0.1842
vn 0.9075 0.3784 -0.1824
vn -0.8596 0.3611 -0.3616
vn -0.8567 0.3708 -0.3586
vn 0.9292 0.3697 -0.0000
vn 0.9245 0.3811 -0.0000
vn -0.7747 0.3514 -0.5257
vn -0.7735 0.3593 -0.5222
vn 0.9116 0.3674 0.1841
vn 0.9075 0.3784 0.1824
vn 0.5483 0.1613 -0.8206
vn 0.6978 0.1613 -0.6979
vn 0.6995 0.1466 -0.6994
vn 0.5496 0.1466 -0.8225
vn -0.9118 0.1614 0.3776
vn -0.9679 0.1613 0.1925
vn -0.9702 0.1466 0.1930
vn -0.9139 0.1466 0.3785
vn -0.5483 0.1614 0.8206
vn -0.5496 0.1466 0.8225
vn 0.8206 0.1613 -0.5483
vn 0.8225 0.1466 -0.5496
vn -0.9869 0.1613 -0.0000
vn -0.9892 0.1466 -0.0000
vn 0.9118 0.1613 -0.3776
vn 0.9139 0.1466 -0.3786
vn -0.9679 0.1613 -0.1925
vn -0.9702 0.1466 -0.1930
vn 0.9679 0.1614 -0.1925
vn 0.9702 0.1466 -0.1930
vn -0.9118 0.1613 -0.3776
vn -0.9139 0.1466 -0.3785
vn 0.9869 0.1614 -0.0000
vn 0.9892 0.1466 -0.0000
vn -0.8206 0.1613 -0.5483
vn -0.8225 0.1466 -0.5496
vn 0.9679 0.1614 0.1925
vn 0.9702 0.1466 0.1930
vn -0.6978 0.1613 -0.6978
vn -0.6995 0.1466 -0.6995
vn 0.9118 0.1614 0.3777
vn 0.9139 0.1466 0.3786
vn -0.5483 0.1613 -0.8206
vn -0.5496 0.1466 -0.8225
vn 0.8206 0.1613 0.5483
vn 0.8225 0.1466 0.5496
vn -0.3776 0.1614 -0.9118
vn -0.3785 0.1466 -0.9139
vn 0.6978 0.1613 0.6979
vn 0.6995 0.1466 0.6995
vn -0.1925 0.1614 -0.9679
vn -0.1930 0.1466 -0.9702
vn 0.5483 0.1614 0.8206
vn 0.5496 0.1466 0.8225
vn -0.0000 0.1614 -0.9869
vn -0.0000 0.1466 -0.9892
vn -0.0000 1.0000 -0.0000
vn -0.0000 0.9989 0.0467
vn 0.0091 0.9989 0.0458
vn 0.3777 0.1614 0.9118
vn 0.3786 0.1466 0.9139
vn 0.1925 0.1614 -0.9679
vn 0.1930 0.1466 -0.9702
vn -0.6978 0.1613 0.6978
vn -0.6994 0.1466 0.6995
vn 0.1925 0.1614 0.9679
vn 0.1930 0.1466 0.9702
vn 0.3777 0.1614 -0.9118
vn 0.3785 0.1466 -0.9139
vn -0.8206 0.1613 0.5483
vn -0.8225 0.1466 0.5496
vn -0.0000 0.3526 0.9358
vn -0.1825 0.3526 0.9178
vn -0.0000 0.6876 0.7261
vn -0.1416 0.6876 0.7121
vn -0.0000 0.9263 0.3767
vn -0.0735 0.9263 0.3694
vn -0.0000 0.9919 0.1271
vn -0.0248 0.9919 0.1247
vn -0.3581 0.3526 0.8645
vn -0.2778 0.6877 0.6708
vn -0.1442 0.9263 0.3480
vn -0.0486 0.9919 0.1174
vn -0.5199 0.3526 0.7781
vn -0.4034 0.6876 0.6037
vn -0.2093 0.9263 0.3132
vn -0.0706 0.9919 0.1057
vn -0.6617 0.3526 0.6617
vn -0.5134 0.6876 0.5134
vn -0.2663 0.9263 0.2663
vn -0.0899 0.9919 0.0899
vn -0.7781 0.3526 0.5199
vn -0.6037 0.6876 0.4033
vn -0.3132 0.9263 0.2092
vn -0.1057 0.9919 0.0706
vn -0.8645 0.3526 0.3581
vn -0.6708 0.6877 0.2778
vn -0.3480 0.9263 0.1441
vn -0.1174 0.9919 0.0486
vn -0.9178 0.3526 0.1826
vn -0.7121 0.6876 0.1417
vn -0.3694 0.9263 0.0735
vn -0.1247 0.9919 0.0248
vn -0.9358 0.3526 -0.0000
vn -0.7260 0.6877 -0.0000
vn -0.3767 0.9264 -0.0000
vn -0.1271 0.9919 -0.0000
vn -0.9178 0.3526 -0.1826
vn -0.7121 0.6877 -0.1417
vn -0.3694 0.9263 -0.0735
vn -0.1247 0.9919 -0.0248
vn -0.8645 0.3526 -0.3581
vn -0.6708 0.6877 -0.2778
vn -0.3480 0.9263 -0.1442
vn -0.1174 0.9919 -0.0486
vn -0.7781 0.3526 -0.5199
vn -0.6037 0.6877 -0.4033
vn -0.3132 0.9263 -0.2093
vn -0.1057 0.9919 -0.0706
vn -0.6617 0.3526 -0.6617
vn -0.5134 0.6877 -0.5134
vn -0.2664 0.9263 -0.2664
vn -0.0899 0.9919 -0.0899
vn -0.5199 0.3526 -0.7781
vn -0.4034 0.6877 -0.6037
vn -0.2093 0.9263 -0.3132
vn -0.0706 0.9919 -0.1057
vn -0.3581 0.3526 -0.8645
vn -0.2778 0.6876 -0.6708
vn -0.1441 0.9263 -0.3480
vn -0.0487 0.9919 -0.1174
vn -0.1826 0.3526 -0.9178
vn -0.1417 0.6876 -0.7121
vn -0.0735 0.9263 -0.3694
vn -0.0248 0.9919 -0.1247
vn -0.0000 0.3526 -0.9358
vn -0.0000 0.6877 -0.7260
vn -0.0000 0.9263 -0.3767
vn -0.0000 0.9919 -0.1271
vn 0.1826 0.3526 -0.9178
vn 0.1417 0.6876 -0.7121
vn 0.0735 0.9263 -0.3694
vn 0.0248 0.9919 -0.1247
vn 0.3581 0.3526 -0.8645
vn 0.2778 0.6876 -0.6708
vn 0.1441 0.9264 -0.3480
vn 0.0487 0.9919 -0.1175
vn 0.5199 0.3526 -0.7781
vn 0.4034 0.6876 -0.6037
vn 0.2093 0.9263 -0.3132
vn 0.0706 0.9919 -0.1057
vn 0.6617 0.3526 -0.6617
vn 0.5134 0.6877 -0.5134
vn 0.2663 0.9263 -0.2663
vn 0.0899 0.9919 -0.0899
vn 0.7781 0.3526 -0.5199
vn 0.6037 0.6877 -0.4033
vn 0.3132 0.9263 -0.2093
vn 0.1057 0.9919 -0.0706
vn 0.8645 0.3526 -0.3581
vn 0.6708 0.6877 -0.2778
vn 0.3480 0.9263 -0.1442
vn 0.1174 0.9919 -0.0486
vn 0.9178 0.3526 -0.1825
vn 0.7121 0.6876 -0.1416
vn 0.3694 0.9263 -0.0735
vn 0.1247 0.9919 -0.0248
vn 0.9358 0.3526 -0.0000
vn 0.7261 0.6876 -0.0000
vn 0.3767 0.9263 -0.0000
vn 0.1271 0.9919 -0.0000
vn 0.9178 0.3526 0.1825
vn 0.7121 0.6876 0.1416
vn 0.3694 0.9263 0.0735
vn 0.1247 0.9919 0.0248
vn 0.8645 0.3526 0.3581
vn 0.6708 0.6877 0.2778
vn 0.3480 0.9263 0.1441
vn 0.1174 0.9919 0.0486
vn 0.7781 0.3526 0.5199
vn 0.6037 0.6877 0.4033
vn 0.3132 0.9263 0.2093
vn 0.1057 0.9919 0.0706
vn 0.6617 0.3526 0.6617
vn 0.5134 0.6876 0.5134
vn 0.2663 0.9264 0.2663
vn 0.0899 0.9919 0.0899
vn 0.5199 0.3526 0.7781
vn 0.4034 0.6876 0.6037
vn 0.2093 0.9263 0.3132
vn 0.0706 0.9919 0.1057
vn 0.3581 0.3526 0.8645
vn 0.2779 0.6876 0.6708
vn 0.1441 0.9263 0.3480
vn 0.0486 0.9919 0.1175
vn 0.1825 0.3526 0.9178
vn 0.1416 0.6876 0.7121
vn 0.0735 0.9263 0.3694
vn 0.0248 0.9919 0.1247
vn -0.0000 0.9980 0.0632
vn -0.0123 0.9980 0.0620
vn -0.0242 0.9980 0.0584
vn -0.0351 0.9980 0.0525
vn -0.0447 0.9980 0.0447
vn -0.0525 0.9980 0.0351
vn -0.0584 0.9980 0.0242
vn -0.0620 0.9980 0.0123
vn -0.0632 0.9980 -0.0000
vn -0.0620 0.9980 -0.0123
vn -0.0584 0.9980 -0.0242
vn -0.0525 0.9980 -0.0351
vn -0.0447 0.9980 -0.0447
vn -0.0351 0.9980 -0.0525
vn -0.0242 0.9980 -0.0584
vn -0.0123 0.9980 -0.0620
vn -0.0000 0.9980 -0.0632
vn 0.0123 0.9980 -0.0620
vn 0.0242 0.9980 -0.0584
vn 0.0351 0.9980 -0.0525
vn 0.0447 0.9980 -0.0447
vn 0.0525 0.9980 -0.0351
vn 0.0584 0.9980 -0.0242
vn 0.0620 0.9980 -0.0123
vn 0.0632 0.9980 -0.0000
vn 0.0620 0.9980 0.0123
vn 0.0584 0.9980 0.0242
vn 0.0525 0.9980 0.0351
vn 0.0447 0.9980 0.0447
vn 0.0351 0.9980 0.0525
vn 0.0242 0.9980 0.0584
vn 0.0123 0.9980 0.0620
vn 0.0177 0.9989 0.0428
vn 0.0259 0.9989 0.0388
vn 0.0330 0.9989 0.0330
vn 0.0388 0.9989 0.0259
vn 0.0428 0.9989 0.0177
vn 0.0458 0.9989 0.0091
vn 0.0467 0.9989 -0.0000
vn 0.0458 0.9989 -0.0091
vn 0.0428 0.9989 -0.0177
vn 0.0388 0.9989 -0.0259
vn 0.0330 0.9989 -0.0330
vn 0.0259 0.9989 -0.0388
vn 0.0179 0.9989 -0.0431
vn 0.0091 0.9989 -0.0458
vn -0.0000 0.9989 -0.0467
vn -0.0091 0.9989 -0.0458
vn -0.0179 0.9989 -0.0431
vn -0.0259 0.9989 -0.0388
vn -0.0330 0.9989 -0.0330
vn -0.0388 0.9989 -0.0259
vn -0.0431 0.9989 -0.0179
vn -0.0458 0.9989 -0.0091
vn -0.0467 0.9989 -0.0000
vn -0.0458 0.9989 0.0091
vn -0.0431 0.9989 0.0178
vn -0.0388 0.9989 0.0259
vn -0.0330 0.9989 0.0330
vn -0.0259 0.9989 0.0388
vn -0.0177 0.9989 0.0428
vn -0.0091 0.9989 0.0458
vn -0.0000 0.2023 0.9793
vn -0.1886 0.1997 0.9615
vn -0.0000 0.2639 0.9646
vn -0.1853 0.2639 0.9466
vn -0.3711 0.1925 0.9084
vn -0.3640 0.2640 0.8932
vn -0.5411 0.1816 0.8211
vn -0.5298 0.2640 0.8060
vn -0.6922 0.1685 0.7018
vn -0.6765 0.2639 0.6876
vn -0.8178 0.1556 0.5541
vn -0.7980 0.2638 0.5419
vn -0.9124 0.1441 0.3832
vn -0.8890 0.2638 0.3742
vn -0.9711 0.1366 0.1958
vn -0.9455 0.2636 0.1911
vn -0.9910 0.1339 -0.0000
vn -0.9646 0.2636 -0.0000
vn -0.9711 0.1366 -0.1959
vn -0.9455 0.2637 -0.1911
vn -0.9124 0.1441 -0.3832
vn -0.8890 0.2638 -0.3743
vn -0.8178 0.1553 -0.5541
vn -0.7979 0.2639 -0.5419
vn -0.6922 0.1685 -0.7018
vn -0.6765 0.2639 -0.6875
vn -0.5411 0.1816 -0.8211
vn -0.5298 0.2640 -0.8060
vn -0.3711 0.1926 -0.9084
vn -0.3640 0.2639 -0.8932
vn -0.1886 0.1999 -0.9615
vn -0.1853 0.2639 -0.9466
vn -0.0000 0.2024 -0.9793
vn -0.0000 0.2639 -0.9646
vn 0.1886 0.1999 -0.9615
vn 0.1853 0.2639 -0.9466
vn 0.3711 0.1926 -0.9084
vn 0.3640 0.2639 -0.8932
vn 0.5411 0.1816 -0.8211
vn 0.5298 0.2639 -0.8060
vn 0.6921 0.1685 -0.7018
vn 0.6765 0.2640 -0.6875
vn 0.8178 0.1554 -0.5541
vn 0.7979 0.2639 -0.5419
vn 0.9124 0.1441 -0.3832
vn 0.8890 0.2638 -0.3742
vn 0.9711 0.1366 -0.1959
vn 0.9455 0.2638 -0.1911
vn 0.9910 0.1339 -0.0000
vn 0.9646 0.2637 -0.0000
vn 0.9711 0.1366 0.1958
vn 0.9455 0.2637 0.1911
vn 0.9124 0.1441 0.3832
vn 0.8890 0.2638 0.3742
vn 0.8178 0.1553 0.5541
vn 0.7980 0.2639 0.5419
vn 0.6921 0.1685 0.7018
vn 0.6765 0.2639 0.6876
vn 0.5411 0.1816 0.8211
vn 0.5298 0.2639 0.8060
vn 0.3711 0.1925 0.9084
vn 0.3640 0.2640 0.8932
vn 0.1886 0.1997 0.9615
vn 0.1853 0.2639 0.9466
vn -0.0000 0.2620 0.9651
vn -0.1873 0.2636 0.9463
vn -0.0000 0.1969 0.9804
vn -0.1910 0.1973 0.9615
vn -0.3671 0.2683 0.8906
vn -0.3746 0.1985 0.9057
vn -0.5323 0.2753 0.8006
vn -0.5438 0.2003 0.8150
vn -0.6764 0.2835 0.6798
vn -0.6920 0.2023 0.6930
vn -0.7941 0.2917 0.5332
vn -0.8136 0.2042 0.5443
vn -0.8811 0.2986 0.3668
vn -0.9039 0.2060 0.3749
vn -0.9345 0.3032 0.1868
vn -0.9595 0.2072 0.1911
vn -0.9524 0.3048 -0.0000
vn -0.9782 0.2076 -0.0000
vn -0.9344 0.3032 -0.1868
vn -0.9595 0.2072 -0.1911
vn -0.8811 0.2986 -0.3668
vn -0.9039 0.2060 -0.3749
vn -0.7941 0.2916 -0.5332
vn -0.8136 0.2043 -0.5443
vn -0.6764 0.2835 -0.6798
vn -0.6920 0.2023 -0.6929
vn -0.5323 0.2753 -0.8006
vn -0.5438 0.2002 -0.8150
vn -0.3671 0.2683 -0.8907
vn -0.3746 0.1986 -0.9057
vn -0.1873 0.2636 -0.9463
vn -0.1910 0.1975 -0.9615
vn -0.0000 0.2619 -0.9651
vn -0.0000 0.1971 -0.9804
vn 0.1873 0.2636 -0.9463
vn 0.1910 0.1975 -0.9615
vn 0.3671 0.2683 -0.8907
vn 0.3746 0.1986 -0.9057
vn 0.5323 0.2753 -0.8005
vn 0.5438 0.2002 -0.8150
vn 0.6764 0.2835 -0.6798
vn 0.6921 0.2022 -0.6929
vn 0.7941 0.2917 -0.5333
vn 0.8136 0.2043 -0.5443
vn 0.8811 0.2986 -0.3668
vn 0.9039 0.2060 -0.3749
vn 0.9345 0.3031 -0.1868
vn 0.9595 0.2071 -0.1911
vn 0.9524 0.3047 -0.0000
vn 0.9782 0.2075 -0.0000
vn 0.9345 0.3031 0.1868
vn 0.9595 0.2071 0.1911
vn 0.8811 0.2986 0.3668
vn 0.9039 0.2060 0.3749
vn 0.7941 0.2917 0.5332
vn 0.8136 0.2042 0.5443
vn 0.6764 0.2835 0.6798
vn 0.6921 0.2022 0.6929
vn 0.5323 0.2753 0.8006
vn 0.5438 0.2002 0.8150
vn 0.3671 0.2683 0.8906
vn 0.3746 0.1985 0.9057
vn 0.1873 0.2636 0.9463
vn 0.1910 0.1973 0.9616
vn -0.0000 0.3851 -0.9229
vn 0.1800 0.3847 -0.9053
vn -0.0000 0.8605 -0.5095
vn 0.0994 0.8605 -0.4997
vn -0.0000 0.9999 -0.0159
vn 0.0031 0.9999 -0.0157
vn 0.3532 0.3850 -0.8527
vn 0.1949 0.8605 -0.4706
vn 0.0061 0.9999 -0.0148
vn 0.5127 0.3850 -0.7674
vn 0.2829 0.8606 -0.4235
vn 0.0089 0.9999 -0.0133
vn 0.6526 0.3849 -0.6526
vn 0.3602 0.8605 -0.3602
vn 0.0113 0.9999 -0.0113
vn 0.7674 0.3849 -0.5127
vn 0.4235 0.8606 -0.2829
vn 0.0137 0.9999 -0.0091
vn 0.8527 0.3850 -0.3532
vn 0.4709 0.8604 -0.1950
vn 0.0149 0.9999 -0.0062
vn 0.9051 0.3851 -0.1801
vn 0.4998 0.8604 -0.0994
vn 0.0157 0.9999 -0.0031
vn 0.9228 0.3852 -0.0000
vn 0.5096 0.8604 -0.0000
vn 0.0161 0.9999 -0.0000
vn 0.9052 0.3851 0.1800
vn 0.4999 0.8604 0.0995
vn 0.0158 0.9999 0.0031
vn 0.8527 0.3849 0.3532
vn 0.4706 0.8606 0.1950
vn 0.0149 0.9999 0.0062
vn 0.7674 0.3849 0.5128
vn 0.4236 0.8605 0.2830
vn 0.0137 0.9999 0.0091
vn 0.6526 0.3849 0.6526
vn 0.3602 0.8605 0.3602
vn 0.0114 0.9999 0.0114
vn 0.5128 0.3849 0.7674
vn 0.2830 0.8605 0.4236
vn 0.0089 0.9999 0.0134
vn 0.3532 0.3849 0.8527
vn 0.1950 0.8604 0.4708
vn 0.0062 0.9999 0.0149
vn 0.1800 0.3851 0.9052
vn 0.0995 0.8604 0.4999
vn 0.0031 0.9999 0.0158
vn -0.0000 0.3852 0.9228
vn -0.0000 0.8604 0.5096
vn -0.0000 0.9999 0.0161
vn -0.1801 0.3851 0.9051
vn -0.0994 0.8604 0.4999
vn -0.0031 0.9999 0.0158
vn -0.3532 0.3850 0.8527
vn -0.1950 0.8606 0.4705
vn -0.0062 0.9999 0.0149
vn -0.5127 0.3849 0.7674
vn -0.2831 0.8604 0.4237
vn -0.0089 0.9999 0.0134
vn -0.6526 0.3849 0.6526
vn -0.3602 0.8605 0.3602
vn -0.0113 0.9999 0.0113
vn -0.7674 0.3850 0.5127
vn -0.4237 0.8604 0.2831
vn -0.0137 0.9999 0.0091
vn -0.8527 0.3850 0.3532
vn -0.4706 0.8606 0.1949
vn -0.0148 0.9999 0.0061
vn -0.9052 0.3850 0.1801
vn -0.4997 0.8605 0.0994
vn -0.0157 0.9999 0.0031
vn -0.9229 0.3849 -0.0000
vn -0.5095 0.8605 -0.0000
vn -0.0163 0.9999 -0.0000
vn -0.9053 0.3847 -0.1801
vn -0.4997 0.8605 -0.0994
vn -0.0160 0.9999 -0.0032
vn -0.8527 0.3850 -0.3532
vn -0.4706 0.8605 -0.1949
vn -0.0148 0.9999 -0.0061
vn -0.7674 0.3851 -0.5127
vn -0.4236 0.8605 -0.2830
vn -0.0136 0.9999 -0.0091
vn -0.6526 0.3850 -0.6526
vn -0.3602 0.8605 -0.3602
vn -0.0113 0.9999 -0.0113
vn -0.5127 0.3851 -0.7674
vn -0.2830 0.8605 -0.4236
vn -0.0089 0.9999 -0.0133
vn -0.3532 0.3850 -0.8527
vn -0.1949 0.8605 -0.4706
vn -0.0061 0.9999 -0.0148
vn -0.1801 0.3850 -0.9052
vn -0.0994 0.8605 -0.4997
vn -0.0032 0.9999 -0.0160
vn -0.0000 0.9060 0.4232
vn -0.0825 0.9062 0.4147
vn -0.0000 0.5580 0.8298
vn -0.1619 0.5579 0.8139
vn -0.1619 0.9061 0.3908
vn -0.3176 0.5577 0.7669
vn -0.2350 0.9061 0.3518
vn -0.4612 0.5577 0.6902
vn -0.2991 0.9061 0.2991
vn -0.5869 0.5577 0.5869
vn -0.3517 0.9061 0.2350
vn -0.6901 0.5577 0.4611
vn -0.3907 0.9062 0.1619
vn -0.7668 0.5578 0.3176
vn -0.4146 0.9062 0.0825
vn -0.8141 0.5577 0.1619
vn -0.4231 0.9061 -0.0000
vn -0.8298 0.5580 -0.0000
vn -0.4146 0.9062 -0.0825
vn -0.8139 0.5579 -0.1619
vn -0.3907 0.9062 -0.1619
vn -0.7669 0.5576 -0.3176
vn -0.3517 0.9061 -0.2350
vn -0.6901 0.5578 -0.4611
vn -0.2991 0.9061 -0.2991
vn -0.5869 0.5577 -0.5870
vn -0.2350 0.9061 -0.3517
vn -0.4611 0.5580 -0.6900
vn -0.1619 0.9062 -0.3907
vn -0.3176 0.5577 -0.7669
vn -0.0825 0.9061 -0.4150
vn -0.1619 0.5579 -0.8139
vn -0.0000 0.9061 -0.4231
vn -0.0000 0.5580 -0.8298
vn 0.0825 0.9062 -0.4146
vn 0.1619 0.5579 -0.8139
vn 0.1619 0.9062 -0.3907
vn 0.3176 0.5577 -0.7669
vn 0.2351 0.9061 -0.3518
vn 0.4611 0.5577 -0.6902
vn 0.2992 0.9061 -0.2992
vn 0.5870 0.5577 -0.5869
vn 0.3518 0.9061 -0.2351
vn 0.6903 0.5575 -0.4612
vn 0.3908 0.9061 -0.1619
vn 0.7669 0.5576 -0.3176
vn 0.4147 0.9062 -0.0825
vn 0.8139 0.5579 -0.1619
vn 0.4228 0.9062 -0.0000
vn 0.8298 0.5580 -0.0000
vn 0.4150 0.9061 0.0825
vn 0.8139 0.5580 0.1619
vn 0.3908 0.9061 0.1619
vn 0.7668 0.5578 0.3176
vn 0.3518 0.9061 0.2351
vn 0.6901 0.5578 0.4611
vn 0.2992 0.9061 0.2991
vn 0.5868 0.5579 0.5868
vn 0.2351 0.9061 0.3518
vn 0.4611 0.5578 0.6901
vn 0.1619 0.9061 0.3908
vn 0.3176 0.5577 0.7669
vn 0.0825 0.9062 0.4147
vn 0.1619 0.5579 0.8139
vt 0.458333 1.000000
vt 0.496040 1.000000
vt 0.482011 1.000000
vt 0.437500 0.525099
vt 0.437500 0.964470
vt 0.416667 0.964437
vt 0.416667 0.525099
vt 0.378885 0.964637
vt 0.379148 0.525388
vt 0.562590 0.500000
vt 0.539663 0.500000
vt 0.537310 0.500000
vt 0.562554 0.500000
vt 0.437500 1.000000
vt 0.458333 0.525099
vt 0.458333 0.964448
vt 0.430718 0.931483
vt 0.416667 1.000000
vt 0.458384 0.989586
vt 0.496150 0.993548
vt 0.496137 0.999313
vt 0.458426 1.000000
vt 0.465929 0.911747
vt 0.392908 1.008345
vt 0.378978 1.000000
vt 0.378869 0.999684
vt 0.416574 1.000000
vt 0.495852 0.525398
vt 0.496153 0.964887
vt 0.438277 0.500000
vt 0.458511 0.500000
vt 0.458440 0.500000
vt 0.437966 0.500000
vt 0.500000 0.503273
vt 0.502049 0.503273
vt 0.502049 0.525099
vt 0.500000 0.525099
vt 0.496808 0.500000
vt 0.497434 0.500000
vt 0.498482 0.500000
vt 0.497270 0.500000
vt 0.497712 0.500000
vt 0.499514 0.500000
vt 0.437500 0.508064
vt 0.416714 0.508066
vt 0.378874 0.988853
vt 0.416618 0.988920
vt 0.437500 0.989226
vt 0.482015 1.000000
vt 0.461273 0.500000
vt 0.437588 0.500000
vt 0.437554 0.500000
vt 0.464983 0.500000
vt 0.687586 0.500000
vt 0.664351 0.500000
vt 0.662085 0.500000
vt 0.687548 0.500000
vt 0.434435 0.961804
vt 0.476997 0.943076
vt 0.391539 1.006265
vt 0.502049 0.964345
vt 0.500000 0.964327
vt 0.458337 0.500000
vt 0.437937 0.500000
vt 0.421872 0.500000
vt 0.437526 0.500000
vt 0.416828 0.500000
vt 0.496809 0.500000
vt 0.499938 0.500000
vt 0.497926 0.500000
vt 0.419659 0.500000
vt 0.482027 1.000000
vt 0.812588 0.500000
vt 0.789469 0.500000
vt 0.787170 0.500000
vt 0.812553 0.500000
vt 0.426424 0.991157
vt 0.491682 0.939886
vt 0.391376 1.003935
vt 0.458339 0.500000
vt 0.437523 0.500000
vt 0.416832 0.500000
vt 0.499925 0.500000
vt 0.497918 0.500000
vt 0.501938 0.500000
vt 0.482006 1.000000
vt 0.937590 0.500000
vt 0.914664 0.500000
vt 0.912310 0.500000
vt 0.937558 0.500000
vt 0.539719 0.864673
vt 0.527466 0.916981
vt 0.383409 1.012078
vt 0.510000 0.898891
vt 0.836277 0.500000
vt 0.839985 0.500000
vt 0.458435 0.500000
vt 0.419780 0.500000
vt 0.498483 0.500000
vt 0.497284 0.500000
vt 0.501929 0.500000
vt 0.482014 1.000000
vt 0.062589 0.500000
vt 0.039615 0.500000
vt 0.037275 0.500000
vt 0.062552 0.500000
vt 0.528727 0.905392
vt 0.379171 0.898090
vt 0.383745 1.009055
vt 0.541315 0.897477
vt 0.961099 0.500000
vt 0.964895 0.500000
vt 0.419656 0.500000
vt 0.497271 0.500000
vt 0.499466 0.500000
vt 0.482036 1.000000
vt 0.187590 0.500000
vt 0.164668 0.500000
vt 0.162313 0.500000
vt 0.187553 0.500000
vt 0.391616 0.953028
vt 0.418821 0.943775
vt 0.398502 1.007363
vt 0.086144 0.500000
vt 0.089918 0.500000
vt 0.416842 0.500000
vt 0.497920 0.500000
vt 0.499516 0.500000
vt 0.496041 1.000000
vt 0.481851 1.000000
vt 0.312583 0.500000
vt 0.289017 0.500000
vt 0.286844 0.500000
vt 0.312545 0.500000
vt 0.380784 0.890257
vt 0.425210 0.919251
vt 0.397721 1.010071
vt 0.392509 0.920884
vt 0.211095 0.500000
vt 0.214893 0.500000
vt 0.416785 0.500000
vt 0.497922 0.500000
vt 0.501923 0.500000
vt 0.482020 1.000000
vt 0.414474 0.500000
vt 0.412173 0.500000
vt 0.414518 0.939555
vt 0.443890 0.913404
vt 0.394928 1.008158
vt 0.336692 0.500000
vt 0.340194 0.500000
vt 0.458436 0.500000
vt 0.497951 0.503273
vt 0.497951 0.525099
vt 0.499464 0.500000
vt 0.501953 0.500000
vt 0.497283 0.500000
vt 0.379159 0.508066
vt 0.586100 0.500000
vt 0.589895 0.500000
vt 0.711386 0.500000
vt 0.715040 0.500000
vt 0.031250 0.500000
vt 0.031250 0.981515
vt 0.000000 0.981515
vt 0.000000 0.500000
vt 0.750000 0.500000
vt 0.718750 0.500000
vt 0.632364 0.658261
vt 0.805432 0.410890
vt 0.468750 0.500000
vt 0.437500 0.500000
vt 0.460740 0.676385
vt 0.187500 0.500000
vt 0.156250 0.500000
vt 0.289831 0.743816
vt 0.875000 0.500000
vt 0.843750 0.500000
vt 0.774371 0.590186
vt 0.997591 0.360759
vt 0.593750 0.500000
vt 0.562500 0.500000
vt 0.545980 0.661559
vt 0.312500 0.500000
vt 0.281250 0.500000
vt 0.314247 0.624319
vt 1.000000 0.500000
vt 0.968750 0.500000
vt 0.778180 0.680587
vt 1.147102 0.348302
vt 0.213950 0.729523
vt 0.687500 0.500000
vt 0.406250 0.500000
vt 0.411819 0.618026
vt 0.125000 0.500000
vt 0.073178 0.417494
vt 0.812500 0.500000
vt 0.531250 0.500000
vt 0.503439 0.637336
vt 0.250000 0.500000
vt 0.172071 0.292846
vt 0.937500 0.500000
vt 0.656250 0.500000
vt 0.596097 0.632978
vt 0.375000 0.500000
vt 0.357659 0.363848
vt 0.093750 0.500000
vt 0.258042 0.733506
vt 0.781250 0.500000
vt 0.666784 0.662950
vt 0.500000 0.500000
vt 0.515493 0.372910
vt 0.218750 0.500000
vt 0.279483 0.617872
vt 0.906250 0.500000
vt 0.787621 0.624712
vt 0.625000 0.500000
vt 0.665301 0.391842
vt 0.343750 0.500000
vt 0.371447 0.620745
vt 0.062500 0.500000
vt 0.497951 0.964494
vt 0.562670 0.500000
vt 0.541146 0.500000
vt 0.584092 0.500000
vt 0.588921 0.500000
vt 0.562585 0.500000
vt 0.536198 0.500000
vt 0.562543 0.500000
vt 0.533724 0.500000
vt 0.591336 0.500000
vt 0.446308 0.929051
vt 0.472380 0.907380
vt 0.709512 0.500000
vt 0.687664 0.500000
vt 0.665725 0.500000
vt 0.687582 0.500000
vt 0.660987 0.500000
vt 0.714131 0.500000
vt 0.716441 0.500000
vt 0.687541 0.500000
vt 0.658619 0.500000
vt 0.446711 0.958073
vt 0.490035 0.909831
vt 0.378884 0.964637
vt 0.416718 0.508064
vt 0.812672 0.500000
vt 0.791115 0.500000
vt 0.834118 0.500000
vt 0.838934 0.500000
vt 0.812586 0.500000
vt 0.786183 0.500000
vt 0.812543 0.500000
vt 0.783716 0.500000
vt 0.841342 0.500000
vt 0.499607 0.900939
vt 0.513702 0.905566
vt 0.392990 1.000000
vt 0.556795 0.844958
vt 0.640475 0.768614
vt 0.937675 0.500000
vt 0.916351 0.500000
vt 0.958883 0.500000
vt 0.963817 0.500000
vt 0.937587 0.500000
vt 0.911301 0.500000
vt 0.937544 0.500000
vt 0.908775 0.500000
vt 0.966283 0.500000
vt 0.574397 0.863993
vt 0.062667 0.500000
vt 0.040961 0.500000
vt 0.084279 0.500000
vt 0.089014 0.500000
vt 0.062583 0.500000
vt 0.036106 0.500000
vt 0.062542 0.500000
vt 0.033678 0.500000
vt 0.091382 0.500000
vt 0.378585 0.891589
vt 0.545635 0.890273
vt 0.492166 0.957613
vt 0.187678 0.500000
vt 0.166517 0.500000
vt 0.208715 0.500000
vt 0.213732 0.500000
vt 0.187589 0.500000
vt 0.161384 0.500000
vt 0.187545 0.500000
vt 0.158817 0.500000
vt 0.216241 0.500000
vt 0.396977 0.907935
vt 0.373912 0.897990
vt 0.368993 0.917474
vt 0.312670 0.500000
vt 0.290862 0.500000
vt 0.334363 0.500000
vt 0.339057 0.500000
vt 0.312585 0.500000
vt 0.286056 0.500000
vt 0.312543 0.500000
vt 0.283653 0.500000
vt 0.341403 0.500000
vt 0.408155 0.872150
vt 0.376676 0.837444
vt 0.374478 0.873898
vt 0.437689 0.500000
vt 0.416911 0.500000
vt 0.458311 0.500000
vt 0.463530 0.500000
vt 0.437594 0.500000
vt 0.411580 0.500000
vt 0.437547 0.500000
vt 0.408915 0.500000
vt 0.466140 0.500000
vt 0.439823 0.876279
vt 0.424802 0.897066
vt 0.409595 0.903112
vt 0.470760 0.877619
vt 0.434559 0.897776
vt 0.449199 0.907736
vt 0.458282 0.508064
vt 0.495841 0.508066
vt 0.419782 0.500000
vt 0.438607 0.500000
vt 0.447723 0.500000
vt 0.464917 0.500000
vt 0.448725 0.500000
vt 0.453891 0.500000
vt 0.468676 0.500000
vt 0.436266 0.500000
vt 0.438924 0.500000
vt 0.444117 0.500000
vt 0.433380 0.500000
vt 0.445241 0.500000
vt 0.449351 0.500000
vt 0.439098 0.500000
vt 0.431032 0.500000
vt 0.453890 0.500000
vt 0.447722 0.500000
vt 0.437500 0.503273
vt 0.416667 0.503273
vt 0.416667 0.500000
vt 0.501900 0.500000
vt 0.458333 0.503273
vt 0.458333 0.500000
vt 0.497983 0.500000
vt 0.377049 0.503273
vt 0.377137 0.500000
vt 0.501859 0.500000
vt 0.502034 0.500000
vt 0.499837 0.500000
vt 0.458011 0.500000
vt 0.497575 0.500000
vt 0.437481 0.500000
vt 0.502049 0.500000
vt 0.500156 0.500000
vt 0.458313 0.500000
vt 0.497799 0.500000
vt 0.417417 0.500000
vt 0.437823 0.500000
vt 0.501897 0.500000
vt 0.437177 0.500000
vt 0.499844 0.500000
vt 0.457958 0.500000
vt 0.497540 0.500000
vt 0.377135 0.500000
vt 0.416706 0.500000
vt 0.437519 0.500000
vt 0.500163 0.500000
vt 0.497839 0.500000
vt 0.377802 0.500000
vt 0.500426 0.500000
vt 0.377354 0.500000
vt 0.501391 0.500000
vt 0.417311 0.500000
vt 0.377288 0.500000
vt 0.501534 0.500000
vt 0.377871 0.500000
vt 0.500277 0.500000
vt 0.458356 0.976825
vt 0.437500 0.976825
vt 0.502049 0.976826
vt 0.500000 0.976826
vt 0.416645 0.976825
vt 0.378882 0.977131
vt 0.495880 0.977200
vt 0.499777 0.976826
vt 0.497951 0.976826
vt 0.559093 0.500000
vt 0.499931 0.976826
vt 0.686455 0.500000
vt 0.189207 0.500000
vt 0.500112 0.976826
vt 0.064207 0.500000
vt 0.812310 0.500000
vt 0.936726 0.500000
vt 0.499949 0.976826
vt 0.312070 0.500000
vt 0.435426 0.500000
vt 0.499864 0.976826
vt 0.483060 1.000000
vt 0.377049 1.000000
vt 0.497951 1.000000
vt 0.445907 0.933495
vt 0.461691 0.935719
vt 0.480312 0.931765
vt 0.540954 0.882312
vt 0.440681 0.989357
vt 0.392788 0.928310
vt 0.392617 0.880113
vt 0.428401 0.926244
vt 0.377049 0.525099
vt 0.377050 0.976826
vt 0.377049 0.964345
vt 0.377049 0.988502
vt 0.497660 0.976826
vt 0.497951 0.993517
vt 0.250000 0.981515
vt 0.218750 0.981515
vt 0.937500 0.981515
vt 0.906250 0.981515
vt 0.656250 0.981515
vt 0.625000 0.981515
vt 0.375000 0.981515
vt 0.343750 0.981515
vt 0.093750 0.981515
vt 0.062500 0.981515
vt 0.781250 0.981515
vt 0.750000 0.981515
vt 0.500000 0.981515
vt 0.468750 0.981515
vt 0.187500 0.981515
vt 0.875000 0.981515
vt 0.593750 0.981515
vt 0.312500 0.981515
vt 0.718750 0.981515
vt 0.437500 0.981515
vt 0.156250 0.981515
vt 0.843750 0.981515
vt 0.562500 0.981515
vt 0.281250 0.981515
vt 0.687500 0.981515
vt 0.406250 0.981515
vt 0.125000 0.981515
vt 0.812500 0.981515
vt 0.531250 0.981515
vt 1.000000 0.981515
vt 0.968750 0.981515
vt 0.968750 1.000000
vt 0.937500 1.000000
vt 0.687500 1.000000
vt 0.656250 1.000000
vt 0.250000 1.000000
vt 0.218750 1.000000
vt 0.625000 1.000000
vt 0.187500 1.000000
vt 0.593750 1.000000
vt 0.156250 1.000000
vt 0.562500 1.000000
vt 0.125000 1.000000
vt 0.531250 1.000000
vt 0.093750 1.000000
vt 1.000000 1.000000
vt 0.500000 1.000000
vt 0.062500 1.000000
vt 0.468750 1.000000
vt 0.906250 1.000000
vt 0.875000 1.000000
vt 0.031250 1.000000
vt 0.843750 1.000000
vt 0.000000 1.000000
vt 0.406250 1.000000
vt 0.812500 1.000000
vt 0.375000 1.000000
vt 0.781250 1.000000
vt 0.343750 1.000000
vt 0.750000 1.000000
vt 0.312500 1.000000
vt 0.718750 1.000000
vt 0.281250 1.000000
vt 0.483182 1.000000
vt 0.447327 1.000000
vt 0.392767 1.000000
vt 0.999738 1.000000
vt 0.969012 1.000000
vt 0.998697 1.000000
vt 0.970053 1.000000
vt 0.928347 1.000000
vt 0.040404 1.000000
vt 0.344452 1.000000
vt 0.624298 1.000000
vt 0.411472 1.000000
vt 0.557278 1.000000
vt 0.968488 1.000000
vt 0.967447 1.000000
vt 0.765768 1.000000
vt 0.664064 1.000000
vt 0.793729 1.000000
vt 0.712249 1.000000
vt 0.789578 1.000000
vt 0.726509 1.000000
vt 0.774615 1.000000
vt 0.724317 1.000000
vt 0.754858 1.000000
vt 0.713689 1.000000
vt 0.732539 1.000000
vt 0.698304 1.000000
vt 0.708673 1.000000
vt 0.679999 1.000000
vt 0.683792 1.000000
vt 0.659781 1.000000
vt 0.658209 1.000000
vt 0.638249 1.000000
vt 0.632125 1.000000
vt 0.615785 1.000000
vt 0.605678 1.000000
vt 0.592650 1.000000
vt 0.578965 1.000000
vt 0.569031 1.000000
vt 0.552064 1.000000
vt 0.545069 1.000000
vt 0.525036 1.000000
vt 0.520878 1.000000
vt 0.497937 1.000000
vt 0.496557 1.000000
vt 0.470813 1.000000
vt 0.472193 1.000000
vt 0.443714 1.000000
vt 0.447872 1.000000
vt 0.416687 1.000000
vt 0.423681 1.000000
vt 0.389785 1.000000
vt 0.399719 1.000000
vt 0.363073 1.000000
vt 0.376100 1.000000
vt 0.336625 1.000000
vt 0.352965 1.000000
vt 0.310541 1.000000
vt 0.330501 1.000000
vt 0.284958 1.000000
vt 0.308969 1.000000
vt 0.260077 1.000000
vt 0.288751 1.000000
vt 0.236211 1.000000
vt 0.270446 1.000000
vt 0.213892 1.000000
vt 0.255061 1.000000
vt 0.194135 1.000000
vt 0.244433 1.000000
vt 0.179172 1.000000
vt 0.242241 1.000000
vt 0.175021 1.000000
vt 0.256501 1.000000
vt 0.202982 1.000000
vt 0.304686 1.000000
vt 0.000262 1.000000
vt 0.001303 1.000000
vt 0.429400 1.000000
vt 0.539350 1.000000
vt 0.620023 1.000000
vt 0.656707 1.000000
vt 0.667885 1.000000
vt 0.666644 1.000000
vt 0.658979 1.000000
vt 0.647640 1.000000
vt 0.633998 1.000000
vt 0.618810 1.000000
vt 0.602527 1.000000
vt 0.585444 1.000000
vt 0.567767 1.000000
vt 0.549650 1.000000
vt 0.531214 1.000000
vt 0.512562 1.000000
vt 0.493784 1.000000
vt 0.474966 1.000000
vt 0.456188 1.000000
vt 0.437535 1.000000
vt 0.419100 1.000000
vt 0.400983 1.000000
vt 0.383306 1.000000
vt 0.366223 1.000000
vt 0.349940 1.000000
vt 0.334752 1.000000
vt 0.321110 1.000000
vt 0.309771 1.000000
vt 0.302106 1.000000
vt 0.300865 1.000000
vt 0.312043 1.000000
vt 0.348727 1.000000
vt 0.480849 1.000000
vt 0.367585 1.000000
vt 0.478669 1.000000
vt 0.359488 1.000000
vt 0.476735 1.000000
vt 0.359779 1.000000
vt 0.475125 1.000000
vt 0.364481 1.000000
vt 0.473901 1.000000
vt 0.371775 1.000000
vt 0.473103 1.000000
vt 0.380752 1.000000
vt 0.472754 1.000000
vt 0.390912 1.000000
vt 0.472854 1.000000
vt 0.401946 1.000000
vt 0.473390 1.000000
vt 0.413647 1.000000
vt 0.474330 1.000000
vt 0.425865 1.000000
vt 0.475631 1.000000
vt 0.438480 1.000000
vt 0.477241 1.000000
vt 0.451390 1.000000
vt 0.479098 1.000000
vt 0.464504 1.000000
vt 0.481136 1.000000
vt 0.477738 1.000000
vt 0.483283 1.000000
vt 0.491012 1.000000
vt 0.485467 1.000000
vt 0.504246 1.000000
vt 0.487615 1.000000
vt 0.517360 1.000000
vt 0.489652 1.000000
vt 0.530270 1.000000
vt 0.491509 1.000000
vt 0.542885 1.000000
vt 0.493119 1.000000
vt 0.555103 1.000000
vt 0.494420 1.000000
vt 0.566804 1.000000
vt 0.495360 1.000000
vt 0.577838 1.000000
vt 0.495896 1.000000
vt 0.587997 1.000000
vt 0.495996 1.000000
vt 0.596975 1.000000
vt 0.495646 1.000000
vt 0.604269 1.000000
vt 0.494849 1.000000
vt 0.608971 1.000000
vt 0.493625 1.000000
vt 0.609262 1.000000
vt 0.492015 1.000000
vt 0.601165 1.000000
vt 0.490081 1.000000
vt 0.575983 1.000000
vt 0.487901 1.000000
vt 0.521423 1.000000
vt 0.485568 1.000000
vt 0.999965 1.000000
vt 0.000035 1.000000
vt 1.000039 1.000000
vt 1.000042 1.000000
vt -0.000039 1.000000
vt -0.000042 1.000000
vt 0.999959 0.990955
vt 0.968750 0.990955
vt 0.937500 0.990955
vt 0.906250 0.990955
vt 0.875000 0.990955
vt 0.843750 0.990955
vt 0.812500 0.990955
vt 0.781250 0.990955
vt 0.750000 0.990956
vt 0.718750 0.990955
vt 0.687500 0.990955
vt 0.656250 0.990955
vt 0.625000 0.990955
vt 0.593750 0.990955
vt 0.562500 0.990955
vt 0.531250 0.990955
vt 0.500000 0.990955
vt 0.468750 0.990955
vt 0.437500 0.990955
vt 0.406250 0.990955
vt 0.375000 0.990955
vt 0.343750 0.990955
vt 0.312500 0.990955
vt 0.281250 0.990955
vt 0.250000 0.990955
vt 0.218750 0.990955
vt 0.187500 0.990955
vt 0.156250 0.990955
vt 0.125000 0.990955
vt 0.093750 0.990955
vt 0.062500 0.990955
vt 0.031250 0.990955
vt 0.000041 0.990955
vt 1.000043 1.000000
vt -0.000043 1.000000
s 1
usemtl glass_accurate
f 12/1/1 14/2/2 18/3/3 6/1/4
f 30/4/5 661/5/6 645/6/7 22/7/8
f 51/7/9 664/6/10 654/8/11 902/9/12
f 303/10/13 795/11/14 925/12/15 765/13/16
f 29/14/17 12/1/1 6/1/4 27/14/18
f 21/15/19 648/16/20 661/5/6 30/4/5
f 26/14/21 9/17/22 8/18/23 27/14/18
f 649/19/24 652/20/25 15/21/26 13/22/27
f 28/14/28 13/22/27 12/1/1 29/14/17
f 18/3/3 7/23/29 6/1/4
f 19/24/30 16/25/31 10/18/32 8/18/23
f 19/24/30 8/18/23 9/17/22
f 22/7/8 645/6/7 658/8/33 901/9/34
f 17/26/35 11/27/36 10/18/32 16/25/31
f 903/28/37 923/29/38 648/16/20 21/15/19
f 13/22/27 15/21/26 14/2/2 12/1/1
f 25/30/39 1/31/39 517/32/40 501/33/41
f 642/34/42 865/35/43 23/36/44 336/37/45
f 4/38/39 227/39/39 508/40/46 513/41/47
f 227/39/39 3/42/39 510/43/48 508/40/46
f 502/44/49 30/4/5 22/7/8 504/45/50
f 11/27/36 28/14/28 29/14/17 10/18/32
f 657/46/51 646/47/52 11/27/36 17/26/35
f 7/23/29 26/14/21 27/14/18 6/1/4
f 660/48/53 649/19/24 13/22/27 28/14/28
f 10/18/32 29/14/17 27/14/18 8/18/23
f 41/1/54 43/2/55 47/49/56 35/1/57
f 796/50/58 305/51/59 777/52/60 922/53/61
f 81/7/62 678/6/63 672/8/64 904/9/65
f 299/54/66 804/55/67 931/56/68 768/57/69
f 57/14/70 41/1/54 35/1/57 55/14/71
f 50/15/72 666/16/73 676/5/74 58/4/75
f 54/14/76 38/58/77 37/18/78 55/14/71
f 667/19/79 670/20/80 44/21/81 42/22/82
f 56/14/83 42/22/82 41/1/54 57/14/70
f 47/49/56 36/59/84 35/1/57
f 48/60/85 45/25/86 39/18/87 37/18/78
f 48/60/85 37/18/78 38/58/77
f 228/37/88 20/36/89 917/61/90 766/62/91
f 46/26/92 40/27/93 39/18/87 45/25/86
f 905/28/94 929/29/95 666/16/73 50/15/72
f 42/22/82 44/21/81 43/2/55 41/1/54
f 53/30/39 31/31/96 538/63/97 522/64/98
f 60/65/99 83/30/100 540/66/101 544/67/102
f 34/68/103 229/39/104 529/69/105 534/70/106
f 3/42/39 32/65/39 526/71/107 510/43/48
f 523/44/108 58/4/75 51/7/9 525/45/109
f 40/27/93 56/14/83 57/14/70 39/18/87
f 58/4/75 676/5/74 664/6/10 51/7/9
f 36/59/84 54/14/76 55/14/71 35/1/57
f 675/48/110 667/19/79 42/22/82 56/14/83
f 39/18/87 57/14/70 55/14/71 37/18/78
f 69/1/111 71/2/112 77/72/113 63/1/114
f 673/46/115 679/47/116 68/27/117 74/26/118
f 694/47/119 705/48/120 114/14/121 98/27/122
f 297/73/123 813/74/124 934/75/125 774/76/126
f 87/14/127 69/1/111 63/1/114 85/14/128
f 80/15/129 681/16/130 691/5/131 88/4/132
f 84/14/133 66/77/134 65/18/135 85/14/128
f 682/19/136 685/20/137 72/21/138 70/22/139
f 86/14/140 70/22/139 69/1/111 87/14/127
f 77/72/113 64/78/141 63/1/114
f 78/79/142 73/25/143 67/18/144 65/18/135
f 78/79/142 65/18/135 66/77/134
f 679/47/116 690/48/145 86/14/140 68/27/117
f 74/26/118 68/27/117 67/18/144 73/25/143
f 907/28/146 932/29/147 681/16/130 80/15/129
f 70/22/139 72/21/138 71/2/112 69/1/111
f 83/30/100 59/31/148 556/80/149 540/66/101
f 90/65/150 111/30/151 558/81/152 562/82/153
f 62/38/154 319/39/155 547/83/156 552/84/157
f 33/42/158 60/65/99 544/67/102 531/85/159
f 541/44/160 88/4/132 81/7/62 543/45/161
f 68/27/117 86/14/140 87/14/127 67/18/144
f 88/4/132 691/5/131 678/6/63 81/7/62
f 64/78/141 84/14/133 85/14/128 63/1/114
f 690/48/145 682/19/136 70/22/139 86/14/140
f 67/18/144 87/14/127 85/14/128 65/18/135
f 99/1/162 101/2/163 105/86/164 93/1/165
f 687/46/166 694/47/119 98/27/122 104/26/167
f 709/47/168 720/48/169 142/14/170 126/27/171
f 295/87/172 822/88/173 940/89/174 771/90/175
f 115/14/176 99/1/162 93/1/165 113/14/177
f 108/15/178 696/16/179 706/5/180 116/4/181
f 112/14/182 96/91/183 95/18/184 113/14/177
f 697/19/185 700/20/186 102/21/187 100/22/188
f 114/14/121 100/22/188 99/1/162 115/14/176
f 105/86/164 94/92/189 93/1/165
f 106/93/190 103/25/191 97/18/192 95/18/184
f 106/93/190 95/18/184 96/94/183
f 823/95/193 297/73/123 774/76/126 943/96/194
f 104/26/167 98/27/122 97/18/192 103/25/191
f 909/28/195 938/29/196 696/16/179 108/15/178
f 100/22/188 102/21/187 101/2/163 99/1/162
f 111/30/151 89/31/39 574/97/197 558/81/152
f 118/65/39 139/30/39 576/33/198 580/98/199
f 92/68/39 322/39/39 565/99/200 570/100/201
f 61/42/202 90/65/150 562/82/153 549/101/203
f 559/44/204 116/4/181 109/7/205 561/45/206
f 98/27/122 114/14/121 115/14/176 97/18/192
f 116/4/181 706/5/180 693/6/207 109/7/205
f 94/92/189 112/14/182 113/14/177 93/1/165
f 705/48/120 697/19/185 100/22/188 114/14/121
f 97/18/192 115/14/176 113/14/177 95/18/184
f 127/1/208 129/2/209 133/102/210 121/1/211
f 324/37/212 107/36/213 936/61/214 772/62/215
f 724/47/216 735/48/217 170/14/218 154/27/219
f 311/103/220 831/104/221 946/105/222 786/106/223
f 143/14/224 127/1/208 121/1/211 141/14/225
f 136/15/226 711/16/227 721/5/228 144/4/229
f 140/14/230 124/107/231 123/18/232 141/14/225
f 712/19/233 715/20/234 130/21/235 128/22/236
f 142/14/170 128/22/236 127/1/208 143/14/224
f 133/102/210 122/108/237 121/1/211
f 134/109/238 131/25/239 125/18/240 123/18/232
f 134/109/238 123/18/232 124/110/231
f 832/111/241 295/87/172 771/90/175 937/112/242
f 132/26/243 126/27/171 125/18/240 131/25/239
f 911/28/244 944/29/245 711/16/227 136/15/226
f 128/22/236 130/21/235 129/2/209 127/1/208
f 139/30/39 117/31/39 592/32/246 576/33/198
f 146/65/39 167/30/247 594/81/248 598/113/249
f 120/38/39 325/39/39 583/99/250 588/114/251
f 91/42/39 118/65/39 580/98/199 567/115/252
f 577/44/253 144/4/229 137/7/254 579/45/255
f 126/27/171 142/14/170 143/14/224 125/18/240
f 144/4/229 721/5/228 708/6/256 137/7/254
f 122/108/237 140/14/230 141/14/225 121/1/211
f 720/48/169 712/19/233 128/22/236 142/14/170
f 125/18/240 143/14/224 141/14/225 123/18/232
f 155/1/257 157/2/258 161/116/259 149/1/260
f 717/46/261 724/47/216 154/27/219 160/26/262
f 739/47/263 750/48/264 198/14/265 182/27/266
f 309/117/267 840/118/268 955/119/269 783/120/270
f 171/14/271 155/1/257 149/1/260 169/14/272
f 164/15/273 726/16/274 736/5/275 172/4/276
f 168/14/277 152/121/278 151/18/279 169/14/272
f 727/19/280 730/20/281 158/21/282 156/22/283
f 170/14/218 156/22/283 155/1/257 171/14/271
f 161/116/259 150/122/284 149/1/260
f 162/123/285 159/25/286 153/18/287 151/18/279
f 162/123/285 151/18/279 152/121/278
f 841/124/288 311/103/220 786/106/223 949/125/289
f 160/26/262 154/27/219 153/18/287 159/25/286
f 913/28/290 953/29/291 726/16/274 164/15/273
f 156/22/283 158/21/282 157/2/258 155/1/257
f 167/30/247 145/31/292 610/80/293 594/81/248
f 174/65/294 195/30/295 612/66/296 616/126/297
f 148/38/298 328/39/299 601/83/300 606/127/301
f 119/42/39 146/65/39 598/113/249 585/128/302
f 595/44/303 172/4/276 165/7/304 597/45/305
f 154/27/219 170/14/218 171/14/271 153/18/287
f 172/4/276 736/5/275 723/6/306 165/7/304
f 150/122/284 168/14/277 169/14/272 149/1/260
f 735/48/217 727/19/280 156/22/283 170/14/218
f 153/18/287 171/14/271 169/14/272 151/18/279
f 183/1/307 185/129/308 189/130/309 177/1/310
f 330/37/311 163/36/312 951/61/313 784/62/314
f 754/47/315 762/48/316 224/14/317 209/27/318
f 307/131/319 849/132/320 958/133/321 780/134/322
f 199/14/323 183/1/307 177/1/310 197/14/324
f 192/15/325 741/16/326 751/5/327 200/4/328
f 196/14/329 180/135/330 179/18/331 197/14/324
f 742/19/332 745/20/333 186/21/334 184/22/335
f 198/14/265 184/22/335 183/1/307 199/14/323
f 189/130/309 178/136/336 177/1/310
f 190/137/337 187/25/338 181/18/339 179/18/331
f 190/137/337 179/18/331 180/138/330
f 850/139/340 309/117/267 783/120/270 952/140/341
f 188/26/342 182/27/266 181/18/339 187/25/338
f 915/28/343 956/29/344 741/16/326 192/15/325
f 184/22/335 186/21/334 185/129/308 183/1/307
f 195/30/295 173/31/345 628/80/346 612/66/296
f 202/65/347 221/30/39 633/64/348 630/141/349
f 176/68/350 331/39/351 619/69/352 624/142/353
f 147/42/354 174/65/294 616/126/297 603/143/355
f 613/44/356 200/4/328 193/7/357 615/45/358
f 182/27/266 198/14/265 199/14/323 181/18/339
f 200/4/328 751/5/327 738/6/359 193/7/357
f 178/136/336 196/14/329 197/14/324 177/1/310
f 750/48/264 742/19/332 184/22/335 198/14/265
f 181/18/339 199/14/323 197/14/324 179/18/331
f 210/1/360 212/2/361 216/144/362 204/1/363
f 747/46/364 754/47/315 209/27/318 215/26/365
f 663/47/366 675/48/110 56/14/83 40/27/93
f 305/51/59 858/145/367 961/146/368 777/52/60
f 225/14/369 210/1/360 204/1/363 223/14/370
f 218/15/371 756/16/372 763/5/373 226/4/374
f 222/14/375 207/147/376 206/18/377 223/14/370
f 757/19/378 760/20/379 213/21/380 211/22/381
f 224/14/317 211/22/381 210/1/360 225/14/369
f 216/144/362 205/148/382 204/1/363
f 217/149/383 214/25/384 208/18/385 206/18/377
f 217/149/383 206/18/377 207/147/376
f 859/150/386 307/131/319 780/134/322 964/151/387
f 215/26/365 209/27/318 208/18/385 214/25/384
f 916/28/388 959/29/389 756/16/372 218/15/371
f 211/22/381 213/21/380 212/2/361 210/1/360
f 221/30/39 201/31/39 640/152/390 633/64/348
f 896/153/391 642/34/42 336/37/45 220/154/392
f 334/39/39 5/42/39 520/155/393 643/40/394
f 175/42/395 202/65/347 630/141/349 621/156/396
f 201/31/39 203/38/39 636/157/397 640/152/390
f 209/27/318 224/14/317 225/14/369 208/18/385
f 226/4/374 763/5/373 753/6/398 219/7/399
f 205/148/382 222/14/375 223/14/370 204/1/363
f 762/48/316 757/19/378 211/22/381 224/14/317
f 208/18/385 225/14/369 223/14/370 206/18/377
f 525/45/109 51/7/9 902/9/12 511/158/400
f 805/159/401 303/10/13 765/13/16 919/160/402
f 543/45/161 81/7/62 904/9/65 532/158/403
f 814/161/404 299/54/66 768/57/69 928/162/405
f 262/163/406 1571/164/407 1446/165/408 231/166/409
f 239/167/410 240/168/411 272/169/412 271/170/413
f 248/171/414 249/172/415 281/172/416 280/173/417
f 257/174/418 258/175/419 290/176/420 289/174/421
f 235/177/422 236/178/423 268/179/424 267/180/425
f 244/181/426 245/182/427 277/182/428 276/183/429
f 253/184/430 254/185/431 286/186/432 285/184/433
f 231/187/409 232/188/434 264/189/435 263/190/436
f 262/163/406 231/166/409 263/166/436 294/191/437
f 240/168/411 241/192/438 273/192/439 272/169/412
f 249/172/415 250/193/440 282/194/441 281/172/416
f 258/175/419 259/195/442 291/196/443 290/176/420
f 236/178/423 237/197/444 269/197/445 268/179/424
f 245/182/427 246/198/446 278/199/447 277/182/428
f 254/185/431 255/200/448 287/201/449 286/186/432
f 232/188/434 233/202/450 265/202/451 264/189/435
f 241/192/438 242/203/452 274/204/453 273/192/439
f 250/193/440 251/205/454 283/206/455 282/194/441
f 259/195/442 260/207/456 292/208/457 291/196/443
f 237/197/444 238/209/458 270/210/459 269/197/445
f 246/198/446 247/211/460 279/212/461 278/199/447
f 255/200/448 256/213/462 288/214/463 287/201/449
f 233/202/450 234/215/464 266/216/465 265/202/451
f 242/203/452 243/217/466 275/218/467 274/204/453
f 251/205/454 252/219/468 284/220/469 283/206/455
f 260/207/456 261/221/470 293/221/471 292/208/457
f 238/209/458 239/167/410 271/170/413 270/210/459
f 247/211/460 248/171/414 280/173/417 279/212/461
f 256/213/462 257/174/418 289/174/421 288/214/463
f 234/215/464 235/177/422 267/180/425 266/216/465
f 243/217/466 244/181/426 276/183/429 275/218/467
f 252/219/468 253/184/430 285/184/433 284/220/469
f 261/221/470 262/163/406 294/191/437 293/221/471
f 52/154/472 230/37/473 769/62/474 669/222/475
f 193/7/357 738/6/359 733/8/476 912/9/477
f 166/154/478 330/37/311 784/62/314 729/222/479
f 655/46/480 663/47/366 40/27/93 46/26/92
f 24/154/481 228/37/88 766/62/91 651/222/482
f 137/7/254 708/6/256 703/8/483 908/9/484
f 110/154/485 324/37/212 772/62/215 699/222/486
f 327/37/487 135/36/488 948/61/489 787/62/490
f 138/154/491 327/37/487 787/62/490 714/222/492
f 336/37/45 23/36/44 921/61/493 778/62/494
f 220/154/392 336/37/45 778/62/494 759/222/495
f 321/37/496 79/36/497 942/61/498 775/62/499
f 82/154/500 321/37/496 775/62/499 684/222/501
f 333/37/502 191/36/503 963/61/504 781/62/505
f 194/154/506 333/37/502 781/62/505 744/222/507
f 230/37/473 49/36/508 926/61/509 769/62/474
f 302/223/510 794/224/511 795/11/14 303/10/13
f 800/225/512 302/223/510 303/10/13 805/159/401
f 801/226/513 304/227/514 302/223/510 800/225/512
f 304/227/514 790/228/515 794/224/511 302/223/510
f 313/229/516 314/230/517 790/228/515 304/227/514
f 315/231/518 313/229/516 304/227/514 801/226/513
f 276/183/429 277/182/428 313/229/516 315/231/518
f 277/182/428 278/199/447 314/230/517 313/229/516
f 801/226/513 802/232/519 276/183/429 315/231/518
f 802/232/519 806/233/520 275/218/467 276/183/429
f 809/234/521 301/235/522 299/54/66 814/161/404
f 301/235/522 803/236/523 804/55/67 299/54/66
f 300/237/524 799/238/525 803/236/523 301/235/522
f 810/239/526 300/237/524 301/235/522 809/234/521
f 318/240/527 316/241/528 300/237/524 810/239/526
f 316/241/528 317/242/529 799/238/525 300/237/524
f 273/192/439 274/204/453 317/242/529 316/241/528
f 272/169/412 273/192/439 316/241/528 318/240/527
f 810/239/526 811/243/530 272/169/412 318/240/527
f 799/238/525 317/242/529 274/204/453 798/244/531
f 806/233/520 798/244/531 274/204/453 275/218/467
f 561/45/206 109/7/205 906/9/532 550/158/533
f 109/7/205 693/6/207 688/8/534 906/9/532
f 579/45/255 137/7/254 908/9/484 568/158/535
f 702/46/536 709/47/168 126/27/171 132/26/243
f 597/45/305 165/7/304 910/9/537 586/158/538
f 165/7/304 723/6/306 718/245/539 910/9/537
f 615/45/358 193/7/357 912/9/477 604/158/540
f 732/46/541 739/47/263 182/27/266 188/26/342
f 631/246/542 219/7/399 914/9/543 622/158/544
f 219/7/399 753/6/398 748/245/545 914/9/543
f 203/38/39 334/39/39 643/40/394 636/157/397
f 298/247/546 812/248/547 813/74/124 297/73/123
f 818/249/548 298/247/546 297/73/123 823/95/193
f 819/250/549 320/251/550 298/247/546 818/249/548
f 320/251/550 808/252/551 812/248/547 298/247/546
f 76/253/552 75/254/553 808/252/551 320/251/550
f 337/255/554 76/253/552 320/251/550 819/250/549
f 271/170/413 272/169/412 811/243/530 815/256/555
f 271/170/413 815/256/555 807/257/556 270/210/459
f 268/179/424 269/197/445 76/253/552 337/255/554
f 269/197/445 270/210/459 75/254/553 76/253/552
f 808/252/551 75/254/553 270/210/459 807/257/556
f 268/179/424 337/255/554 819/258/549 820/259/557
f 820/259/557 824/260/558 267/180/425 268/179/424
f 296/261/559 821/262/560 822/88/173 295/87/172
f 827/263/561 296/261/559 295/87/172 832/111/241
f 828/264/562 323/265/563 296/261/559 827/263/561
f 323/265/563 817/266/564 821/262/560 296/261/559
f 338/267/565 339/268/566 817/266/564 323/265/563
f 340/269/567 338/267/565 323/265/563 828/264/562
f 264/189/435 265/202/451 338/267/565 340/269/567
f 265/202/451 266/216/465 339/268/566 338/267/565
f 817/266/564 339/268/566 266/216/465 816/270/568
f 824/260/558 816/270/568 266/216/465 267/180/425
f 312/271/569 830/272/570 831/104/221 311/103/220
f 836/273/571 312/271/569 311/103/220 841/124/288
f 837/274/572 326/275/573 312/271/569 836/273/571
f 326/275/573 826/276/574 830/272/570 312/271/569
f 341/277/575 343/278/576 826/276/574 326/275/573
f 342/279/577 341/277/575 326/275/573 837/274/572
f 292/208/457 293/221/471 341/277/575 342/279/577
f 293/221/471 294/191/437 343/278/576 341/277/575
f 826/276/574 343/278/576 294/191/437 825/280/578
f 264/189/435 340/269/567 828/258/562 829/281/579
f 264/189/435 829/281/579 833/282/580 263/190/436
f 833/282/580 825/280/578 294/191/437 263/190/436
f 310/283/581 839/284/582 840/118/268 309/117/267
f 845/285/583 310/283/581 309/117/267 850/139/340
f 846/286/584 329/287/585 310/283/581 845/285/583
f 329/287/585 835/288/586 839/284/582 310/283/581
f 344/289/587 345/290/588 835/288/586 329/287/585
f 346/291/589 344/289/587 329/287/585 846/286/584
f 288/214/463 289/174/421 344/289/587 346/291/589
f 289/174/421 290/176/420 345/290/588 344/289/587
f 835/288/586 345/290/588 290/176/420 834/292/590
f 291/196/443 842/293/591 834/292/590 290/176/420
f 837/274/572 838/294/592 292/208/457 342/279/577
f 291/196/443 292/208/457 838/294/592 842/293/591
f 308/295/593 848/296/594 849/132/320 307/131/319
f 854/297/595 308/295/593 307/131/319 859/150/386
f 855/298/596 332/299/597 308/295/593 854/297/595
f 332/299/597 844/300/598 848/296/594 308/295/593
f 347/301/599 348/302/600 844/300/598 332/299/597
f 349/303/601 347/301/599 332/299/597 855/298/596
f 284/220/469 285/184/433 347/301/599 349/303/601
f 285/184/433 286/186/432 348/302/600 347/301/599
f 286/186/432 843/304/602 844/300/598 348/302/600
f 286/186/432 287/201/449 851/305/603 843/304/602
f 288/214/463 346/291/589 846/258/584 847/306/604
f 851/305/603 287/201/449 288/214/463 847/306/604
f 306/307/605 857/308/606 858/145/367 305/51/59
f 791/309/607 306/307/605 305/51/59 796/50/58
f 792/310/608 335/311/609 306/307/605 791/309/607
f 335/311/609 853/312/610 857/308/606 306/307/605
f 350/313/611 351/314/612 853/312/610 335/311/609
f 352/315/613 350/313/611 335/311/609 792/310/608
f 280/173/417 281/172/416 350/313/611 352/315/613
f 281/172/416 282/194/441 351/314/612 350/313/611
f 853/312/610 351/314/612 282/194/441 852/316/614
f 860/317/615 852/316/614 282/194/441 283/206/455
f 284/220/469 349/303/601 855/258/596 856/318/616
f 856/318/616 860/317/615 283/206/455 284/220/469
f 790/228/515 314/230/517 278/199/447 789/319/617
f 792/310/608 793/320/618 280/173/417 352/315/613
f 793/320/618 797/321/619 279/212/461 280/173/417
f 797/321/619 789/319/617 278/199/447 279/212/461
f 516/322/620 21/15/19 30/4/5 502/44/49
f 507/34/621 898/35/622 20/36/89 228/37/88
f 514/323/623 903/28/37 21/15/19 516/322/620
f 504/45/50 22/7/8 901/9/34 519/158/624
f 5/42/39 2/65/39 505/324/625 520/155/393
f 537/322/626 50/15/72 58/4/75 523/44/108
f 528/34/627 899/35/628 49/36/508 230/37/473
f 535/323/629 905/28/94 50/15/72 537/322/626
f 229/39/104 33/42/158 531/85/159 529/69/105
f 555/322/630 80/15/129 88/4/132 541/44/160
f 546/34/631 900/35/632 79/36/497 321/37/496
f 553/323/633 907/28/146 80/15/129 555/322/630
f 319/39/155 61/42/202 549/101/203 547/83/156
f 573/322/634 108/15/178 116/4/181 559/44/204
f 564/34/635 882/35/636 107/36/213 324/37/212
f 571/323/637 909/28/195 108/15/178 573/322/634
f 322/39/39 91/42/39 567/115/252 565/99/200
f 591/322/638 136/15/226 144/4/229 577/44/253
f 582/34/639 887/35/640 135/36/488 327/37/487
f 589/323/641 911/28/244 136/15/226 591/322/638
f 89/31/39 92/68/39 570/100/201 574/97/197
f 325/39/39 119/42/39 585/128/302 583/99/250
f 609/322/642 164/15/273 172/4/276 595/44/303
f 600/34/643 894/35/644 163/36/312 330/37/311
f 607/323/645 913/28/290 164/15/273 609/322/642
f 117/31/39 120/38/39 588/114/251 592/32/246
f 328/39/299 147/42/354 603/143/355 601/83/300
f 627/322/646 192/15/325 200/4/328 613/44/356
f 618/34/647 893/35/648 191/36/503 333/37/502
f 625/323/649 915/28/343 192/15/325 627/322/646
f 173/31/345 176/68/350 624/142/353 628/80/346
f 145/31/292 148/38/298 606/127/301 610/80/293
f 331/39/351 175/42/395 621/156/396 619/69/352
f 634/44/650 226/4/374 219/7/399 631/246/542
f 637/323/651 916/28/388 218/15/371 639/322/652
f 32/65/39 53/30/39 522/64/98 526/71/107
f 639/322/652 218/15/371 226/4/374 634/44/650
f 1/31/39 4/38/39 513/41/47 517/32/40
f 31/31/96 34/68/103 534/70/106 538/63/97
f 59/31/148 62/38/154 552/84/157 556/80/149
f 863/153/653 507/34/621 228/37/88 24/154/481
f 868/153/654 528/34/627 230/37/473 52/154/472
f 872/153/655 546/34/631 321/37/496 82/154/500
f 876/153/656 564/34/635 324/37/212 110/154/485
f 880/153/657 582/34/639 327/37/487 138/154/491
f 885/153/658 600/34/643 330/37/311 166/154/478
f 890/153/659 618/34/647 333/37/502 194/154/506
f 322/39/39 353/325/39 118/65/39 91/42/39
f 353/325/39 363/326/39 139/30/39 118/65/39
f 363/326/39 372/327/39 117/31/39 139/30/39
f 372/327/39 325/39/39 120/38/39 117/31/39
f 92/68/39 354/328/39 353/325/39 322/39/39
f 354/328/39 364/329/39 363/326/39 353/325/39
f 364/329/39 373/330/39 372/327/39 363/326/39
f 373/330/39 119/42/39 325/39/39 372/327/39
f 89/31/39 355/331/39 354/328/39 92/68/39
f 355/331/39 365/332/39 364/329/39 354/328/39
f 365/332/39 374/333/39 373/330/39 364/329/39
f 374/333/39 146/65/39 119/42/39 373/330/39
f 111/30/151 356/334/660 355/331/39 89/31/39
f 356/334/660 366/30/661 365/332/39 355/331/39
f 366/30/661 375/335/662 374/333/39 365/332/39
f 375/335/662 167/30/247 146/65/39 374/333/39
f 356/334/660 111/30/151 469/30/663 476/334/664
f 482/42/665 479/39/666 480/39/667 481/42/668
f 483/42/669 478/39/670 479/39/666 482/42/665
f 484/42/671 477/39/672 478/39/670 483/42/669
f 147/42/354 328/39/299 477/39/672 484/42/671
f 490/30/673 487/65/674 488/65/675 489/30/676
f 491/30/677 486/65/678 487/65/674 490/30/673
f 492/30/679 485/65/680 486/65/678 491/30/677
f 83/30/100 60/65/99 485/65/680 492/30/679
f 498/336/681 495/337/682 496/337/683 497/336/684
f 499/336/685 494/337/686 495/337/682 498/336/681
f 500/336/687 493/337/688 494/337/686 499/336/685
f 358/336/689 367/337/690 493/337/688 500/336/687
f 404/68/691 381/31/692 357/68/39
f 381/31/692 497/336/684 357/31/39
f 440/42/693 405/39/694 357/42/39
f 396/39/695 389/68/696 357/39/39
f 388/31/697 417/30/698 357/31/39
f 480/39/667 453/38/699 357/39/39
f 416/65/700 481/42/668 357/65/39
f 428/65/701 397/42/702 357/65/39
f 424/30/703 409/335/704 357/30/39
f 389/68/696 388/31/697 357/68/39
f 464/39/705 445/68/706 357/39/39
f 397/42/702 396/39/695 357/42/39
f 405/39/694 404/68/691 357/39/39
f 409/335/704 433/30/707 357/335/39
f 417/30/698 416/65/700 357/30/39
f 472/30/708 429/65/709 357/30/39
f 452/31/710 424/30/703 357/31/39
f 460/338/711 428/65/701 357/338/39
f 429/65/709 465/42/712 357/65/39
f 444/31/713 489/30/676 357/31/39
f 433/30/707 473/334/714 357/30/39
f 488/65/675 440/42/693 357/65/39
f 445/68/706 444/31/713 357/68/39
f 453/38/699 452/31/710 357/68/39
f 496/337/683 460/338/711 357/337/39
f 465/42/712 464/39/705 357/42/39
f 473/334/714 472/30/708 357/334/39
f 481/42/668 480/39/667 357/42/39
f 489/30/676 488/65/675 357/30/39
f 497/336/684 496/337/683 357/336/39
f 53/30/39 359/335/39 358/336/689 31/31/96
f 359/335/39 368/30/39 367/337/690 358/336/689
f 368/30/39 377/334/39 376/338/715 367/337/690
f 377/334/39 221/30/39 202/65/347 376/338/715
f 32/65/39 360/333/39 359/335/39 53/30/39
f 360/333/39 369/332/39 368/30/39 359/335/39
f 369/332/39 378/331/39 377/334/39 368/30/39
f 378/331/39 201/31/39 221/30/39 377/334/39
f 3/42/39 361/330/39 360/333/39 32/65/39
f 361/330/39 370/339/39 369/332/39 360/333/39
f 370/339/39 379/328/39 378/331/39 369/332/39
f 379/328/39 203/38/39 201/31/39 378/331/39
f 227/39/39 362/327/39 361/330/39 3/42/39
f 362/327/39 371/340/39 370/339/39 361/330/39
f 371/340/39 380/325/39 379/328/39 370/339/39
f 380/325/39 334/39/39 203/38/39 379/328/39
f 4/38/39 1/31/39 362/327/39 227/39/39
f 1/31/39 25/30/39 371/340/39 362/327/39
f 25/30/39 2/65/39 380/325/39 371/340/39
f 2/65/39 5/42/39 334/39/39 380/325/39
f 476/334/664 469/30/663 470/30/716 475/334/717
f 475/334/717 470/30/716 471/30/718 474/334/719
f 474/334/719 471/30/718 472/30/708 473/334/714
f 61/42/202 319/39/155 461/39/720 468/42/721
f 468/42/721 461/39/720 462/39/722 467/42/723
f 467/42/723 462/39/722 463/39/724 466/42/725
f 466/42/725 463/39/724 464/39/705 465/42/712
f 367/337/690 376/338/715 457/338/726 493/337/688
f 493/337/688 457/338/726 458/338/727 494/337/686
f 494/337/686 458/338/727 459/338/728 495/337/682
f 495/337/682 459/338/728 460/338/711 496/337/683
f 148/38/298 145/31/292 449/31/729 456/38/730
f 456/38/730 449/31/729 450/31/731 455/38/732
f 455/38/732 450/31/731 451/31/733 454/38/734
f 454/38/734 451/31/733 452/31/710 453/38/699
f 62/38/154 59/31/148 441/31/735 448/38/736
f 448/38/736 441/31/735 442/31/737 447/38/738
f 447/38/738 442/31/737 443/31/739 446/68/740
f 446/68/740 443/31/739 444/31/713 445/68/706
f 60/65/99 33/42/158 437/42/741 485/65/680
f 485/65/680 437/42/741 438/42/742 486/65/678
f 486/65/678 438/42/742 439/42/743 487/65/674
f 487/65/674 439/42/743 440/42/693 488/65/675
f 366/30/661 356/334/660 476/334/664 436/30/744
f 436/30/744 476/334/664 475/334/717 435/30/745
f 435/30/745 475/334/717 474/334/719 434/30/746
f 434/30/746 474/334/719 473/334/714 433/30/707
f 59/31/148 83/30/100 492/30/679 441/31/735
f 441/31/735 492/30/679 491/30/677 442/31/737
f 442/31/737 491/30/677 490/30/673 443/31/739
f 443/31/739 490/30/673 489/30/676 444/31/713
f 90/65/150 61/42/202 468/42/721 432/65/747
f 432/65/747 468/42/721 467/42/723 431/65/748
f 431/65/748 467/42/723 466/42/725 430/65/749
f 430/65/749 466/42/725 465/42/712 429/65/709
f 376/338/715 202/65/347 425/65/750 457/338/726
f 457/338/726 425/65/750 426/65/751 458/338/727
f 458/338/727 426/65/751 427/65/752 459/338/728
f 459/338/728 427/65/752 428/65/701 460/338/711
f 145/31/292 167/30/247 421/30/753 449/31/729
f 449/31/729 421/30/753 422/30/754 450/31/731
f 450/31/731 422/30/754 423/30/755 451/31/733
f 451/31/733 423/30/755 424/30/703 452/31/710
f 111/30/151 90/65/150 432/65/747 469/30/663
f 469/30/663 432/65/747 431/65/748 470/30/716
f 470/30/716 431/65/748 430/65/749 471/30/718
f 471/30/718 430/65/749 429/65/709 472/30/708
f 195/30/295 174/65/294 413/65/756 420/30/757
f 420/30/757 413/65/756 414/65/758 419/30/759
f 419/30/759 414/65/758 415/65/760 418/30/761
f 418/30/761 415/65/760 416/65/700 417/30/698
f 375/335/662 366/30/661 436/30/744 412/335/762
f 412/335/762 436/30/744 435/30/745 411/335/763
f 411/335/763 435/30/745 434/30/746 410/335/764
f 410/335/764 434/30/746 433/30/707 409/335/704
f 229/39/104 34/68/103 401/68/765 408/39/766
f 408/39/766 401/68/765 402/68/767 407/39/768
f 407/39/768 402/68/767 403/68/769 406/39/770
f 406/39/770 403/68/769 404/68/691 405/39/694
f 175/42/395 331/39/351 393/39/771 400/42/772
f 400/42/772 393/39/771 394/39/773 399/42/774
f 399/42/774 394/39/773 395/39/775 398/42/776
f 398/42/776 395/39/775 396/39/695 397/42/702
f 319/39/155 62/38/154 448/38/736 461/39/720
f 461/39/720 448/38/736 447/38/738 462/39/722
f 462/39/722 447/38/738 446/68/740 463/39/724
f 463/39/724 446/68/740 445/68/706 464/39/705
f 176/68/350 173/31/345 385/31/777 392/68/778
f 392/68/778 385/31/777 386/31/779 391/68/780
f 391/68/780 386/31/779 387/31/781 390/68/782
f 390/68/782 387/31/781 388/31/697 389/68/696
f 167/30/247 375/335/662 412/335/762 421/30/753
f 421/30/753 412/335/762 411/335/763 422/30/754
f 422/30/754 411/335/763 410/335/764 423/30/755
f 423/30/755 410/335/764 409/335/704 424/30/703
f 202/65/347 175/42/395 400/42/772 425/65/750
f 425/65/750 400/42/772 399/42/774 426/65/751
f 426/65/751 399/42/774 398/42/776 427/65/752
f 427/65/752 398/42/776 397/42/702 428/65/701
f 174/65/294 147/42/354 484/42/671 413/65/756
f 413/65/756 484/42/671 483/42/669 414/65/758
f 414/65/758 483/42/669 482/42/665 415/65/760
f 415/65/760 482/42/665 481/42/668 416/65/700
f 328/39/299 148/38/298 456/38/730 477/39/672
f 477/39/672 456/38/730 455/38/732 478/39/670
f 478/39/670 455/38/732 454/38/734 479/39/666
f 479/39/666 454/38/734 453/38/699 480/39/667
f 173/31/345 195/30/295 420/30/757 385/31/777
f 385/31/777 420/30/757 419/30/759 386/31/779
f 386/31/779 419/30/759 418/30/761 387/31/781
f 387/31/781 418/30/761 417/30/698 388/31/697
f 331/39/351 176/68/350 392/68/778 393/39/771
f 393/39/771 392/68/778 391/68/780 394/39/773
f 394/39/773 391/68/780 390/68/782 395/39/775
f 395/39/775 390/68/782 389/68/696 396/39/695
f 33/42/158 229/39/104 408/39/766 437/42/741
f 437/42/741 408/39/766 407/39/768 438/42/742
f 438/42/742 407/39/768 406/39/770 439/42/743
f 439/42/743 406/39/770 405/39/694 440/42/693
f 31/31/96 358/336/689 500/336/687 384/31/783
f 384/31/783 500/336/687 499/336/685 383/31/784
f 383/31/784 499/336/685 498/336/681 382/31/785
f 382/31/785 498/336/681 497/336/684 381/31/692
f 34/68/103 31/31/96 384/31/783 401/68/765
f 401/68/765 384/31/783 383/31/784 402/68/767
f 402/68/767 383/31/784 382/31/785 403/68/769
f 403/68/769 382/31/785 381/31/692 404/68/691
f 861/341/786 862/342/787 506/343/788 503/172/789
f 503/172/789 506/343/788 505/324/625 501/33/41
f 508/40/46 510/43/48 512/344/790 509/211/791
f 509/211/791 512/344/790 898/35/622 507/34/621
f 863/153/653 864/345/792 518/346/793 515/347/794
f 515/347/794 518/346/793 517/32/40 513/41/47
f 862/342/787 865/348/43 521/349/795 506/343/788
f 506/343/788 521/350/795 520/155/393 505/324/625
f 864/345/792 861/341/786 503/172/789 518/346/793
f 518/346/793 503/172/789 501/33/41 517/32/40
f 866/341/796 867/342/797 527/343/798 524/172/799
f 524/172/799 527/343/798 526/71/107 522/64/98
f 529/69/105 531/85/159 533/351/800 530/352/801
f 530/352/801 533/351/800 899/35/628 528/34/627
f 868/153/654 869/345/802 539/353/803 536/354/804
f 536/354/804 539/353/803 538/63/97 534/70/106
f 869/345/802 866/341/796 524/172/799 539/353/803
f 539/353/803 524/172/799 522/64/98 538/63/97
f 870/341/805 871/342/806 545/343/807 542/355/808
f 542/355/808 545/343/807 544/67/102 540/66/101
f 547/83/156 549/101/203 551/356/809 548/357/810
f 548/357/810 551/356/809 900/35/632 546/34/631
f 872/153/655 873/345/811 557/358/812 554/359/813
f 554/359/813 557/358/812 556/80/149 552/84/157
f 873/345/811 870/341/805 542/355/808 557/358/812
f 557/358/812 542/355/808 540/66/101 556/80/149
f 874/341/814 875/342/815 563/360/816 560/361/817
f 560/361/817 563/360/816 562/82/153 558/81/152
f 565/99/200 567/115/252 569/362/818 566/211/819
f 566/211/819 569/362/818 882/35/636 564/34/635
f 876/153/656 877/345/820 575/346/821 572/347/822
f 572/347/822 575/346/821 574/97/197 570/100/201
f 877/345/820 874/341/814 560/361/817 575/346/821
f 575/346/821 560/361/817 558/81/152 574/97/197
f 878/341/823 879/342/824 581/343/825 578/172/826
f 578/172/826 581/343/825 580/98/199 576/33/198
f 583/99/250 585/128/302 587/344/827 584/211/828
f 584/211/828 587/344/827 887/35/640 582/34/639
f 880/153/657 881/345/829 593/346/830 590/347/831
f 590/347/831 593/346/830 592/32/246 588/114/251
f 879/342/824 882/348/636 569/349/818 581/343/825
f 581/343/825 569/362/818 567/115/252 580/98/199
f 881/345/829 878/341/823 578/172/826 593/346/830
f 593/346/830 578/172/826 576/33/198 592/32/246
f 883/341/832 884/342/833 599/343/834 596/363/835
f 596/363/835 599/343/834 598/113/249 594/81/248
f 601/83/300 603/143/355 605/356/836 602/364/837
f 602/364/837 605/356/836 894/35/644 600/34/643
f 885/153/658 886/345/838 611/365/839 608/366/840
f 608/366/840 611/365/839 610/80/293 606/127/301
f 884/342/833 887/348/640 587/367/827 599/343/834
f 599/343/834 587/344/827 585/128/302 598/113/249
f 886/345/838 883/341/832 596/363/835 611/365/839
f 611/365/839 596/363/835 594/81/248 610/80/293
f 888/341/841 889/342/842 617/368/843 614/369/844
f 614/369/844 617/368/843 616/126/297 612/66/296
f 619/69/352 621/156/396 623/356/845 620/370/846
f 620/370/846 623/356/845 893/35/648 618/34/647
f 890/153/659 891/345/847 629/346/848 626/371/849
f 626/371/849 629/346/848 628/80/346 624/142/353
f 892/342/850 893/348/648 623/372/845 632/343/851
f 632/343/851 623/373/845 621/156/396 630/141/349
f 889/342/842 894/348/644 605/374/836 617/368/843
f 617/368/843 605/375/836 603/143/355 616/126/297
f 891/345/847 888/341/841 614/369/844 629/346/848
f 629/346/848 614/369/844 612/66/296 628/80/346
f 895/341/852 892/342/850 632/376/851 635/172/853
f 635/172/853 632/376/851 630/141/349 633/64/348
f 896/153/391 897/345/854 641/346/855 638/347/856
f 638/347/856 641/346/855 640/152/390 636/157/397
f 643/40/394 520/155/393 521/350/795 644/211/857
f 644/211/857 521/350/795 865/35/43 642/34/42
f 897/345/854 895/341/852 635/172/853 641/346/855
f 641/346/855 635/172/853 633/64/348 640/152/390
f 867/342/797 898/348/622 512/367/790 527/343/798
f 527/343/798 512/344/790 510/43/48 526/71/107
f 871/342/806 899/348/628 533/377/800 545/343/807
f 545/343/807 533/378/800 531/85/159 544/67/102
f 875/342/815 900/348/632 551/379/809 563/343/816
f 563/343/816 551/380/809 549/101/203 562/82/153
f 513/41/47 508/40/46 509/211/791 515/347/794
f 515/347/794 509/211/791 507/34/621 863/153/653
f 534/70/106 529/69/105 530/352/801 536/354/804
f 536/354/804 530/352/801 528/34/627 868/153/654
f 552/84/157 547/83/156 548/357/810 554/359/813
f 554/359/813 548/357/810 546/34/631 872/153/655
f 570/100/201 565/99/200 566/211/819 572/347/822
f 572/347/822 566/211/819 564/34/635 876/153/656
f 588/114/251 583/99/250 584/211/828 590/347/831
f 590/347/831 584/211/828 582/34/639 880/153/657
f 606/127/301 601/83/300 602/364/837 608/366/840
f 608/366/840 602/364/837 600/34/643 885/153/658
f 624/142/353 619/69/352 620/370/846 626/371/849
f 626/371/849 620/370/846 618/34/647 890/153/659
f 636/157/397 643/40/394 644/211/857 638/347/856
f 638/347/856 644/211/857 642/34/42 896/153/391
f 2/65/39 25/30/39 501/33/41 505/324/625
f 661/5/6 648/16/20 650/381/858 662/382/859
f 662/382/859 650/381/858 649/19/24 660/48/53
f 766/62/91 917/61/90 918/383/860 767/384/861
f 767/182/861 918/181/860 919/160/402 765/13/16
f 658/8/33 645/6/7 647/385/862 659/386/863
f 659/386/863 647/385/862 646/47/52 657/46/51
f 648/16/20 923/29/38 653/387/864 650/381/858
f 650/381/858 653/387/864 652/20/25 649/19/24
f 645/6/7 661/5/6 662/382/859 647/385/862
f 647/385/862 662/382/859 660/48/53 646/47/52
f 676/5/74 666/16/73 668/381/865 677/382/866
f 677/382/866 668/381/865 667/19/79 675/48/110
f 769/62/474 926/61/509 927/383/867 770/384/868
f 770/192/868 927/168/867 928/162/405 768/57/69
f 666/16/73 929/29/95 671/387/869 668/381/865
f 668/381/865 671/387/869 670/20/80 667/19/79
f 664/6/10 676/5/74 677/382/866 665/385/870
f 665/385/870 677/382/866 675/48/110 663/47/366
f 691/5/131 681/16/130 683/381/871 692/382/872
f 692/382/872 683/381/871 682/19/136 690/48/145
f 681/16/130 932/29/147 686/387/873 683/381/871
f 683/381/871 686/387/873 685/20/137 682/19/136
f 672/8/64 678/6/63 680/385/874 674/386/875
f 674/386/875 680/385/874 679/47/116 673/46/115
f 678/6/63 691/5/131 692/382/872 680/385/874
f 680/385/874 692/382/872 690/48/145 679/47/116
f 706/5/180 696/16/179 698/381/876 707/382/877
f 707/382/877 698/381/876 697/19/185 705/48/120
f 703/8/483 708/6/256 710/385/878 704/386/879
f 704/386/879 710/385/878 709/47/168 702/46/536
f 696/16/179 938/29/196 701/387/880 698/381/876
f 698/381/876 701/387/880 700/20/186 697/19/185
f 688/8/534 693/6/207 695/385/881 689/386/882
f 689/386/882 695/385/881 694/47/119 687/46/166
f 693/6/207 706/5/180 707/382/877 695/385/881
f 695/385/881 707/382/877 705/48/120 694/47/119
f 721/5/228 711/16/227 713/381/883 722/382/884
f 722/382/884 713/381/883 712/19/233 720/48/169
f 711/16/227 944/29/245 716/387/885 713/381/883
f 713/381/883 716/387/885 715/20/234 712/19/233
f 718/245/539 723/6/306 725/385/886 719/386/887
f 719/386/887 725/385/886 724/47/216 717/46/261
f 708/6/256 721/5/228 722/382/884 710/385/878
f 710/385/878 722/382/884 720/48/169 709/47/168
f 736/5/275 726/16/274 728/381/888 737/382/889
f 737/382/889 728/381/888 727/19/280 735/48/217
f 733/8/476 738/6/359 740/385/890 734/386/891
f 734/386/891 740/385/890 739/47/263 732/46/541
f 726/16/274 953/29/291 731/387/892 728/381/888
f 728/381/888 731/387/892 730/20/281 727/19/280
f 723/6/306 736/5/275 737/382/889 725/385/886
f 725/385/886 737/382/889 735/48/217 724/47/216
f 751/5/327 741/16/326 743/381/893 752/382/894
f 752/382/894 743/381/893 742/19/332 750/48/264
f 741/16/326 956/29/344 746/387/895 743/381/893
f 743/381/893 746/387/895 745/20/333 742/19/332
f 738/6/359 751/5/327 752/382/894 740/385/890
f 740/385/890 752/382/894 750/48/264 739/47/263
f 763/5/373 756/16/372 758/381/896 764/382/897
f 764/382/897 758/381/896 757/19/378 762/48/316
f 756/16/372 959/29/389 761/387/898 758/381/896
f 758/381/896 761/387/898 760/20/379 757/19/378
f 748/245/545 753/6/398 755/385/899 749/386/900
f 749/386/900 755/385/899 754/47/315 747/46/364
f 753/6/398 763/5/373 764/382/897 755/385/899
f 755/385/899 764/382/897 762/48/316 754/47/315
f 654/8/11 664/6/10 665/385/870 656/386/901
f 656/386/901 665/385/870 663/47/366 655/46/480
f 651/222/482 766/62/91 767/388/861 924/389/902
f 924/198/902 767/390/861 765/13/16 925/12/15
f 669/222/475 769/62/474 770/391/868 930/389/903
f 930/203/903 770/392/868 768/57/69 931/56/68
f 964/151/387 780/134/322 782/184/904 962/219/905
f 962/383/905 782/384/904 781/62/505 963/61/504
f 952/140/341 783/120/270 785/393/906 950/213/907
f 950/383/907 785/394/906 784/62/314 951/61/313
f 937/112/242 771/90/175 773/202/908 935/188/909
f 935/383/909 773/384/908 772/62/215 936/61/214
f 949/125/289 786/106/223 788/395/910 947/207/911
f 947/383/911 788/394/910 787/62/490 948/61/489
f 922/53/61 777/52/60 779/172/912 920/171/913
f 920/383/913 779/384/912 778/62/494 921/61/493
f 943/96/194 774/76/126 776/197/914 941/178/915
f 941/383/915 776/384/914 775/62/499 942/61/498
f 774/76/126 934/75/125 933/209/916 776/396/914
f 776/384/914 933/389/916 684/222/501 775/62/499
f 771/90/175 940/89/174 939/215/917 773/397/908
f 773/398/908 939/389/917 699/222/486 772/62/215
f 786/106/223 946/105/222 945/163/918 788/221/910
f 788/384/910 945/389/918 714/222/492 787/62/490
f 783/120/270 955/119/269 954/175/919 785/174/906
f 785/384/906 954/389/919 729/222/479 784/62/314
f 780/134/322 958/133/321 957/185/920 782/399/904
f 782/384/904 957/389/920 744/222/507 781/62/505
f 777/52/60 961/146/368 960/193/921 779/400/912
f 779/401/912 960/389/921 759/222/495 778/62/494
f 646/47/52 660/48/53 28/14/28 11/27/36
f 7/23/29 18/3/3 790/402/515 789/319/617
f 16/25/31 19/24/30 792/258/608 791/403/607
f 19/24/30 9/17/22 793/320/618 792/258/608
f 18/3/3 14/2/2 794/404/511 790/402/515
f 14/2/2 15/21/26 795/404/14 794/404/511
f 17/26/35 16/25/31 791/403/607 796/403/58
f 26/405/21 7/23/29 789/319/617 797/321/619
f 9/17/22 26/405/21 797/321/619 793/320/618
f 36/59/84 47/49/56 799/402/525 798/244/531
f 45/25/86 48/60/85 801/258/513 800/403/512
f 48/60/85 38/58/77 802/232/519 801/258/513
f 47/49/56 43/2/55 803/404/523 799/402/525
f 43/2/55 44/21/81 804/404/67 803/404/523
f 46/26/92 45/25/86 800/403/512 805/403/401
f 54/406/76 36/59/84 798/244/531 806/233/520
f 38/58/77 54/406/76 806/233/520 802/232/519
f 64/78/141 77/72/113 808/402/551 807/257/556
f 73/25/143 78/79/142 810/258/526 809/403/521
f 78/79/142 66/77/134 811/243/530 810/258/526
f 77/72/113 71/2/112 812/404/547 808/402/551
f 71/2/112 72/21/138 813/404/124 812/404/547
f 74/26/118 73/25/143 809/403/521 814/403/404
f 84/407/133 64/78/141 807/257/556 815/256/555
f 66/77/134 84/407/133 815/256/555 811/243/530
f 94/92/189 105/86/164 817/402/564 816/270/568
f 103/25/191 106/93/190 819/258/549 818/403/548
f 106/93/190 96/94/183 820/259/557 819/258/549
f 105/86/164 101/2/163 821/404/560 817/402/564
f 101/2/163 102/21/187 822/404/173 821/404/560
f 104/26/167 103/25/191 818/403/548 823/403/193
f 112/408/182 94/92/189 816/270/568 824/260/558
f 96/94/183 112/408/182 824/260/558 820/259/557
f 122/108/237 133/102/210 826/402/574 825/280/578
f 131/25/239 134/109/238 828/258/562 827/403/561
f 134/109/238 124/110/231 829/281/579 828/258/562
f 133/102/210 129/2/209 830/404/570 826/402/574
f 129/2/209 130/21/235 831/404/221 830/404/570
f 132/26/243 131/25/239 827/403/561 832/403/241
f 140/409/230 122/108/237 825/280/578 833/282/580
f 124/110/231 140/409/230 833/282/580 829/281/579
f 150/122/284 161/116/259 835/402/586 834/292/590
f 159/25/286 162/123/285 837/258/572 836/403/571
f 162/123/285 152/121/278 838/294/592 837/258/572
f 161/116/259 157/2/258 839/404/582 835/402/586
f 157/2/258 158/21/282 840/404/268 839/404/582
f 160/26/262 159/25/286 836/403/571 841/403/288
f 168/410/277 150/122/284 834/292/590 842/293/591
f 152/121/278 168/410/277 842/293/591 838/294/592
f 178/136/336 189/130/309 844/402/598 843/304/602
f 187/25/338 190/137/337 846/258/584 845/403/583
f 190/137/337 180/138/330 847/306/604 846/258/584
f 189/130/309 185/129/308 848/404/594 844/402/598
f 185/129/308 186/21/334 849/404/320 848/404/594
f 188/26/342 187/25/338 845/403/583 850/403/340
f 196/411/329 178/136/336 843/304/602 851/305/603
f 180/138/330 196/411/329 851/305/603 847/306/604
f 205/148/382 216/144/362 853/402/610 852/316/614
f 214/25/384 217/149/383 855/258/596 854/403/595
f 217/149/383 207/147/376 856/318/616 855/258/596
f 216/144/362 212/2/361 857/404/606 853/402/610
f 212/2/361 213/21/380 858/404/367 857/404/606
f 215/26/365 214/25/384 854/403/595 859/403/386
f 222/412/375 205/148/382 852/316/614 860/317/615
f 207/147/376 222/412/375 860/317/615 856/318/616
f 502/44/49 504/45/50 862/342/787 861/341/786
f 514/323/623 516/322/620 864/345/792 863/153/653
f 504/45/50 519/158/624 865/348/43 862/342/787
f 516/322/620 502/44/49 861/341/786 864/345/792
f 523/44/108 525/45/109 867/342/797 866/341/796
f 535/323/629 537/322/626 869/345/802 868/153/654
f 537/322/626 523/44/108 866/341/796 869/345/802
f 541/44/160 543/45/161 871/342/806 870/341/805
f 553/323/633 555/322/630 873/345/811 872/153/655
f 555/322/630 541/44/160 870/341/805 873/345/811
f 559/44/204 561/45/206 875/342/815 874/341/814
f 571/323/637 573/322/634 877/345/820 876/153/656
f 573/322/634 559/44/204 874/341/814 877/345/820
f 577/44/253 579/45/255 879/342/824 878/341/823
f 589/323/641 591/322/638 881/345/829 880/153/657
f 579/45/255 568/158/535 882/348/636 879/342/824
f 591/322/638 577/44/253 878/341/823 881/345/829
f 595/44/303 597/45/305 884/342/833 883/341/832
f 607/323/645 609/322/642 886/345/838 885/153/658
f 597/45/305 586/158/538 887/348/640 884/342/833
f 609/322/642 595/44/303 883/341/832 886/345/838
f 613/44/356 615/45/358 889/342/842 888/341/841
f 625/323/649 627/322/646 891/345/847 890/153/659
f 631/246/542 622/158/544 893/348/648 892/342/850
f 615/45/358 604/158/540 894/348/644 889/342/842
f 627/322/646 613/44/356 888/341/841 891/345/847
f 634/44/650 631/246/542 892/342/850 895/341/852
f 637/323/651 639/322/652 897/345/854 896/153/391
f 639/322/652 634/44/650 895/341/852 897/345/854
f 525/45/109 511/158/400 898/348/622 867/342/797
f 543/45/161 532/158/403 899/348/628 871/342/806
f 561/45/206 550/158/533 900/348/632 875/342/815
f 519/158/624 901/9/34 23/413/44 865/348/43
f 511/158/400 902/9/12 20/413/89 898/348/622
f 903/28/37 514/323/623 863/153/653 24/154/481
f 532/158/403 904/9/65 49/413/508 899/348/628
f 905/28/94 535/323/629 868/153/654 52/154/472
f 550/158/533 906/9/532 79/413/497 900/348/632
f 907/28/146 553/323/633 872/153/655 82/154/500
f 568/158/535 908/9/484 107/413/213 882/348/636
f 909/28/195 571/323/637 876/153/656 110/154/485
f 586/158/538 910/9/537 135/413/488 887/348/640
f 911/28/244 589/323/641 880/153/657 138/154/491
f 604/158/540 912/9/477 163/413/312 894/348/644
f 913/28/290 607/323/645 885/153/658 166/154/478
f 622/158/544 914/9/543 191/413/503 893/348/648
f 915/28/343 625/323/649 890/153/659 194/154/506
f 916/28/388 637/323/651 896/153/391 220/154/392
f 654/8/11 656/386/901 918/414/860 917/415/90
f 656/386/901 655/46/480 919/416/402 918/414/860
f 658/8/33 659/386/863 920/414/913 921/415/493
f 659/386/863 657/46/51 922/416/61 920/414/913
f 653/387/864 923/29/38 651/222/482 924/417/902
f 652/20/25 653/387/864 924/417/902 925/418/15
f 672/8/64 674/386/875 927/414/867 926/415/509
f 674/386/875 673/46/115 928/416/405 927/414/867
f 671/387/869 929/29/95 669/222/475 930/417/903
f 670/20/80 671/387/869 930/417/903 931/418/68
f 686/387/873 932/29/147 684/222/501 933/417/916
f 685/20/137 686/387/873 933/417/916 934/418/125
f 703/8/483 704/386/879 935/414/909 936/415/214
f 704/386/879 702/46/536 937/416/242 935/414/909
f 701/387/880 938/29/196 699/222/486 939/417/917
f 700/20/186 701/387/880 939/417/917 940/418/174
f 688/8/534 689/386/882 941/414/915 942/415/498
f 689/386/882 687/46/166 943/416/194 941/414/915
f 716/387/885 944/29/245 714/222/492 945/417/918
f 715/20/234 716/387/885 945/417/918 946/418/222
f 718/245/539 719/386/887 947/414/911 948/415/489
f 719/386/887 717/46/261 949/416/289 947/414/911
f 733/8/476 734/386/891 950/414/907 951/415/313
f 734/386/891 732/46/541 952/416/341 950/414/907
f 731/387/892 953/29/291 729/222/479 954/417/919
f 730/20/281 731/387/892 954/417/919 955/418/269
f 746/387/895 956/29/344 744/222/507 957/417/920
f 745/20/333 746/387/895 957/417/920 958/418/321
f 761/387/898 959/29/389 759/222/495 960/417/921
f 760/20/379 761/387/898 960/417/921 961/418/368
f 748/245/545 749/386/900 962/414/905 963/415/504
f 749/386/900 747/46/364 964/416/387 962/414/905
f 657/46/51 17/26/35 796/403/58 922/416/61
f 901/9/34 658/8/33 921/415/493 23/413/44
f 15/21/26 652/20/25 925/418/15 795/404/14
f 923/29/38 903/28/37 24/154/481 651/222/482
f 655/46/480 46/26/92 805/403/401 919/416/402
f 902/9/12 654/8/11 917/415/90 20/413/89
f 44/21/81 670/20/80 931/418/68 804/404/67
f 929/29/95 905/28/94 52/154/472 669/222/475
f 673/46/115 74/26/118 814/403/404 928/416/405
f 904/9/65 672/8/64 926/415/509 49/413/508
f 72/21/138 685/20/137 934/418/125 813/404/124
f 932/29/147 907/28/146 82/154/500 684/222/501
f 906/9/532 688/8/534 942/415/498 79/413/497
f 687/46/166 104/26/167 823/403/193 943/416/194
f 102/21/187 700/20/186 940/418/174 822/404/173
f 938/29/196 909/28/195 110/154/485 699/222/486
f 702/46/536 132/26/243 832/403/241 937/416/242
f 908/9/484 703/8/483 936/415/214 107/413/213
f 130/21/235 715/20/234 946/418/222 831/404/221
f 944/29/245 911/28/244 138/154/491 714/222/492
f 910/9/537 718/245/539 948/415/489 135/413/488
f 717/46/261 160/26/262 841/403/288 949/416/289
f 158/21/282 730/20/281 955/418/269 840/404/268
f 953/29/291 913/28/290 166/154/478 729/222/479
f 732/46/541 188/26/342 850/403/340 952/416/341
f 912/9/477 733/8/476 951/415/313 163/413/312
f 186/21/334 745/20/333 958/418/321 849/404/320
f 956/29/344 915/28/343 194/154/506 744/222/507
f 914/9/543 748/245/545 963/415/504 191/413/503
f 747/46/364 215/26/365 859/403/386 964/416/387
f 213/21/380 760/20/379 961/418/368 858/404/367
f 959/29/389 916/28/388 220/154/392 759/222/495
f 255/200/448 1543/419/922 1547/420/923 256/213/462
f 233/202/450 1455/421/924 1459/422/925 234/215/464
f 242/203/452 1491/423/926 1495/424/927 243/217/466
f 251/205/454 1527/425/928 1531/426/929 252/219/468
f 260/207/456 1563/427/930 1567/428/931 261/221/470
f 238/209/458 1475/429/932 1479/430/933 239/167/410
f 247/211/460 1511/431/934 1515/432/935 248/171/414
f 256/213/462 1547/420/923 1551/433/936 257/174/418
f 234/215/464 1459/422/925 1463/434/937 235/177/422
f 243/217/466 1495/424/927 1499/435/938 244/181/426
f 252/219/468 1531/426/929 1535/436/939 253/184/430
f 261/221/470 1567/428/931 1571/164/407 262/163/406
f 239/167/410 1479/430/933 1483/437/940 240/168/411
f 248/171/414 1515/432/935 1519/438/941 249/172/415
f 257/174/418 1551/433/936 1555/439/942 258/175/419
f 235/177/422 1463/434/937 1467/440/943 236/178/423
f 244/181/426 1499/435/938 1503/441/944 245/182/427
f 253/184/430 1535/436/939 1539/442/945 254/185/431
f 240/168/411 1483/437/940 1487/443/946 241/192/438
f 249/172/415 1519/438/941 1523/444/947 250/193/440
f 258/175/419 1555/439/942 1559/445/948 259/195/442
f 236/178/423 1467/440/943 1471/446/949 237/197/444
f 245/182/427 1503/441/944 1507/447/950 246/198/446
f 254/185/431 1539/442/945 1543/419/922 255/200/448
f 231/187/409 1446/448/408 1451/449/951 232/188/434
f 232/188/434 1451/449/951 1455/421/924 233/202/450
f 241/192/438 1487/443/946 1491/423/926 242/203/452
f 250/193/440 1523/444/947 1527/425/928 251/205/454
f 259/195/442 1559/445/948 1563/427/930 260/207/456
f 237/197/444 1471/446/949 1475/429/932 238/209/458
f 246/198/446 1507/447/950 1511/431/934 247/211/460
f 1195/450/952 1199/451/953 1580/451/954 1577/450/955
f 1231/452/956 1235/453/957 1607/453/958 1604/452/959
f 1287/454/960 1291/455/961 1649/455/962 1646/454/963
f 1235/453/957 1239/456/964 1610/456/965 1607/453/958
f 1291/455/961 1295/457/966 1652/457/967 1649/455/962
f 1239/456/964 1243/458/968 1613/458/969 1610/456/965
f 1295/457/966 1299/459/970 1655/459/971 1652/457/967
f 1243/458/968 1247/460/972 1616/460/973 1613/458/969
f 1299/459/970 1303/461/974 1658/461/975 1655/459/971
f 1247/460/972 1251/462/976 1619/462/977 1616/460/973
f 1303/461/974 1307/463/978 1661/463/979 1658/461/975
f 965/464/980 970/450/981 1322/450/982 1319/464/983
f 1251/462/976 1255/465/984 1622/465/985 1619/462/977
f 1307/463/978 1311/466/986 1664/466/987 1661/463/979
f 1255/465/984 1259/467/988 1625/467/989 1622/465/985
f 1203/468/990 1207/469/991 1586/469/992 1583/468/993
f 1311/466/986 1315/470/994 1667/470/995 1664/466/987
f 1259/467/988 1263/14/996 1628/14/997 1625/467/989
f 1207/469/991 1211/471/998 1589/471/999 1586/469/992
f 1315/470/994 1190/472/1000 1574/472/1001 1667/470/995
f 1263/14/996 1267/473/1002 1631/473/1003 1628/14/997
f 1211/471/998 1215/474/1004 1592/474/1005 1589/471/999
f 1267/473/1002 1271/475/1006 1634/475/1007 1631/473/1003
f 1215/474/1004 1219/476/1008 1595/476/1009 1592/474/1005
f 1199/451/953 1203/468/990 1583/468/993 1580/451/954
f 1271/475/1006 1275/477/1010 1637/477/1011 1634/475/1007
f 1219/476/1008 1223/478/1012 1598/478/1013 1595/476/1009
f 1275/477/1010 1279/479/1014 1640/479/1015 1637/477/1011
f 1223/478/1012 1227/480/1016 1601/480/1017 1598/478/1013
f 1279/479/1014 1283/481/1018 1643/481/1019 1640/479/1015
f 1227/480/1016 1231/452/956 1604/452/959 1601/480/1017
f 1242/458/1020 1238/456/1021 1367/456/1022 1371/458/1023
f 1298/459/1024 1294/457/1025 1423/457/1026 1427/459/1027
f 1246/460/1028 1242/458/1020 1371/458/1023 1375/460/1029
f 1302/461/1030 1298/459/1024 1427/459/1027 1431/461/1031
f 1250/462/1032 1246/460/1028 1375/460/1029 1379/462/1033
f 1191/472/1034 1314/470/1035 1443/470/1036 1318/472/1037
f 1306/463/1038 1302/461/1030 1431/461/1031 1435/463/1039
f 1254/465/1040 1250/462/1032 1379/462/1033 1383/465/1041
f 1202/468/1042 1198/451/1043 1327/451/1044 1331/468/1045
f 1310/466/1046 1306/463/1038 1435/463/1039 1439/466/1047
f 1258/467/1048 1254/465/1040 1383/465/1041 1387/467/1049
f 1206/469/1050 1202/468/1042 1331/468/1045 1335/469/1051
f 1314/470/1035 1310/466/1046 1439/466/1047 1443/470/1036
f 1262/14/1052 1258/467/1048 1387/467/1049 1391/14/1053
f 1210/471/1054 1206/469/1050 1335/469/1051 1339/471/1055
f 970/450/981 974/451/1056 1326/451/1057 1322/450/982
f 1266/473/1058 1262/14/1052 1391/14/1053 1395/473/1059
f 1214/474/1060 1210/471/1054 1339/471/1055 1343/474/1061
f 1198/451/1043 1194/450/1062 1323/450/1063 1327/451/1044
f 1270/475/1064 1266/473/1058 1395/473/1059 1399/475/1065
f 1218/476/1066 1214/474/1060 1343/474/1061 1347/476/1067
f 1274/477/1068 1270/475/1064 1399/475/1065 1403/477/1069
f 1222/478/1070 1218/476/1066 1347/476/1067 1351/478/1071
f 1278/479/1072 1274/477/1068 1403/477/1069 1407/479/1073
f 1226/480/1074 1222/478/1070 1351/478/1071 1355/480/1075
f 1282/481/1076 1278/479/1072 1407/479/1073 1411/481/1077
f 1230/452/1078 1226/480/1074 1355/480/1075 1359/452/1079
f 1286/454/1080 1282/481/1076 1411/481/1077 1415/454/1081
f 1234/453/1082 1230/452/1078 1359/452/1079 1363/453/1083
f 1290/455/1084 1286/454/1080 1415/454/1081 1419/455/1085
f 1238/456/1021 1234/453/1082 1363/453/1083 1367/456/1022
f 1294/457/1025 1290/455/1084 1419/455/1085 1423/457/1026
f 1042/473/1086 1046/475/1087 1398/475/1088 1394/473/1089
f 990/474/1090 994/476/1091 1346/476/1092 1342/474/1093
f 974/451/1056 978/468/1094 1330/468/1095 1326/451/1057
f 1046/475/1087 1050/477/1096 1402/477/1097 1398/475/1088
f 994/476/1091 998/478/1098 1350/478/1099 1346/476/1092
f 1050/477/1096 1054/479/1100 1406/479/1101 1402/477/1097
f 998/478/1098 1002/480/1102 1354/480/1103 1350/478/1099
f 1054/479/1100 1058/481/1104 1410/481/1105 1406/479/1101
f 1002/480/1102 1006/452/1106 1358/452/1107 1354/480/1103
f 1058/481/1104 1062/454/1108 1414/454/1109 1410/481/1105
f 1006/452/1106 1010/453/1110 1362/453/1111 1358/452/1107
f 1062/454/1108 1066/455/1112 1418/455/1113 1414/454/1109
f 1010/453/1110 1014/456/1114 1366/456/1115 1362/453/1111
f 1066/455/1112 1070/457/1116 1422/457/1117 1418/455/1113
f 1014/456/1114 1018/458/1118 1370/458/1119 1366/456/1115
f 1070/457/1116 1074/459/1120 1426/459/1121 1422/457/1117
f 1018/458/1118 1022/460/1122 1374/460/1123 1370/458/1119
f 1074/459/1120 1078/461/1124 1430/461/1125 1426/459/1121
f 1022/460/1122 1026/462/1126 1378/462/1127 1374/460/1123
f 1078/461/1124 1082/463/1128 1434/463/1129 1430/461/1125
f 1026/462/1126 1030/465/1130 1382/465/1131 1378/462/1127
f 966/482/1132 1127/483/1133 1188/484/1134
f 1082/463/1128 1086/466/1135 1438/466/1136 1434/463/1129
f 1030/465/1130 1034/467/1137 1386/467/1138 1382/465/1131
f 978/468/1094 982/469/1139 1334/469/1140 1330/468/1095
f 1086/466/1135 1090/470/1141 1442/470/1142 1438/466/1136
f 1034/467/1137 1038/14/1143 1390/14/1144 1386/467/1138
f 982/469/1139 986/471/1145 1338/471/1146 1334/469/1140
f 1090/470/1141 965/472/980 1319/472/983 1442/470/1142
f 1038/14/1143 1042/473/1086 1394/473/1089 1390/14/1144
f 986/471/1145 990/474/1090 1342/474/1093 1338/471/1146
f 970/450/981 965/464/980 967/485/1147 973/486/1148
f 973/486/1148 967/485/1147 968/487/1149 972/488/1150
f 972/489/1150 968/490/1149 969/491/1151 971/492/1152
f 971/492/1152 969/491/1151 1094/493/1153 1095/494/1154
f 974/451/1056 970/450/981 973/495/1148 977/451/1155
f 977/451/1155 973/495/1148 972/496/1150 976/451/1156
f 976/451/1156 972/496/1150 971/492/1152 975/497/1157
f 975/497/1157 971/492/1152 1095/494/1154 1096/498/1158
f 978/468/1094 974/451/1056 977/451/1155 981/468/1159
f 981/468/1159 977/451/1155 976/451/1156 980/468/1160
f 980/468/1160 976/451/1156 975/497/1157 979/499/1161
f 979/499/1161 975/497/1157 1096/498/1158 1097/500/1162
f 982/469/1139 978/468/1094 981/468/1159 985/469/1163
f 985/469/1163 981/468/1159 980/468/1160 984/469/1164
f 984/469/1164 980/468/1160 979/499/1161 983/501/1165
f 983/501/1165 979/499/1161 1097/500/1162 1098/502/1166
f 986/471/1145 982/469/1139 985/469/1163 989/471/1167
f 989/471/1167 985/469/1163 984/469/1164 988/471/1168
f 988/471/1168 984/469/1164 983/501/1165 987/503/1169
f 987/503/1169 983/501/1165 1098/502/1166 1099/504/1170
f 990/474/1090 986/471/1145 989/471/1167 993/474/1171
f 993/474/1171 989/471/1167 988/471/1168 992/474/1172
f 992/474/1172 988/471/1168 987/503/1169 991/505/1173
f 991/505/1173 987/503/1169 1099/504/1170 1100/506/1174
f 994/476/1091 990/474/1090 993/474/1171 997/476/1175
f 997/476/1175 993/474/1171 992/474/1172 996/476/1176
f 996/476/1176 992/474/1172 991/505/1173 995/507/1177
f 995/507/1177 991/505/1173 1100/506/1174 1101/508/1178
f 998/478/1098 994/476/1091 997/476/1175 1001/478/1179
f 1001/478/1179 997/476/1175 996/476/1176 1000/478/1180
f 1000/478/1180 996/476/1176 995/507/1177 999/509/1181
f 999/509/1181 995/507/1177 1101/508/1178 1102/510/1182
f 1002/480/1102 998/478/1098 1001/478/1179 1005/480/1183
f 1005/480/1183 1001/478/1179 1000/478/1180 1004/480/1184
f 1004/480/1184 1000/478/1180 999/509/1181 1003/511/1185
f 1003/511/1185 999/509/1181 1102/510/1182 1103/512/1186
f 1006/452/1106 1002/480/1102 1005/480/1183 1009/452/1187
f 1009/452/1187 1005/480/1183 1004/480/1184 1008/452/1188
f 1008/452/1188 1004/480/1184 1003/511/1185 1007/513/1189
f 1007/513/1189 1003/511/1185 1103/512/1186 1104/514/1190
f 1010/453/1110 1006/452/1106 1009/452/1187 1013/453/1191
f 1013/453/1191 1009/452/1187 1008/452/1188 1012/453/1192
f 1012/453/1192 1008/452/1188 1007/513/1189 1011/515/1193
f 1011/515/1193 1007/513/1189 1104/514/1190 1105/516/1194
f 1014/456/1114 1010/453/1110 1013/453/1191 1017/456/1195
f 1017/456/1195 1013/453/1191 1012/453/1192 1016/456/1196
f 1016/456/1196 1012/453/1192 1011/515/1193 1015/517/1197
f 1015/517/1197 1011/515/1193 1105/516/1194 1106/518/1198
f 1018/458/1118 1014/456/1114 1017/456/1195 1021/458/1199
f 1021/458/1199 1017/456/1195 1016/456/1196 1020/458/1200
f 1020/458/1200 1016/456/1196 1015/517/1197 1019/519/1201
f 1019/519/1201 1015/517/1197 1106/518/1198 1107/520/1202
f 1022/460/1122 1018/458/1118 1021/458/1199 1025/460/1203
f 1025/460/1203 1021/458/1199 1020/458/1200 1024/460/1204
f 1024/460/1204 1020/458/1200 1019/519/1201 1023/521/1205
f 1023/521/1205 1019/519/1201 1107/520/1202 1108/522/1206
f 1026/462/1126 1022/460/1122 1025/460/1203 1029/462/1207
f 1029/462/1207 1025/460/1203 1024/460/1204 1028/462/1208
f 1028/462/1208 1024/460/1204 1023/521/1205 1027/523/1209
f 1027/523/1209 1023/521/1205 1108/522/1206 1109/524/1210
f 1030/465/1130 1026/462/1126 1029/462/1207 1033/465/1211
f 1033/465/1211 1029/462/1207 1028/462/1208 1032/465/1212
f 1032/465/1212 1028/462/1208 1027/523/1209 1031/525/1213
f 1031/525/1213 1027/523/1209 1109/524/1210 1110/526/1214
f 1034/467/1137 1030/465/1130 1033/465/1211 1037/467/1215
f 1037/467/1215 1033/465/1211 1032/465/1212 1036/467/1216
f 1036/467/1216 1032/465/1212 1031/525/1213 1035/527/1217
f 1035/527/1217 1031/525/1213 1110/526/1214 1111/528/1218
f 1038/14/1143 1034/467/1137 1037/467/1215 1041/14/1219
f 1041/14/1219 1037/467/1215 1036/467/1216 1040/14/1220
f 1040/14/1220 1036/467/1216 1035/527/1217 1039/529/1221
f 1039/529/1221 1035/527/1217 1111/528/1218 1112/530/1222
f 1042/473/1086 1038/14/1143 1041/14/1219 1045/473/1223
f 1045/473/1223 1041/14/1219 1040/14/1220 1044/473/1224
f 1044/473/1224 1040/14/1220 1039/529/1221 1043/531/1225
f 1043/531/1225 1039/529/1221 1112/530/1222 1113/532/1226
f 1046/475/1087 1042/473/1086 1045/473/1223 1049/475/1227
f 1049/475/1227 1045/473/1223 1044/473/1224 1048/475/1228
f 1048/475/1228 1044/473/1224 1043/531/1225 1047/533/1229
f 1047/533/1229 1043/531/1225 1113/532/1226 1114/534/1230
f 1050/477/1096 1046/475/1087 1049/475/1227 1053/477/1231
f 1053/477/1231 1049/475/1227 1048/475/1228 1052/477/1232
f 1052/477/1232 1048/475/1228 1047/533/1229 1051/535/1233
f 1051/535/1233 1047/533/1229 1114/534/1230 1115/536/1234
f 1054/479/1100 1050/477/1096 1053/477/1231 1057/479/1235
f 1057/479/1235 1053/477/1231 1052/477/1232 1056/479/1236
f 1056/479/1236 1052/477/1232 1051/535/1233 1055/537/1237
f 1055/537/1237 1051/535/1233 1115/536/1234 1116/538/1238
f 1058/481/1104 1054/479/1100 1057/479/1235 1061/481/1239
f 1061/481/1239 1057/479/1235 1056/479/1236 1060/481/1240
f 1060/481/1240 1056/479/1236 1055/537/1237 1059/539/1241
f 1059/539/1241 1055/537/1237 1116/538/1238 1117/540/1242
f 1062/454/1108 1058/481/1104 1061/481/1239 1065/454/1243
f 1065/454/1243 1061/481/1239 1060/481/1240 1064/454/1244
f 1064/454/1244 1060/481/1240 1059/539/1241 1063/541/1245
f 1063/541/1245 1059/539/1241 1117/540/1242 1118/542/1246
f 1066/455/1112 1062/454/1108 1065/454/1243 1069/455/1247
f 1069/455/1247 1065/454/1243 1064/454/1244 1068/455/1248
f 1068/455/1248 1064/454/1244 1063/541/1245 1067/543/1249
f 1067/543/1249 1063/541/1245 1118/542/1246 1119/544/1250
f 1070/457/1116 1066/455/1112 1069/455/1247 1073/457/1251
f 1073/457/1251 1069/455/1247 1068/455/1248 1072/457/1252
f 1072/457/1252 1068/455/1248 1067/543/1249 1071/545/1253
f 1071/545/1253 1067/543/1249 1119/544/1250 1120/546/1254
f 1074/459/1120 1070/457/1116 1073/457/1251 1077/459/1255
f 1077/459/1255 1073/457/1251 1072/457/1252 1076/459/1256
f 1076/459/1256 1072/457/1252 1071/545/1253 1075/547/1257
f 1075/547/1257 1071/545/1253 1120/546/1254 1121/548/1258
f 1078/461/1124 1074/459/1120 1077/459/1255 1081/461/1259
f 1081/461/1259 1077/459/1255 1076/459/1256 1080/461/1260
f 1080/461/1260 1076/459/1256 1075/547/1257 1079/549/1261
f 1079/549/1261 1075/547/1257 1121/548/1258 1122/550/1262
f 1082/463/1128 1078/461/1124 1081/461/1259 1085/463/1263
f 1085/463/1263 1081/461/1259 1080/461/1260 1084/463/1264
f 1084/463/1264 1080/461/1260 1079/549/1261 1083/551/1265
f 1083/551/1265 1079/549/1261 1122/550/1262 1123/552/1266
f 1086/466/1135 1082/463/1128 1085/463/1263 1089/466/1267
f 1089/466/1267 1085/463/1263 1084/463/1264 1088/466/1268
f 1088/466/1268 1084/463/1264 1083/551/1265 1087/553/1269
f 1087/553/1269 1083/551/1265 1123/552/1266 1124/554/1270
f 1090/470/1141 1086/466/1135 1089/466/1267 1093/470/1271
f 1093/470/1271 1089/466/1267 1088/466/1268 1092/470/1272
f 1092/470/1272 1088/466/1268 1087/553/1269 1091/555/1273
f 1091/555/1273 1087/553/1269 1124/554/1270 1125/556/1274
f 965/472/980 1090/470/1141 1093/470/1271 967/557/1147
f 967/557/1147 1093/470/1271 1092/470/1272 968/558/1149
f 968/558/1149 1092/470/1272 1091/555/1273 969/491/1151
f 969/491/1151 1091/555/1273 1125/556/1274 1094/493/1153
f 1126/559/1275 1129/560/1276 1095/494/1154 1094/493/1153
f 1129/560/1276 1131/561/1277 1096/498/1158 1095/494/1154
f 1131/561/1277 1133/562/1278 1097/500/1162 1096/498/1158
f 1133/562/1278 1135/563/1279 1098/502/1166 1097/500/1162
f 1135/563/1279 1137/564/1280 1099/504/1170 1098/502/1166
f 1137/564/1280 1139/565/1281 1100/506/1174 1099/504/1170
f 1139/565/1281 1141/566/1282 1101/508/1178 1100/506/1174
f 1141/566/1282 1143/567/1283 1102/510/1182 1101/508/1178
f 1143/567/1283 1145/568/1284 1103/512/1186 1102/510/1182
f 1145/568/1284 1147/569/1285 1104/514/1190 1103/512/1186
f 1147/569/1285 1149/570/1286 1105/516/1194 1104/514/1190
f 1149/570/1286 1151/571/1287 1106/518/1198 1105/516/1194
f 1151/571/1287 1153/572/1288 1107/520/1202 1106/518/1198
f 1153/572/1288 1155/573/1289 1108/522/1206 1107/520/1202
f 1155/573/1289 1157/574/1290 1109/524/1210 1108/522/1206
f 1157/574/1290 1159/575/1291 1110/526/1214 1109/524/1210
f 1159/575/1291 1161/576/1292 1111/528/1218 1110/526/1214
f 1161/576/1292 1163/577/1293 1112/530/1222 1111/528/1218
f 1163/577/1293 1165/578/1294 1113/532/1226 1112/530/1222
f 1165/578/1294 1167/579/1295 1114/534/1230 1113/532/1226
f 1167/579/1295 1169/580/1296 1115/536/1234 1114/534/1230
f 1169/580/1296 1171/581/1297 1116/538/1238 1115/536/1234
f 1171/581/1297 1173/582/1298 1117/540/1242 1116/538/1238
f 1173/582/1298 1175/583/1299 1118/542/1246 1117/540/1242
f 1175/583/1299 1177/584/1300 1119/544/1250 1118/542/1246
f 1177/584/1300 1179/585/1301 1120/546/1254 1119/544/1250
f 1179/585/1301 1181/586/1302 1121/548/1258 1120/546/1254
f 1181/586/1302 1183/587/1303 1122/550/1262 1121/548/1258
f 1183/587/1303 1185/588/1304 1123/552/1266 1122/550/1262
f 1185/588/1304 1187/589/1305 1124/554/1270 1123/552/1266
f 1187/589/1305 1189/590/1306 1125/556/1274 1124/554/1270
f 1189/590/1306 1126/559/1275 1094/493/1153 1125/556/1274
f 966/591/1132 1188/484/1134 1186/592/1307
f 1188/484/1134 1127/483/1133 1126/559/1275 1189/590/1306
f 966/593/1132 1186/592/1307 1184/594/1308
f 1186/592/1307 1188/484/1134 1189/590/1306 1187/589/1305
f 966/595/1132 1184/594/1308 1182/596/1309
f 1184/594/1308 1186/592/1307 1187/589/1305 1185/588/1304
f 966/597/1132 1182/596/1309 1180/598/1310
f 1182/596/1309 1184/594/1308 1185/588/1304 1183/587/1303
f 966/599/1132 1180/598/1310 1178/600/1311
f 1180/598/1310 1182/596/1309 1183/587/1303 1181/586/1302
f 966/601/1132 1178/600/1311 1176/602/1312
f 1178/600/1311 1180/598/1310 1181/586/1302 1179/585/1301
f 966/603/1132 1176/602/1312 1174/604/1313
f 1176/602/1312 1178/600/1311 1179/585/1301 1177/584/1300
f 966/605/1132 1174/604/1313 1172/606/1314
f 1174/604/1313 1176/602/1312 1177/584/1300 1175/583/1299
f 966/607/1132 1172/606/1314 1170/608/1315
f 1172/606/1314 1174/604/1313 1175/583/1299 1173/582/1298
f 966/609/1132 1170/608/1315 1168/610/1316
f 1170/608/1315 1172/606/1314 1173/582/1298 1171/581/1297
f 966/611/1132 1168/610/1316 1166/612/1317
f 1168/610/1316 1170/608/1315 1171/581/1297 1169/580/1296
f 966/613/1132 1166/612/1317 1164/614/1318
f 1166/612/1317 1168/610/1316 1169/580/1296 1167/579/1295
f 966/615/1132 1164/614/1318 1162/616/1319
f 1164/614/1318 1166/612/1317 1167/579/1295 1165/578/1294
f 966/617/1132 1162/616/1319 1160/618/1320
f 1162/616/1319 1164/614/1318 1165/578/1294 1163/577/1293
f 966/619/1132 1160/618/1320 1158/620/1321
f 1160/618/1320 1162/616/1319 1163/577/1293 1161/576/1292
f 966/621/1132 1158/620/1321 1156/622/1322
f 1158/620/1321 1160/618/1320 1161/576/1292 1159/575/1291
f 966/623/1132 1156/622/1322 1154/624/1323
f 1156/622/1322 1158/620/1321 1159/575/1291 1157/574/1290
f 966/625/1132 1154/624/1323 1152/626/1324
f 1154/624/1323 1156/622/1322 1157/574/1290 1155/573/1289
f 966/627/1132 1152/626/1324 1150/628/1325
f 1152/626/1324 1154/624/1323 1155/573/1289 1153/572/1288
f 966/629/1132 1150/628/1325 1148/630/1326
f 1150/628/1325 1152/626/1324 1153/572/1288 1151/571/1287
f 966/631/1132 1148/630/1326 1146/632/1327
f 1148/630/1326 1150/628/1325 1151/571/1287 1149/570/1286
f 966/633/1132 1146/632/1327 1144/634/1328
f 1146/632/1327 1148/630/1326 1149/570/1286 1147/569/1285
f 966/635/1132 1144/634/1328 1142/636/1329
f 1144/634/1328 1146/632/1327 1147/569/1285 1145/568/1284
f 966/637/1132 1142/636/1329 1140/638/1330
f 1142/636/1329 1144/634/1328 1145/568/1284 1143/567/1283
f 966/639/1132 1140/638/1330 1138/640/1331
f 1140/638/1330 1142/636/1329 1143/567/1283 1141/566/1282
f 966/641/1132 1138/640/1331 1136/642/1332
f 1138/640/1331 1140/638/1330 1141/566/1282 1139/565/1281
f 966/643/1132 1136/642/1332 1134/644/1333
f 1136/642/1332 1138/640/1331 1139/565/1281 1137/564/1280
f 966/645/1132 1134/644/1333 1132/646/1334
f 1134/644/1333 1136/642/1332 1137/564/1280 1135/563/1279
f 966/647/1132 1132/646/1334 1130/648/1335
f 1132/646/1334 1134/644/1333 1135/563/1279 1133/562/1278
f 966/649/1132 1130/648/1335 1128/650/1336
f 1130/648/1335 1132/646/1334 1133/562/1278 1131/561/1277
f 966/651/1132 1128/650/1336 1127/483/1133
f 1128/650/1336 1130/648/1335 1131/561/1277 1129/560/1276
f 1127/483/1133 1128/650/1336 1129/560/1276 1126/559/1275
f 1195/450/952 1190/464/1000 1192/652/1337 1197/450/1338
f 1197/450/1338 1192/652/1337 1193/652/1339 1196/450/1340
f 1196/450/1340 1193/652/1339 1191/464/1034 1194/450/1062
f 1199/451/953 1195/450/952 1197/450/1338 1201/451/1341
f 1201/451/1341 1197/450/1338 1196/450/1340 1200/451/1342
f 1200/451/1342 1196/450/1340 1194/450/1062 1198/451/1043
f 1203/468/990 1199/451/953 1201/451/1341 1205/468/1343
f 1205/468/1343 1201/451/1341 1200/451/1342 1204/468/1344
f 1204/468/1344 1200/451/1342 1198/451/1043 1202/468/1042
f 1207/469/991 1203/468/990 1205/468/1343 1209/469/1345
f 1209/469/1345 1205/468/1343 1204/468/1344 1208/469/1346
f 1208/469/1346 1204/468/1344 1202/468/1042 1206/469/1050
f 1211/471/998 1207/469/991 1209/469/1345 1213/471/1347
f 1213/471/1347 1209/469/1345 1208/469/1346 1212/471/1348
f 1212/471/1348 1208/469/1346 1206/469/1050 1210/471/1054
f 1215/474/1004 1211/471/998 1213/471/1347 1217/474/1349
f 1217/474/1349 1213/471/1347 1212/471/1348 1216/474/1350
f 1216/474/1350 1212/471/1348 1210/471/1054 1214/474/1060
f 1219/476/1008 1215/474/1004 1217/474/1349 1221/476/1351
f 1221/476/1351 1217/474/1349 1216/474/1350 1220/476/1352
f 1220/476/1352 1216/474/1350 1214/474/1060 1218/476/1066
f 1223/478/1012 1219/476/1008 1221/476/1351 1225/478/1353
f 1225/478/1353 1221/476/1351 1220/476/1352 1224/478/1354
f 1224/478/1354 1220/476/1352 1218/476/1066 1222/478/1070
f 1227/480/1016 1223/478/1012 1225/478/1353 1229/480/1355
f 1229/480/1355 1225/478/1353 1224/478/1354 1228/480/1356
f 1228/480/1356 1224/478/1354 1222/478/1070 1226/480/1074
f 1231/452/956 1227/480/1016 1229/480/1355 1233/452/1357
f 1233/452/1357 1229/480/1355 1228/480/1356 1232/452/1358
f 1232/452/1358 1228/480/1356 1226/480/1074 1230/452/1078
f 1235/453/957 1231/452/956 1233/452/1357 1237/453/1359
f 1237/453/1359 1233/452/1357 1232/452/1358 1236/453/1360
f 1236/453/1360 1232/452/1358 1230/452/1078 1234/453/1082
f 1239/456/964 1235/453/957 1237/453/1359 1241/456/1361
f 1241/456/1361 1237/453/1359 1236/453/1360 1240/456/1362
f 1240/456/1362 1236/453/1360 1234/453/1082 1238/456/1021
f 1243/458/968 1239/456/964 1241/456/1361 1245/458/1363
f 1245/458/1363 1241/456/1361 1240/456/1362 1244/458/1364
f 1244/458/1364 1240/456/1362 1238/456/1021 1242/458/1020
f 1247/460/972 1243/458/968 1245/458/1363 1249/460/1365
f 1249/460/1365 1245/458/1363 1244/458/1364 1248/460/1366
f 1248/460/1366 1244/458/1364 1242/458/1020 1246/460/1028
f 1251/462/976 1247/460/972 1249/460/1365 1253/462/1367
f 1253/462/1367 1249/460/1365 1248/460/1366 1252/462/1368
f 1252/462/1368 1248/460/1366 1246/460/1028 1250/462/1032
f 1255/465/984 1251/462/976 1253/462/1367 1257/465/1369
f 1257/465/1369 1253/462/1367 1252/462/1368 1256/465/1370
f 1256/465/1370 1252/462/1368 1250/462/1032 1254/465/1040
f 1259/467/988 1255/465/984 1257/465/1369 1261/467/1371
f 1261/467/1371 1257/465/1369 1256/465/1370 1260/467/1372
f 1260/467/1372 1256/465/1370 1254/465/1040 1258/467/1048
f 1263/14/996 1259/467/988 1261/467/1371 1265/14/1373
f 1265/14/1373 1261/467/1371 1260/467/1372 1264/14/1374
f 1264/14/1374 1260/467/1372 1258/467/1048 1262/14/1052
f 1267/473/1002 1263/14/996 1265/14/1373 1269/473/1375
f 1269/473/1375 1265/14/1373 1264/14/1374 1268/473/1376
f 1268/473/1376 1264/14/1374 1262/14/1052 1266/473/1058
f 1271/475/1006 1267/473/1002 1269/473/1375 1273/475/1377
f 1273/475/1377 1269/473/1375 1268/473/1376 1272/475/1378
f 1272/475/1378 1268/473/1376 1266/473/1058 1270/475/1064
f 1275/477/1010 1271/475/1006 1273/475/1377 1277/477/1379
f 1277/477/1379 1273/475/1377 1272/475/1378 1276/477/1380
f 1276/477/1380 1272/475/1378 1270/475/1064 1274/477/1068
f 1279/479/1014 1275/477/1010 1277/477/1379 1281/479/1381
f 1281/479/1381 1277/477/1379 1276/477/1380 1280/479/1382
f 1280/479/1382 1276/477/1380 1274/477/1068 1278/479/1072
f 1283/481/1018 1279/479/1014 1281/479/1381 1285/481/1383
f 1285/481/1383 1281/479/1381 1280/479/1382 1284/481/1384
f 1284/481/1384 1280/479/1382 1278/479/1072 1282/481/1076
f 1287/454/960 1283/481/1018 1285/481/1383 1289/454/1385
f 1289/454/1385 1285/481/1383 1284/481/1384 1288/454/1386
f 1288/454/1386 1284/481/1384 1282/481/1076 1286/454/1080
f 1291/455/961 1287/454/960 1289/454/1385 1293/455/1387
f 1293/455/1387 1289/454/1385 1288/454/1386 1292/455/1388
f 1292/455/1388 1288/454/1386 1286/454/1080 1290/455/1084
f 1295/457/966 1291/455/961 1293/455/1387 1297/457/1389
f 1297/457/1389 1293/455/1387 1292/455/1388 1296/457/1390
f 1296/457/1390 1292/455/1388 1290/455/1084 1294/457/1025
f 1299/459/970 1295/457/966 1297/457/1389 1301/459/1391
f 1301/459/1391 1297/457/1389 1296/457/1390 1300/459/1392
f 1300/459/1392 1296/457/1390 1294/457/1025 1298/459/1024
f 1303/461/974 1299/459/970 1301/459/1391 1305/461/1393
f 1305/461/1393 1301/459/1391 1300/459/1392 1304/461/1394
f 1304/461/1394 1300/459/1392 1298/459/1024 1302/461/1030
f 1307/463/978 1303/461/974 1305/461/1393 1309/463/1395
f 1309/463/1395 1305/461/1393 1304/461/1394 1308/463/1396
f 1308/463/1396 1304/461/1394 1302/461/1030 1306/463/1038
f 1311/466/986 1307/463/978 1309/463/1395 1313/466/1397
f 1313/466/1397 1309/463/1395 1308/463/1396 1312/466/1398
f 1312/466/1398 1308/463/1396 1306/463/1038 1310/466/1046
f 1315/470/994 1311/466/986 1313/466/1397 1317/470/1399
f 1317/470/1399 1313/466/1397 1312/466/1398 1316/470/1400
f 1316/470/1400 1312/466/1398 1310/466/1046 1314/470/1035
f 1190/472/1000 1315/470/994 1317/470/1399 1192/653/1337
f 1192/653/1337 1317/470/1399 1316/470/1400 1193/653/1339
f 1193/653/1339 1316/470/1400 1314/470/1035 1191/472/1034
f 1323/450/1063 1318/464/1037 1320/654/1401 1325/450/1402
f 1325/450/1402 1320/654/1401 1321/655/1403 1324/450/1404
f 1324/450/1404 1321/655/1403 1319/464/983 1322/450/982
f 1327/451/1044 1323/450/1063 1325/450/1402 1329/451/1405
f 1329/451/1405 1325/450/1402 1324/450/1404 1328/451/1406
f 1328/451/1406 1324/450/1404 1322/450/982 1326/451/1057
f 1331/468/1045 1327/451/1044 1329/451/1405 1333/468/1407
f 1333/468/1407 1329/451/1405 1328/451/1406 1332/468/1408
f 1332/468/1408 1328/451/1406 1326/451/1057 1330/468/1095
f 1335/469/1051 1331/468/1045 1333/468/1407 1337/469/1409
f 1337/469/1409 1333/468/1407 1332/468/1408 1336/469/1410
f 1336/469/1410 1332/468/1408 1330/468/1095 1334/469/1140
f 1339/471/1055 1335/469/1051 1337/469/1409 1341/471/1411
f 1341/471/1411 1337/469/1409 1336/469/1410 1340/471/1412
f 1340/471/1412 1336/469/1410 1334/469/1140 1338/471/1146
f 1343/474/1061 1339/471/1055 1341/471/1411 1345/474/1413
f 1345/474/1413 1341/471/1411 1340/471/1412 1344/474/1414
f 1344/474/1414 1340/471/1412 1338/471/1146 1342/474/1093
f 1347/476/1067 1343/474/1061 1345/474/1413 1349/476/1415
f 1349/476/1415 1345/474/1413 1344/474/1414 1348/476/1416
f 1348/476/1416 1344/474/1414 1342/474/1093 1346/476/1092
f 1351/478/1071 1347/476/1067 1349/476/1415 1353/478/1417
f 1353/478/1417 1349/476/1415 1348/476/1416 1352/478/1418
f 1352/478/1418 1348/476/1416 1346/476/1092 1350/478/1099
f 1355/480/1075 1351/478/1071 1353/478/1417 1357/480/1419
f 1357/480/1419 1353/478/1417 1352/478/1418 1356/480/1420
f 1356/480/1420 1352/478/1418 1350/478/1099 1354/480/1103
f 1359/452/1079 1355/480/1075 1357/480/1419 1361/452/1421
f 1361/452/1421 1357/480/1419 1356/480/1420 1360/452/1422
f 1360/452/1422 1356/480/1420 1354/480/1103 1358/452/1107
f 1363/453/1083 1359/452/1079 1361/452/1421 1365/453/1423
f 1365/453/1423 1361/452/1421 1360/452/1422 1364/453/1424
f 1364/453/1424 1360/452/1422 1358/452/1107 1362/453/1111
f 1367/456/1022 1363/453/1083 1365/453/1423 1369/456/1425
f 1369/456/1425 1365/453/1423 1364/453/1424 1368/456/1426
f 1368/456/1426 1364/453/1424 1362/453/1111 1366/456/1115
f 1371/458/1023 1367/456/1022 1369/456/1425 1373/458/1427
f 1373/458/1427 1369/456/1425 1368/456/1426 1372/458/1428
f 1372/458/1428 1368/456/1426 1366/456/1115 1370/458/1119
f 1375/460/1029 1371/458/1023 1373/458/1427 1377/460/1429
f 1377/460/1429 1373/458/1427 1372/458/1428 1376/460/1430
f 1376/460/1430 1372/458/1428 1370/458/1119 1374/460/1123
f 1379/462/1033 1375/460/1029 1377/460/1429 1381/462/1431
f 1381/462/1431 1377/460/1429 1376/460/1430 1380/462/1432
f 1380/462/1432 1376/460/1430 1374/460/1123 1378/462/1127
f 1383/465/1041 1379/462/1033 1381/462/1431 1385/465/1433
f 1385/465/1433 1381/462/1431 1380/462/1432 1384/465/1434
f 1384/465/1434 1380/462/1432 1378/462/1127 1382/465/1131
f 1387/467/1049 1383/465/1041 1385/465/1433 1389/467/1435
f 1389/467/1435 1385/465/1433 1384/465/1434 1388/467/1436
f 1388/467/1436 1384/465/1434 1382/465/1131 1386/467/1138
f 1391/14/1053 1387/467/1049 1389/467/1435 1393/14/1437
f 1393/14/1437 1389/467/1435 1388/467/1436 1392/14/1438
f 1392/14/1438 1388/467/1436 1386/467/1138 1390/14/1144
f 1395/473/1059 1391/14/1053 1393/14/1437 1397/473/1439
f 1397/473/1439 1393/14/1437 1392/14/1438 1396/473/1440
f 1396/473/1440 1392/14/1438 1390/14/1144 1394/473/1089
f 1399/475/1065 1395/473/1059 1397/473/1439 1401/475/1441
f 1401/475/1441 1397/473/1439 1396/473/1440 1400/475/1442
f 1400/475/1442 1396/473/1440 1394/473/1089 1398/475/1088
f 1403/477/1069 1399/475/1065 1401/475/1441 1405/477/1443
f 1405/477/1443 1401/475/1441 1400/475/1442 1404/477/1444
f 1404/477/1444 1400/475/1442 1398/475/1088 1402/477/1097
f 1407/479/1073 1403/477/1069 1405/477/1443 1409/479/1445
f 1409/479/1445 1405/477/1443 1404/477/1444 1408/479/1446
f 1408/479/1446 1404/477/1444 1402/477/1097 1406/479/1101
f 1411/481/1077 1407/479/1073 1409/479/1445 1413/481/1447
f 1413/481/1447 1409/479/1445 1408/479/1446 1412/481/1448
f 1412/481/1448 1408/479/1446 1406/479/1101 1410/481/1105
f 1415/454/1081 1411/481/1077 1413/481/1447 1417/454/1449
f 1417/454/1449 1413/481/1447 1412/481/1448 1416/454/1450
f 1416/454/1450 1412/481/1448 1410/481/1105 1414/454/1109
f 1419/455/1085 1415/454/1081 1417/454/1449 1421/455/1451
f 1421/455/1451 1417/454/1449 1416/454/1450 1420/455/1452
f 1420/455/1452 1416/454/1450 1414/454/1109 1418/455/1113
f 1423/457/1026 1419/455/1085 1421/455/1451 1425/457/1453
f 1425/457/1453 1421/455/1451 1420/455/1452 1424/457/1454
f 1424/457/1454 1420/455/1452 1418/455/1113 1422/457/1117
f 1427/459/1027 1423/457/1026 1425/457/1453 1429/459/1455
f 1429/459/1455 1425/457/1453 1424/457/1454 1428/459/1456
f 1428/459/1456 1424/457/1454 1422/457/1117 1426/459/1121
f 1431/461/1031 1427/459/1027 1429/459/1455 1433/461/1457
f 1433/461/1457 1429/459/1455 1428/459/1456 1432/461/1458
f 1432/461/1458 1428/459/1456 1426/459/1121 1430/461/1125
f 1435/463/1039 1431/461/1031 1433/461/1457 1437/463/1459
f 1437/463/1459 1433/461/1457 1432/461/1458 1436/463/1460
f 1436/463/1460 1432/461/1458 1430/461/1125 1434/463/1129
f 1439/466/1047 1435/463/1039 1437/463/1459 1441/466/1461
f 1441/466/1461 1437/463/1459 1436/463/1460 1440/466/1462
f 1440/466/1462 1436/463/1460 1434/463/1129 1438/466/1136
f 1443/470/1036 1439/466/1047 1441/466/1461 1445/470/1463
f 1445/470/1463 1441/466/1461 1440/466/1462 1444/470/1464
f 1444/470/1464 1440/466/1462 1438/466/1136 1442/470/1142
f 1318/472/1037 1443/470/1036 1445/470/1463 1320/656/1401
f 1320/656/1401 1445/470/1463 1444/470/1464 1321/657/1403
f 1321/657/1403 1444/470/1464 1442/470/1142 1319/472/983
f 1194/450/1062 1191/464/1034 1318/464/1037 1323/450/1063
f 1451/449/951 1446/448/408 1448/658/1465 1453/659/1466
f 1453/659/1466 1448/658/1465 1449/464/1467 1452/450/1468
f 1452/450/1468 1449/464/1467 1447/464/1469 1450/450/1470
f 1455/421/924 1451/449/951 1453/659/1466 1457/660/1471
f 1457/660/1471 1453/659/1466 1452/450/1468 1456/451/1472
f 1456/451/1472 1452/450/1468 1450/450/1470 1454/451/1473
f 1459/422/925 1455/421/924 1457/660/1471 1461/661/1474
f 1461/661/1474 1457/660/1471 1456/451/1472 1460/468/1475
f 1460/468/1475 1456/451/1472 1454/451/1473 1458/468/1476
f 1463/434/937 1459/422/925 1461/661/1474 1465/662/1477
f 1465/662/1477 1461/661/1474 1460/468/1475 1464/469/1478
f 1464/469/1478 1460/468/1475 1458/468/1476 1462/469/1479
f 1467/440/943 1463/434/937 1465/662/1477 1469/663/1480
f 1469/663/1480 1465/662/1477 1464/469/1478 1468/471/1481
f 1468/471/1481 1464/469/1478 1462/469/1479 1466/471/1482
f 1471/446/949 1467/440/943 1469/663/1480 1473/664/1483
f 1473/664/1483 1469/663/1480 1468/471/1481 1472/474/1484
f 1472/474/1484 1468/471/1481 1466/471/1482 1470/474/1485
f 1475/429/932 1471/446/949 1473/664/1483 1477/665/1486
f 1477/665/1486 1473/664/1483 1472/474/1484 1476/476/1487
f 1476/476/1487 1472/474/1484 1470/474/1485 1474/476/1488
f 1479/430/933 1475/429/932 1477/665/1486 1481/666/1489
f 1481/666/1489 1477/665/1486 1476/476/1487 1480/478/1490
f 1480/478/1490 1476/476/1487 1474/476/1488 1478/478/1491
f 1483/437/940 1479/430/933 1481/666/1489 1485/667/1492
f 1485/667/1492 1481/666/1489 1480/478/1490 1484/480/1493
f 1484/480/1493 1480/478/1490 1478/478/1491 1482/480/1494
f 1487/443/946 1483/437/940 1485/667/1492 1489/668/1495
f 1489/668/1495 1485/667/1492 1484/480/1493 1488/452/1496
f 1488/452/1496 1484/480/1493 1482/480/1494 1486/452/1497
f 1491/423/926 1487/443/946 1489/668/1495 1493/669/1498
f 1493/669/1498 1489/668/1495 1488/452/1496 1492/453/1499
f 1492/453/1499 1488/452/1496 1486/452/1497 1490/453/1500
f 1495/424/927 1491/423/926 1493/669/1498 1497/670/1501
f 1497/670/1501 1493/669/1498 1492/453/1499 1496/456/1502
f 1496/456/1502 1492/453/1499 1490/453/1500 1494/456/1503
f 1499/435/938 1495/424/927 1497/670/1501 1501/671/1504
f 1501/671/1504 1497/670/1501 1496/456/1502 1500/458/1505
f 1500/458/1505 1496/456/1502 1494/456/1503 1498/458/1506
f 1503/441/944 1499/435/938 1501/671/1504 1505/672/1507
f 1505/672/1507 1501/671/1504 1500/458/1505 1504/460/1508
f 1504/460/1508 1500/458/1505 1498/458/1506 1502/460/1509
f 1507/447/950 1503/441/944 1505/672/1507 1509/673/1510
f 1509/673/1510 1505/672/1507 1504/460/1508 1508/462/1511
f 1508/462/1511 1504/460/1508 1502/460/1509 1506/462/1512
f 1511/431/934 1507/447/950 1509/673/1510 1513/674/1513
f 1513/674/1513 1509/673/1510 1508/462/1511 1512/465/1514
f 1512/465/1514 1508/462/1511 1506/462/1512 1510/465/1515
f 1515/432/935 1511/431/934 1513/674/1513 1517/675/1516
f 1517/675/1516 1513/674/1513 1512/465/1514 1516/467/1517
f 1516/467/1517 1512/465/1514 1510/465/1515 1514/467/1518
f 1519/438/941 1515/432/935 1517/675/1516 1521/676/1519
f 1521/676/1519 1517/675/1516 1516/467/1517 1520/14/1520
f 1520/14/1520 1516/467/1517 1514/467/1518 1518/14/1521
f 1523/444/947 1519/438/941 1521/676/1519 1525/677/1522
f 1525/677/1522 1521/676/1519 1520/14/1520 1524/473/1523
f 1524/473/1523 1520/14/1520 1518/14/1521 1522/473/1524
f 1527/425/928 1523/444/947 1525/677/1522 1529/678/1525
f 1529/678/1525 1525/677/1522 1524/473/1523 1528/475/1526
f 1528/475/1526 1524/473/1523 1522/473/1524 1526/475/1527
f 1531/426/929 1527/425/928 1529/678/1525 1533/679/1528
f 1533/679/1528 1529/678/1525 1528/475/1526 1532/477/1529
f 1532/477/1529 1528/475/1526 1526/475/1527 1530/477/1530
f 1535/436/939 1531/426/929 1533/679/1528 1537/680/1531
f 1537/680/1531 1533/679/1528 1532/477/1529 1536/479/1532
f 1536/479/1532 1532/477/1529 1530/477/1530 1534/479/1533
f 1539/442/945 1535/436/939 1537/680/1531 1541/681/1534
f 1541/681/1534 1537/680/1531 1536/479/1532 1540/481/1535
f 1540/481/1535 1536/479/1532 1534/479/1533 1538/481/1536
f 1543/419/922 1539/442/945 1541/681/1534 1545/682/1537
f 1545/682/1537 1541/681/1534 1540/481/1535 1544/454/1538
f 1544/454/1538 1540/481/1535 1538/481/1536 1542/454/1539
f 1547/420/923 1543/419/922 1545/682/1537 1549/683/1540
f 1549/683/1540 1545/682/1537 1544/454/1538 1548/455/1541
f 1548/455/1541 1544/454/1538 1542/454/1539 1546/455/1542
f 1551/433/936 1547/420/923 1549/683/1540 1553/684/1543
f 1553/684/1543 1549/683/1540 1548/455/1541 1552/457/1544
f 1552/457/1544 1548/455/1541 1546/455/1542 1550/457/1545
f 1555/439/942 1551/433/936 1553/684/1543 1557/685/1546
f 1557/685/1546 1553/684/1543 1552/457/1544 1556/459/1547
f 1556/459/1547 1552/457/1544 1550/457/1545 1554/459/1548
f 1559/445/948 1555/439/942 1557/685/1546 1561/686/1549
f 1561/686/1549 1557/685/1546 1556/459/1547 1560/461/1550
f 1560/461/1550 1556/459/1547 1554/459/1548 1558/461/1551
f 1563/427/930 1559/445/948 1561/686/1549 1565/687/1552
f 1565/687/1552 1561/686/1549 1560/461/1550 1564/463/1553
f 1564/463/1553 1560/461/1550 1558/461/1551 1562/463/1554
f 1567/428/931 1563/427/930 1565/687/1552 1569/688/1555
f 1569/688/1555 1565/687/1552 1564/463/1553 1568/466/1556
f 1568/466/1556 1564/463/1553 1562/463/1554 1566/466/1557
f 1571/164/407 1567/428/931 1569/688/1555 1573/689/1558
f 1573/689/1558 1569/688/1555 1568/466/1556 1572/470/1559
f 1572/470/1559 1568/466/1556 1566/466/1557 1570/470/1560
f 1446/165/408 1571/164/407 1573/689/1558 1448/690/1465
f 1448/690/1465 1573/689/1558 1572/470/1559 1449/472/1467
f 1449/472/1467 1572/470/1559 1570/470/1560 1447/472/1469
f 1450/450/1470 1447/464/1469 1575/464/1561 1579/450/1562
f 1579/450/1562 1575/464/1561 1576/691/1563 1578/450/1564
f 1578/450/1564 1576/691/1563 1574/464/1001 1577/450/955
f 1454/451/1473 1450/450/1470 1579/450/1562 1582/451/1565
f 1582/451/1565 1579/450/1562 1578/450/1564 1581/451/1566
f 1581/451/1566 1578/450/1564 1577/450/955 1580/451/954
f 1458/468/1476 1454/451/1473 1582/451/1565 1585/468/1567
f 1585/468/1567 1582/451/1565 1581/451/1566 1584/468/1568
f 1584/468/1568 1581/451/1566 1580/451/954 1583/468/993
f 1462/469/1479 1458/468/1476 1585/468/1567 1588/469/1569
f 1588/469/1569 1585/468/1567 1584/468/1568 1587/469/1570
f 1587/469/1570 1584/468/1568 1583/468/993 1586/469/992
f 1466/471/1482 1462/469/1479 1588/469/1569 1591/471/1571
f 1591/471/1571 1588/469/1569 1587/469/1570 1590/471/1572
f 1590/471/1572 1587/469/1570 1586/469/992 1589/471/999
f 1470/474/1485 1466/471/1482 1591/471/1571 1594/474/1573
f 1594/474/1573 1591/471/1571 1590/471/1572 1593/474/1574
f 1593/474/1574 1590/471/1572 1589/471/999 1592/474/1005
f 1474/476/1488 1470/474/1485 1594/474/1573 1597/476/1575
f 1597/476/1575 1594/474/1573 1593/474/1574 1596/476/1576
f 1596/476/1576 1593/474/1574 1592/474/1005 1595/476/1009
f 1478/478/1491 1474/476/1488 1597/476/1575 1600/478/1577
f 1600/478/1577 1597/476/1575 1596/476/1576 1599/478/1578
f 1599/478/1578 1596/476/1576 1595/476/1009 1598/478/1013
f 1482/480/1494 1478/478/1491 1600/478/1577 1603/480/1579
f 1603/480/1579 1600/478/1577 1599/478/1578 1602/480/1580
f 1602/480/1580 1599/478/1578 1598/478/1013 1601/480/1017
f 1486/452/1497 1482/480/1494 1603/480/1579 1606/452/1581
f 1606/452/1581 1603/480/1579 1602/480/1580 1605/452/1582
f 1605/452/1582 1602/480/1580 1601/480/1017 1604/452/959
f 1490/453/1500 1486/452/1497 1606/452/1581 1609/453/1583
f 1609/453/1583 1606/452/1581 1605/452/1582 1608/453/1584
f 1608/453/1584 1605/452/1582 1604/452/959 1607/453/958
f 1494/456/1503 1490/453/1500 1609/453/1583 1612/456/1585
f 1612/456/1585 1609/453/1583 1608/453/1584 1611/456/1586
f 1611/456/1586 1608/453/1584 1607/453/958 1610/456/965
f 1498/458/1506 1494/456/1503 1612/456/1585 1615/458/1587
f 1615/458/1587 1612/456/1585 1611/456/1586 1614/458/1588
f 1614/458/1588 1611/456/1586 1610/456/965 1613/458/969
f 1502/460/1509 1498/458/1506 1615/458/1587 1618/460/1589
f 1618/460/1589 1615/458/1587 1614/458/1588 1617/460/1590
f 1617/460/1590 1614/458/1588 1613/458/969 1616/460/973
f 1506/462/1512 1502/460/1509 1618/460/1589 1621/462/1591
f 1621/462/1591 1618/460/1589 1617/460/1590 1620/462/1592
f 1620/462/1592 1617/460/1590 1616/460/973 1619/462/977
f 1510/465/1515 1506/462/1512 1621/462/1591 1624/465/1593
f 1624/465/1593 1621/462/1591 1620/462/1592 1623/465/1594
f 1623/465/1594 1620/462/1592 1619/462/977 1622/465/985
f 1514/467/1518 1510/465/1515 1624/465/1593 1627/467/1595
f 1627/467/1595 1624/465/1593 1623/465/1594 1626/467/1596
f 1626/467/1596 1623/465/1594 1622/465/985 1625/467/989
f 1518/14/1521 1514/467/1518 1627/467/1595 1630/14/1597
f 1630/14/1597 1627/467/1595 1626/467/1596 1629/14/1598
f 1629/14/1598 1626/467/1596 1625/467/989 1628/14/997
f 1522/473/1524 1518/14/1521 1630/14/1597 1633/473/1599
f 1633/473/1599 1630/14/1597 1629/14/1598 1632/473/1600
f 1632/473/1600 1629/14/1598 1628/14/997 1631/473/1003
f 1526/475/1527 1522/473/1524 1633/473/1599 1636/475/1601
f 1636/475/1601 1633/473/1599 1632/473/1600 1635/475/1602
f 1635/475/1602 1632/473/1600 1631/473/1003 1634/475/1007
f 1530/477/1530 1526/475/1527 1636/475/1601 1639/477/1603
f 1639/477/1603 1636/475/1601 1635/475/1602 1638/477/1604
f 1638/477/1604 1635/475/1602 1634/475/1007 1637/477/1011
f 1534/479/1533 1530/477/1530 1639/477/1603 1642/479/1605
f 1642/479/1605 1639/477/1603 1638/477/1604 1641/479/1606
f 1641/479/1606 1638/477/1604 1637/477/1011 1640/479/1015
f 1538/481/1536 1534/479/1533 1642/479/1605 1645/481/1607
f 1645/481/1607 1642/479/1605 1641/479/1606 1644/481/1608
f 1644/481/1608 1641/479/1606 1640/479/1015 1643/481/1019
f 1542/454/1539 1538/481/1536 1645/481/1607 1648/454/1609
f 1648/454/1609 1645/481/1607 1644/481/1608 1647/454/1610
f 1647/454/1610 1644/481/1608 1643/481/1019 1646/454/963
f 1546/455/1542 1542/454/1539 1648/454/1609 1651/455/1611
f 1651/455/1611 1648/454/1609 1647/454/1610 1650/455/1612
f 1650/455/1612 1647/454/1610 1646/454/963 1649/455/962
f 1550/457/1545 1546/455/1542 1651/455/1611 1654/457/1613
f 1654/457/1613 1651/455/1611 1650/455/1612 1653/457/1614
f 1653/457/1614 1650/455/1612 1649/455/962 1652/457/967
f 1554/459/1548 1550/457/1545 1654/457/1613 1657/459/1615
f 1657/459/1615 1654/457/1613 1653/457/1614 1656/459/1616
f 1656/459/1616 1653/457/1614 1652/457/967 1655/459/971
f 1558/461/1551 1554/459/1548 1657/459/1615 1660/461/1617
f 1660/461/1617 1657/459/1615 1656/459/1616 1659/461/1618
f 1659/461/1618 1656/459/1616 1655/459/971 1658/461/975
f 1562/463/1554 1558/461/1551 1660/461/1617 1663/463/1619
f 1663/463/1619 1660/461/1617 1659/461/1618 1662/463/1620
f 1662/463/1620 1659/461/1618 1658/461/975 1661/463/979
f 1566/466/1557 1562/463/1554 1663/463/1619 1666/466/1621
f 1666/466/1621 1663/463/1619 1662/463/1620 1665/466/1622
f 1665/466/1622 1662/463/1620 1661/463/979 1664/466/987
f 1570/470/1560 1566/466/1557 1666/466/1621 1669/470/1623
f 1669/470/1623 1666/466/1621 1665/466/1622 1668/470/1624
f 1668/470/1624 1665/466/1622 1664/466/987 1667/470/995
f 1447/472/1469 1570/470/1560 1669/470/1623 1575/472/1561
f 1575/472/1561 1669/470/1623 1668/470/1624 1576/692/1563
f 1576/692/1563 1668/470/1624 1667/470/995 1574/472/1001
f 1283/481/1018 1287/454/960 1646/454/963 1643/481/1019
f 1190/464/1000 1195/450/952 1577/450/955 1574/464/1001
